Date,TrafficSource,PagePath,PageName,Users,Sessions,Pageviews,BounceRate,AvgSessionDurationSec,PagesPerSession,Conversions,GoalCompletions
2025-01-01,Organic Search,/,Home,49,58,166,0.3229,119.4,2.86,4,1
2025-01-01,Organic Search,/products,Products,24,31,129,0.4067,167.3,4.16,1,1
2025-01-01,Organic Search,/pricing,Pricing,16,23,81,0.3527,198.3,3.51,1,4
2025-01-01,Organic Search,/blog,Blog,30,35,104,0.4589,183.6,2.98,0,2
2025-01-01,Organic Search,/product-a,Product A,25,27,106,0.3093,171.5,3.91,0,0
2025-01-01,Organic Search,/product-b,Product B,13,18,70,0.389,226.0,3.87,2,2
2025-01-01,Organic Search,/contact,Contact,10,14,44,0.3123,172.8,3.14,0,1
2025-01-01,Organic Search,/signup,Signup,17,20,50,0.1808,148.5,2.48,1,1
2025-01-01,Organic Search,/checkout,Checkout,14,18,52,0.08,188.3,2.88,2,2
2025-01-01,Organic Search,/thank-you,Thank You,4,7,19,0.1023,195.0,2.7,1,0
2025-01-01,Paid Search,/,Home,15,20,46,0.5814,110.0,2.28,1,1
2025-01-01,Paid Search,/products,Products,15,21,50,0.4382,111.6,2.4,1,0
2025-01-01,Paid Search,/pricing,Pricing,8,12,35,0.4268,183.3,2.95,0,1
2025-01-01,Paid Search,/blog,Blog,9,13,31,0.5006,90.1,2.4,1,0
2025-01-01,Paid Search,/product-a,Product A,14,16,46,0.4843,127.3,2.9,0,2
2025-01-01,Paid Search,/product-b,Product B,6,9,24,0.4761,168.3,2.7,1,1
2025-01-01,Paid Search,/contact,Contact,7,9,19,0.3613,181.1,2.08,0,0
2025-01-01,Paid Search,/signup,Signup,4,6,18,0.3501,137.5,2.93,1,0
2025-01-01,Paid Search,/checkout,Checkout,9,11,23,0.1974,182.2,2.09,3,1
2025-01-01,Paid Search,/thank-you,Thank You,3,5,12,0.3498,227.0,2.41,1,0
2025-01-01,Direct,/,Home,22,27,85,0.4433,145.1,3.13,2,0
2025-01-01,Direct,/products,Products,15,22,94,0.3708,148.1,4.28,1,0
2025-01-01,Direct,/pricing,Pricing,14,20,89,0.2821,159.6,4.46,2,2
2025-01-01,Direct,/blog,Blog,14,16,41,0.5431,144.5,2.58,2,0
2025-01-01,Direct,/product-a,Product A,7,10,42,0.3033,191.0,4.19,1,1
2025-01-01,Direct,/product-b,Product B,9,12,47,0.4032,170.6,3.95,0,1
2025-01-01,Direct,/contact,Contact,8,9,31,0.2179,207.8,3.46,0,0
2025-01-01,Direct,/signup,Signup,11,13,38,0.3243,118.7,2.92,3,1
2025-01-01,Direct,/checkout,Checkout,5,8,23,0.3044,188.2,2.92,0,1
2025-01-01,Direct,/thank-you,Thank You,5,7,21,0.1173,138.3,3.06,1,0
2025-01-01,Referral,/,Home,17,22,72,0.3803,215.1,3.27,3,1
2025-01-01,Referral,/products,Products,10,15,49,0.3345,186.2,3.26,0,1
2025-01-01,Referral,/pricing,Pricing,9,11,34,0.2088,204.9,3.07,1,0
2025-01-01,Referral,/blog,Blog,6,7,20,0.4008,104.8,2.92,0,1
2025-01-01,Referral,/product-a,Product A,7,9,26,0.2474,211.7,2.92,0,0
2025-01-01,Referral,/product-b,Product B,4,5,16,0.4202,316.7,3.21,0,0
2025-01-01,Referral,/contact,Contact,5,7,23,0.2053,207.2,3.22,0,0
2025-01-01,Referral,/signup,Signup,2,4,11,0.144,188.1,2.72,0,1
2025-01-01,Referral,/checkout,Checkout,3,5,13,0.1432,215.0,2.64,0,0
2025-01-01,Referral,/thank-you,Thank You,1,2,5,0.1844,193.5,2.62,0,0
2025-01-01,Organic Social,/,Home,11,17,38,0.6588,33.9,2.26,1,2
2025-01-01,Organic Social,/products,Products,10,12,31,0.5531,84.8,2.55,0,0
2025-01-01,Organic Social,/pricing,Pricing,6,8,22,0.4758,136.2,2.75,0,0
2025-01-01,Organic Social,/blog,Blog,5,7,11,0.578,125.2,1.64,0,0
2025-01-01,Organic Social,/product-a,Product A,5,6,19,0.565,190.6,3.19,0,0
2025-01-01,Organic Social,/product-b,Product B,5,6,14,0.5222,132.3,2.25,0,0
2025-01-01,Organic Social,/contact,Contact,4,5,11,0.4542,136.0,2.18,0,0
2025-01-01,Organic Social,/signup,Signup,5,7,18,0.3197,76.9,2.56,1,1
2025-01-01,Organic Social,/checkout,Checkout,4,6,12,0.297,106.5,1.96,0,0
2025-01-01,Organic Social,/thank-you,Thank You,1,2,5,0.3243,109.5,2.61,0,1
2025-01-01,Paid Social,/,Home,5,8,11,0.6921,111.6,1.31,0,0
2025-01-01,Paid Social,/products,Products,8,10,23,0.6062,51.8,2.33,0,0
2025-01-01,Paid Social,/pricing,Pricing,5,7,14,0.5225,168.9,2.03,1,0
2025-01-01,Paid Social,/blog,Blog,4,6,12,0.7897,112.0,2.02,0,0
2025-01-01,Paid Social,/product-a,Product A,4,6,15,0.6663,101.0,2.45,0,0
2025-01-01,Paid Social,/product-b,Product B,2,3,8,0.5324,132.4,2.66,0,0
2025-01-01,Paid Social,/contact,Contact,4,5,10,0.4617,98.1,1.95,2,0
2025-01-01,Paid Social,/signup,Signup,3,5,6,0.4438,100.6,1.25,0,0
2025-01-01,Paid Social,/checkout,Checkout,2,3,5,0.4413,107.7,1.54,0,0
2025-01-01,Paid Social,/thank-you,Thank You,1,2,4,0.22,58.3,1.97,0,0
2025-01-01,Email,/,Home,8,12,40,0.3138,252.4,3.35,2,0
2025-01-01,Email,/products,Products,5,7,35,0.2585,233.1,4.96,1,0
2025-01-01,Email,/pricing,Pricing,3,5,23,0.2121,175.9,4.56,0,0
2025-01-01,Email,/blog,Blog,5,7,24,0.4257,198.4,3.46,0,2
2025-01-01,Email,/product-a,Product A,3,4,19,0.324,228.4,4.66,0,0
2025-01-01,Email,/product-b,Product B,2,3,13,0.3946,242.4,4.18,0,0
2025-01-01,Email,/contact,Contact,2,3,8,0.1988,175.8,2.51,0,0
2025-01-01,Email,/signup,Signup,1,2,6,0.2362,243.7,2.82,0,1
2025-01-01,Email,/checkout,Checkout,2,3,11,0.1372,228.1,3.83,0,1
2025-01-01,Email,/thank-you,Thank You,1,1,4,0.136,208.2,3.59,0,0
2025-01-02,Organic Search,/,Home,69,77,230,0.4799,203.0,2.98,2,3
2025-01-02,Organic Search,/products,Products,36,48,125,0.2501,153.3,2.6,4,2
2025-01-02,Organic Search,/pricing,Pricing,27,33,110,0.2098,96.2,3.33,5,3
2025-01-02,Organic Search,/blog,Blog,39,46,131,0.3863,154.6,2.85,0,1
2025-01-02,Organic Search,/product-a,Product A,32,45,199,0.2987,231.4,4.41,2,4
2025-01-02,Organic Search,/product-b,Product B,35,49,212,0.4342,184.5,4.33,3,2
2025-01-02,Organic Search,/contact,Contact,21,30,91,0.2035,149.3,3.03,0,1
2025-01-02,Organic Search,/signup,Signup,29,35,68,0.08,137.5,1.96,5,5
2025-01-02,Organic Search,/checkout,Checkout,29,35,80,0.1704,207.1,2.3,3,3
2025-01-02,Organic Search,/thank-you,Thank You,17,22,61,0.1478,236.2,2.76,4,3
2025-01-02,Paid Search,/,Home,43,54,117,0.5092,93.9,2.16,5,4
2025-01-02,Paid Search,/products,Products,24,32,86,0.5044,119.4,2.67,1,1
2025-01-02,Paid Search,/pricing,Pricing,21,32,99,0.4157,128.5,3.09,5,2
2025-01-02,Paid Search,/blog,Blog,31,36,58,0.6018,40.7,1.62,3,4
2025-01-02,Paid Search,/product-a,Product A,18,21,65,0.3694,130.7,3.12,3,4
2025-01-02,Paid Search,/product-b,Product B,17,20,56,0.3509,115.2,2.79,1,4
2025-01-02,Paid Search,/contact,Contact,18,20,57,0.3909,104.8,2.84,1,2
2025-01-02,Paid Search,/signup,Signup,28,32,79,0.3269,66.0,2.47,1,5
2025-01-02,Paid Search,/checkout,Checkout,21,24,61,0.2316,115.1,2.56,0,2
2025-01-02,Paid Search,/thank-you,Thank You,11,13,25,0.2319,134.4,1.89,0,1
2025-01-02,Direct,/,Home,57,78,302,0.3352,206.4,3.87,2,4
2025-01-02,Direct,/products,Products,33,44,162,0.3886,111.0,3.69,1,3
2025-01-02,Direct,/pricing,Pricing,39,42,140,0.3503,173.2,3.33,2,7
2025-01-02,Direct,/blog,Blog,39,47,166,0.5299,136.3,3.52,0,2
2025-01-02,Direct,/product-a,Product A,16,23,80,0.3992,154.6,3.49,0,1
2025-01-02,Direct,/product-b,Product B,32,37,124,0.3359,173.0,3.36,0,1
2025-01-02,Direct,/contact,Contact,25,31,85,0.1461,177.5,2.74,0,1
2025-01-02,Direct,/signup,Signup,17,24,67,0.383,164.7,2.79,3,2
2025-01-02,Direct,/checkout,Checkout,21,23,54,0.1887,169.8,2.36,2,1
2025-01-02,Direct,/thank-you,Thank You,13,15,46,0.1888,141.4,3.08,3,0
2025-01-02,Referral,/,Home,14,21,75,0.3451,173.0,3.56,0,0
2025-01-02,Referral,/products,Products,11,17,69,0.2614,148.1,4.08,1,1
2025-01-02,Referral,/pricing,Pricing,5,8,30,0.1979,214.6,3.69,0,0
2025-01-02,Referral,/blog,Blog,13,15,53,0.3787,176.6,3.56,0,1
2025-01-02,Referral,/product-a,Product A,11,15,48,0.317,241.9,3.23,1,1
2025-01-02,Referral,/product-b,Product B,4,7,27,0.2987,224.7,3.88,0,0
2025-01-02,Referral,/contact,Contact,5,6,15,0.2801,221.6,2.49,1,0
2025-01-02,Referral,/signup,Signup,10,13,33,0.191,167.0,2.55,1,4
2025-01-02,Referral,/checkout,Checkout,7,9,23,0.2471,254.8,2.54,0,2
2025-01-02,Referral,/thank-you,Thank You,3,5,17,0.1281,205.9,3.32,0,0
2025-01-02,Organic Social,/,Home,13,16,40,0.7309,155.5,2.48,1,0
2025-01-02,Organic Social,/products,Products,7,11,29,0.4844,108.9,2.63,2,0
2025-01-02,Organic Social,/pricing,Pricing,6,7,19,0.5437,130.4,2.72,0,0
2025-01-02,Organic Social,/blog,Blog,10,14,29,0.6252,51.2,2.06,0,1
2025-01-02,Organic Social,/product-a,Product A,5,7,18,0.5936,165.9,2.62,0,0
2025-01-02,Organic Social,/product-b,Product B,6,8,20,0.6172,168.5,2.53,1,0
2025-01-02,Organic Social,/contact,Contact,4,7,11,0.4153,103.9,1.55,0,1
2025-01-02,Organic Social,/signup,Signup,6,8,12,0.4064,55.1,1.56,0,1
2025-01-02,Organic Social,/checkout,Checkout,6,9,16,0.243,64.8,1.81,0,0
2025-01-02,Organic Social,/thank-you,Thank You,4,5,6,0.3438,149.7,1.24,1,1
2025-01-02,Paid Social,/,Home,13,18,46,0.7802,70.2,2.55,0,1
2025-01-02,Paid Social,/products,Products,17,23,65,0.6119,193.3,2.83,0,0
2025-01-02,Paid Social,/pricing,Pricing,13,17,43,0.5845,118.1,2.54,0,0
2025-01-02,Paid Social,/blog,Blog,13,18,18,0.75,47.6,1.0,1,1
2025-01-02,Paid Social,/product-a,Product A,8,11,23,0.4895,102.8,2.11,0,0
2025-01-02,Paid Social,/product-b,Product B,9,10,14,0.5838,50.8,1.42,0,0
2025-01-02,Paid Social,/contact,Contact,9,11,11,0.5035,115.2,1.04,1,0
2025-01-02,Paid Social,/signup,Signup,5,7,7,0.4041,20.0,1.0,0,0
2025-01-02,Paid Social,/checkout,Checkout,5,7,9,0.3913,153.7,1.26,0,0
2025-01-02,Paid Social,/thank-you,Thank You,3,4,10,0.3662,76.8,2.39,1,0
2025-01-02,Email,/,Home,8,12,42,0.2954,178.7,3.5,1,0
2025-01-02,Email,/products,Products,11,13,62,0.3662,223.5,4.78,0,0
2025-01-02,Email,/pricing,Pricing,10,11,55,0.1857,234.2,5.04,1,1
2025-01-02,Email,/blog,Blog,6,9,35,0.4004,220.7,3.88,2,0
2025-01-02,Email,/product-a,Product A,5,8,36,0.2547,272.9,4.53,2,0
2025-01-02,Email,/product-b,Product B,5,7,30,0.2874,227.6,4.27,2,1
2025-01-02,Email,/contact,Contact,5,7,19,0.2071,221.7,2.72,0,0
2025-01-02,Email,/signup,Signup,6,8,33,0.1199,219.3,4.11,3,1
2025-01-02,Email,/checkout,Checkout,4,6,18,0.08,231.0,2.93,1,0
2025-01-02,Email,/thank-you,Thank You,1,2,6,0.08,226.6,2.8,1,0
2025-01-03,Organic Search,/,Home,54,59,187,0.3482,173.0,3.17,4,1
2025-01-03,Organic Search,/products,Products,37,41,165,0.3418,148.1,4.04,4,2
2025-01-03,Organic Search,/pricing,Pricing,27,35,128,0.3212,226.8,3.66,3,2
2025-01-03,Organic Search,/blog,Blog,30,40,112,0.4551,187.2,2.8,0,3
2025-01-03,Organic Search,/product-a,Product A,28,34,147,0.3627,156.8,4.32,2,3
2025-01-03,Organic Search,/product-b,Product B,16,19,65,0.3531,190.4,3.43,0,1
2025-01-03,Organic Search,/contact,Contact,19,27,71,0.297,91.2,2.62,1,1
2025-01-03,Organic Search,/signup,Signup,19,26,66,0.2713,172.1,2.55,0,3
2025-01-03,Organic Search,/checkout,Checkout,22,27,85,0.1465,228.2,3.14,2,3
2025-01-03,Organic Search,/thank-you,Thank You,10,12,30,0.0843,134.9,2.53,3,3
2025-01-03,Paid Search,/,Home,49,56,85,0.5466,210.6,1.51,2,4
2025-01-03,Paid Search,/products,Products,20,28,104,0.4867,119.6,3.73,2,3
2025-01-03,Paid Search,/pricing,Pricing,12,18,67,0.3357,175.9,3.72,0,2
2025-01-03,Paid Search,/blog,Blog,15,20,46,0.4844,93.0,2.31,1,1
2025-01-03,Paid Search,/product-a,Product A,28,31,100,0.4546,154.7,3.22,1,4
2025-01-03,Paid Search,/product-b,Product B,14,21,60,0.3574,182.9,2.86,1,1
2025-01-03,Paid Search,/contact,Contact,16,19,57,0.3206,167.9,2.99,1,4
2025-01-03,Paid Search,/signup,Signup,12,16,39,0.3368,145.9,2.46,1,3
2025-01-03,Paid Search,/checkout,Checkout,17,20,59,0.3582,189.4,2.94,3,3
2025-01-03,Paid Search,/thank-you,Thank You,8,12,24,0.2347,164.7,2.02,1,0
2025-01-03,Direct,/,Home,16,21,52,0.4659,143.6,2.46,2,0
2025-01-03,Direct,/products,Products,15,17,52,0.3463,140.8,3.06,0,0
2025-01-03,Direct,/pricing,Pricing,14,19,65,0.3422,181.9,3.4,0,0
2025-01-03,Direct,/blog,Blog,11,15,43,0.5209,174.2,2.84,0,0
2025-01-03,Direct,/product-a,Product A,15,20,62,0.4378,194.5,3.12,0,1
2025-01-03,Direct,/product-b,Product B,15,17,48,0.2429,135.4,2.81,1,0
2025-01-03,Direct,/contact,Contact,10,13,46,0.2483,236.0,3.5,0,0
2025-01-03,Direct,/signup,Signup,11,14,36,0.233,115.1,2.56,2,1
2025-01-03,Direct,/checkout,Checkout,7,10,30,0.245,138.8,3.03,1,0
2025-01-03,Direct,/thank-you,Thank You,2,4,12,0.151,162.8,2.91,1,0
2025-01-03,Referral,/,Home,22,33,79,0.516,248.6,2.39,2,1
2025-01-03,Referral,/products,Products,8,12,45,0.2908,194.7,3.75,1,0
2025-01-03,Referral,/pricing,Pricing,7,11,47,0.3969,225.4,4.24,0,2
2025-01-03,Referral,/blog,Blog,14,20,38,0.3573,116.6,1.88,0,3
2025-01-03,Referral,/product-a,Product A,13,15,50,0.3247,242.4,3.35,0,0
2025-01-03,Referral,/product-b,Product B,10,13,42,0.344,195.8,3.24,1,1
2025-01-03,Referral,/contact,Contact,8,11,33,0.2396,152.3,3.01,0,0
2025-01-03,Referral,/signup,Signup,6,7,19,0.0999,238.9,2.73,1,1
2025-01-03,Referral,/checkout,Checkout,10,11,38,0.1297,160.4,3.48,1,1
2025-01-03,Referral,/thank-you,Thank You,4,5,15,0.08,207.1,2.98,0,0
2025-01-03,Organic Social,/,Home,16,22,38,0.6032,93.3,1.74,1,2
2025-01-03,Organic Social,/products,Products,14,17,41,0.6422,145.7,2.41,1,0
2025-01-03,Organic Social,/pricing,Pricing,4,7,17,0.5872,142.7,2.49,0,0
2025-01-03,Organic Social,/blog,Blog,11,14,16,0.6736,103.8,1.14,1,0
2025-01-03,Organic Social,/product-a,Product A,9,12,18,0.5037,116.2,1.54,0,1
2025-01-03,Organic Social,/product-b,Product B,10,12,32,0.4706,96.2,2.63,0,0
2025-01-03,Organic Social,/contact,Contact,8,10,13,0.4349,20.0,1.3,0,0
2025-01-03,Organic Social,/signup,Signup,6,9,18,0.4383,71.4,2.0,0,1
2025-01-03,Organic Social,/checkout,Checkout,4,5,7,0.2809,171.7,1.42,0,0
2025-01-03,Organic Social,/thank-you,Thank You,3,5,5,0.378,105.3,1.01,0,0
2025-01-03,Paid Social,/,Home,10,11,28,0.6862,96.4,2.53,0,0
2025-01-03,Paid Social,/products,Products,11,14,37,0.5421,97.0,2.62,0,2
2025-01-03,Paid Social,/pricing,Pricing,6,10,23,0.4861,149.1,2.35,0,1
2025-01-03,Paid Social,/blog,Blog,7,11,20,0.7533,149.0,1.83,0,1
2025-01-03,Paid Social,/product-a,Product A,6,8,12,0.5473,149.1,1.53,0,0
2025-01-03,Paid Social,/product-b,Product B,4,5,14,0.6597,160.6,2.88,0,1
2025-01-03,Paid Social,/contact,Contact,5,6,11,0.4885,94.8,1.88,0,1
2025-01-03,Paid Social,/signup,Signup,6,8,12,0.258,70.9,1.52,0,0
2025-01-03,Paid Social,/checkout,Checkout,2,3,4,0.4302,84.9,1.26,0,0
2025-01-03,Paid Social,/thank-you,Thank You,1,2,3,0.4717,103.1,1.51,1,1
2025-01-03,Email,/,Home,4,6,22,0.3305,184.7,3.65,1,0
2025-01-03,Email,/products,Products,5,7,23,0.2549,283.0,3.32,2,0
2025-01-03,Email,/pricing,Pricing,2,3,12,0.2797,274.0,4.11,0,0
2025-01-03,Email,/blog,Blog,3,4,15,0.4109,173.1,3.71,0,1
2025-01-03,Email,/product-a,Product A,2,3,10,0.2043,209.6,3.28,0,0
2025-01-03,Email,/product-b,Product B,2,3,11,0.1952,279.2,3.77,0,0
2025-01-03,Email,/contact,Contact,1,2,8,0.1974,286.4,4.06,1,0
2025-01-03,Email,/signup,Signup,1,2,8,0.1137,191.2,4.03,0,1
2025-01-03,Email,/checkout,Checkout,2,3,9,0.1214,273.7,2.94,0,0
2025-01-03,Email,/thank-you,Thank You,1,2,5,0.08,157.4,2.59,1,0
2025-01-04,Organic Search,/,Home,41,48,185,0.4286,159.3,3.85,5,1
2025-01-04,Organic Search,/products,Products,18,24,90,0.3938,169.0,3.76,2,0
2025-01-04,Organic Search,/pricing,Pricing,15,19,63,0.3197,206.3,3.29,0,1
2025-01-04,Organic Search,/blog,Blog,20,30,67,0.4138,176.3,2.22,2,1
2025-01-04,Organic Search,/product-a,Product A,20,27,94,0.4195,211.6,3.49,1,1
2025-01-04,Organic Search,/product-b,Product B,15,20,77,0.3579,202.4,3.87,0,1
2025-01-04,Organic Search,/contact,Contact,10,12,32,0.2171,210.9,2.64,1,4
2025-01-04,Organic Search,/signup,Signup,17,19,63,0.1887,150.1,3.34,0,0
2025-01-04,Organic Search,/checkout,Checkout,12,15,49,0.2133,210.8,3.29,2,0
2025-01-04,Organic Search,/thank-you,Thank You,6,7,25,0.08,132.4,3.56,2,0
2025-01-04,Paid Search,/,Home,22,27,49,0.5258,62.7,1.8,1,1
2025-01-04,Paid Search,/products,Products,11,17,39,0.4251,112.2,2.31,1,0
2025-01-04,Paid Search,/pricing,Pricing,10,12,37,0.3913,146.3,3.07,1,1
2025-01-04,Paid Search,/blog,Blog,11,15,38,0.5102,130.7,2.56,0,0
2025-01-04,Paid Search,/product-a,Product A,16,19,45,0.4392,109.1,2.37,0,1
2025-01-04,Paid Search,/product-b,Product B,11,17,56,0.5214,154.6,3.28,0,1
2025-01-04,Paid Search,/contact,Contact,10,13,26,0.4166,90.5,1.97,0,2
2025-01-04,Paid Search,/signup,Signup,12,14,33,0.3227,140.8,2.36,3,1
2025-01-04,Paid Search,/checkout,Checkout,11,13,19,0.348,204.3,1.49,0,2
2025-01-04,Paid Search,/thank-you,Thank You,4,5,12,0.2169,111.6,2.34,0,0
2025-01-04,Direct,/,Home,32,41,113,0.6549,87.8,2.76,0,1
2025-01-04,Direct,/products,Products,21,24,95,0.4705,156.7,3.97,2,0
2025-01-04,Direct,/pricing,Pricing,9,10,35,0.2668,155.9,3.47,0,1
2025-01-04,Direct,/blog,Blog,21,25,62,0.5784,150.3,2.5,1,2
2025-01-04,Direct,/product-a,Product A,13,18,62,0.4189,132.8,3.43,1,1
2025-01-04,Direct,/product-b,Product B,9,11,40,0.3596,229.6,3.67,1,0
2025-01-04,Direct,/contact,Contact,7,8,21,0.1944,176.3,2.66,2,0
2025-01-04,Direct,/signup,Signup,10,13,35,0.3115,125.6,2.71,2,1
2025-01-04,Direct,/checkout,Checkout,10,13,37,0.1241,189.7,2.83,2,1
2025-01-04,Direct,/thank-you,Thank You,5,6,11,0.1264,140.2,1.85,1,1
2025-01-04,Referral,/,Home,11,15,44,0.3677,188.7,2.93,2,0
2025-01-04,Referral,/products,Products,14,19,60,0.2371,161.4,3.18,1,2
2025-01-04,Referral,/pricing,Pricing,6,9,32,0.2722,175.5,3.55,1,1
2025-01-04,Referral,/blog,Blog,11,14,49,0.4128,189.1,3.51,2,2
2025-01-04,Referral,/product-a,Product A,8,10,39,0.2932,179.6,3.86,2,0
2025-01-04,Referral,/product-b,Product B,4,6,21,0.3728,166.1,3.47,2,0
2025-01-04,Referral,/contact,Contact,4,5,15,0.1882,182.6,3.02,1,0
2025-01-04,Referral,/signup,Signup,7,9,21,0.129,212.0,2.32,0,2
2025-01-04,Referral,/checkout,Checkout,4,6,14,0.2286,232.7,2.34,1,2
2025-01-04,Referral,/thank-you,Thank You,2,3,8,0.08,211.2,2.61,1,0
2025-01-04,Organic Social,/,Home,13,16,21,0.7326,174.4,1.28,0,0
2025-01-04,Organic Social,/products,Products,12,15,38,0.4866,58.2,2.53,0,0
2025-01-04,Organic Social,/pricing,Pricing,7,9,18,0.4629,132.5,1.95,0,0
2025-01-04,Organic Social,/blog,Blog,12,15,38,0.6826,55.7,2.53,0,0
2025-01-04,Organic Social,/product-a,Product A,8,9,28,0.5713,172.5,3.15,0,0
2025-01-04,Organic Social,/product-b,Product B,4,6,15,0.5395,139.6,2.45,0,0
2025-01-04,Organic Social,/contact,Contact,5,7,12,0.4162,79.5,1.78,0,0
2025-01-04,Organic Social,/signup,Signup,6,7,13,0.2747,111.7,1.8,0,1
2025-01-04,Organic Social,/checkout,Checkout,6,9,17,0.3864,129.8,1.89,0,3
2025-01-04,Organic Social,/thank-you,Thank You,4,5,11,0.3044,21.2,2.18,0,0
2025-01-04,Paid Social,/,Home,11,15,22,0.7635,51.3,1.49,1,0
2025-01-04,Paid Social,/products,Products,8,10,25,0.6247,85.1,2.51,0,0
2025-01-04,Paid Social,/pricing,Pricing,5,7,12,0.5307,147.8,1.65,0,0
2025-01-04,Paid Social,/blog,Blog,9,12,15,0.6869,105.1,1.28,0,0
2025-01-04,Paid Social,/product-a,Product A,4,6,18,0.5285,111.1,2.92,0,0
2025-01-04,Paid Social,/product-b,Product B,4,6,15,0.6648,152.8,2.54,0,0
2025-01-04,Paid Social,/contact,Contact,6,8,11,0.5041,112.5,1.32,0,0
2025-01-04,Paid Social,/signup,Signup,7,9,21,0.4738,145.3,2.31,0,0
2025-01-04,Paid Social,/checkout,Checkout,4,5,9,0.4161,46.7,1.73,0,0
2025-01-04,Paid Social,/thank-you,Thank You,3,4,4,0.4215,54.6,1.03,0,0
2025-01-04,Email,/,Home,5,7,21,0.333,167.3,3.02,0,2
2025-01-04,Email,/products,Products,2,3,13,0.2103,206.1,4.17,1,1
2025-01-04,Email,/pricing,Pricing,4,5,23,0.2531,137.9,4.7,0,0
2025-01-04,Email,/blog,Blog,3,5,19,0.312,166.7,3.81,1,0
2025-01-04,Email,/product-a,Product A,3,4,18,0.225,204.4,4.53,0,0
2025-01-04,Email,/product-b,Product B,2,3,15,0.3476,192.7,4.9,0,1
2025-01-04,Email,/contact,Contact,1,2,5,0.1035,208.3,2.69,1,0
2025-01-04,Email,/signup,Signup,1,2,9,0.08,174.5,4.3,1,0
2025-01-04,Email,/checkout,Checkout,1,2,8,0.1129,204.1,3.75,1,0
2025-01-04,Email,/thank-you,Thank You,1,1,3,0.08,195.5,3.18,0,0
2025-01-05,Organic Search,/,Home,29,38,108,0.4258,154.3,2.85,2,2
2025-01-05,Organic Search,/products,Products,21,31,119,0.373,220.1,3.84,1,3
2025-01-05,Organic Search,/pricing,Pricing,14,18,67,0.2528,189.9,3.7,0,1
2025-01-05,Organic Search,/blog,Blog,14,16,53,0.5127,173.1,3.28,1,0
2025-01-05,Organic Search,/product-a,Product A,20,24,81,0.3082,277.5,3.37,1,1
2025-01-05,Organic Search,/product-b,Product B,8,11,33,0.4174,196.7,3.04,1,0
2025-01-05,Organic Search,/contact,Contact,12,13,47,0.2995,164.6,3.6,0,1
2025-01-05,Organic Search,/signup,Signup,8,11,26,0.2286,165.5,2.41,0,1
2025-01-05,Organic Search,/checkout,Checkout,13,17,49,0.2139,108.9,2.9,2,5
2025-01-05,Organic Search,/thank-you,Thank You,4,6,19,0.1062,169.0,3.17,1,0
2025-01-05,Paid Search,/,Home,22,29,53,0.5796,192.1,1.82,1,3
2025-01-05,Paid Search,/products,Products,19,26,88,0.4661,85.7,3.38,1,0
2025-01-05,Paid Search,/pricing,Pricing,12,14,39,0.4032,180.4,2.75,1,1
2025-01-05,Paid Search,/blog,Blog,22,24,57,0.6833,134.6,2.39,1,0
2025-01-05,Paid Search,/product-a,Product A,12,19,54,0.4718,153.1,2.83,0,0
2025-01-05,Paid Search,/product-b,Product B,7,11,33,0.4156,115.0,2.98,0,0
2025-01-05,Paid Search,/contact,Contact,7,10,23,0.3832,84.6,2.28,3,2
2025-01-05,Paid Search,/signup,Signup,11,14,32,0.2622,141.4,2.3,3,4
2025-01-05,Paid Search,/checkout,Checkout,9,11,20,0.3271,190.5,1.8,0,5
2025-01-05,Paid Search,/thank-you,Thank You,5,8,16,0.1872,152.0,2.06,2,1
2025-01-05,Direct,/,Home,22,30,92,0.5034,167.4,3.06,0,1
2025-01-05,Direct,/products,Products,25,28,106,0.4065,157.5,3.79,0,1
2025-01-05,Direct,/pricing,Pricing,14,20,90,0.3383,191.8,4.5,1,1
2025-01-05,Direct,/blog,Blog,23,31,86,0.6603,136.8,2.76,2,0
2025-01-05,Direct,/product-a,Product A,15,21,70,0.3991,229.1,3.35,2,0
2025-01-05,Direct,/product-b,Product B,14,17,66,0.3483,152.0,3.87,0,1
2025-01-05,Direct,/contact,Contact,10,12,33,0.2492,112.4,2.71,0,0
2025-01-05,Direct,/signup,Signup,15,18,38,0.1954,131.7,2.13,7,2
2025-01-05,Direct,/checkout,Checkout,14,18,72,0.2563,228.7,4.01,3,4
2025-01-05,Direct,/thank-you,Thank You,5,7,14,0.1053,139.5,1.99,2,0
2025-01-05,Referral,/,Home,11,16,50,0.3776,254.2,3.12,0,3
2025-01-05,Referral,/products,Products,17,19,91,0.3127,163.6,4.81,1,1
2025-01-05,Referral,/pricing,Pricing,6,8,23,0.2622,221.1,2.87,0,1
2025-01-05,Referral,/blog,Blog,10,13,40,0.4076,173.8,3.05,1,3
2025-01-05,Referral,/product-a,Product A,10,12,43,0.3263,236.4,3.58,1,3
2025-01-05,Referral,/product-b,Product B,6,9,34,0.258,215.5,3.81,0,1
2025-01-05,Referral,/contact,Contact,8,10,26,0.1739,183.0,2.6,1,0
2025-01-05,Referral,/signup,Signup,6,9,29,0.2912,189.7,3.24,0,1
2025-01-05,Referral,/checkout,Checkout,6,9,27,0.08,213.6,2.95,0,1
2025-01-05,Referral,/thank-you,Thank You,5,6,19,0.08,213.0,3.25,0,1
2025-01-05,Organic Social,/,Home,6,8,17,0.5678,92.0,2.14,0,0
2025-01-05,Organic Social,/products,Products,6,8,23,0.5648,133.0,2.88,2,0
2025-01-05,Organic Social,/pricing,Pricing,4,6,17,0.5187,157.6,2.9,0,0
2025-01-05,Organic Social,/blog,Blog,6,10,23,0.6046,117.1,2.25,0,2
2025-01-05,Organic Social,/product-a,Product A,3,5,16,0.4972,60.6,3.22,0,0
2025-01-05,Organic Social,/product-b,Product B,3,4,15,0.5618,154.4,3.74,0,0
2025-01-05,Organic Social,/contact,Contact,2,3,7,0.5222,80.1,2.38,0,0
2025-01-05,Organic Social,/signup,Signup,4,6,8,0.3716,77.8,1.35,0,0
2025-01-05,Organic Social,/checkout,Checkout,3,4,10,0.4861,130.5,2.45,0,1
2025-01-05,Organic Social,/thank-you,Thank You,1,1,2,0.3234,112.4,1.98,0,0
2025-01-05,Paid Social,/,Home,10,13,21,0.7455,121.9,1.61,0,0
2025-01-05,Paid Social,/products,Products,10,12,23,0.6002,117.0,1.95,0,0
2025-01-05,Paid Social,/pricing,Pricing,2,4,11,0.5351,213.9,2.82,0,0
2025-01-05,Paid Social,/blog,Blog,7,8,16,0.5867,75.4,2.01,1,0
2025-01-05,Paid Social,/product-a,Product A,3,5,14,0.615,139.8,2.71,0,0
2025-01-05,Paid Social,/product-b,Product B,4,6,18,0.589,128.3,3.0,1,0
2025-01-05,Paid Social,/contact,Contact,4,6,14,0.5188,170.6,2.34,0,0
2025-01-05,Paid Social,/signup,Signup,2,3,5,0.364,73.7,1.54,0,1
2025-01-05,Paid Social,/checkout,Checkout,3,5,8,0.3681,118.5,1.56,0,0
2025-01-05,Paid Social,/thank-you,Thank You,1,2,2,0.401,60.5,1.0,0,0
2025-01-05,Email,/,Home,9,13,37,0.2604,215.8,2.86,1,0
2025-01-05,Email,/products,Products,4,6,28,0.3153,189.4,4.59,1,1
2025-01-05,Email,/pricing,Pricing,4,5,21,0.168,182.3,4.25,0,1
2025-01-05,Email,/blog,Blog,4,6,15,0.4945,145.4,2.58,1,1
2025-01-05,Email,/product-a,Product A,3,5,16,0.297,158.6,3.17,0,0
2025-01-05,Email,/product-b,Product B,1,2,8,0.338,313.7,3.81,0,0
2025-01-05,Email,/contact,Contact,1,2,6,0.1189,208.6,3.18,0,0
2025-01-05,Email,/signup,Signup,3,4,13,0.1366,239.8,3.24,1,1
2025-01-05,Email,/checkout,Checkout,2,3,9,0.1492,331.1,3.11,1,2
2025-01-05,Email,/thank-you,Thank You,1,2,6,0.08,223.9,2.89,0,0
2025-01-06,Organic Search,/,Home,38,54,116,0.325,120.9,2.14,1,2
2025-01-06,Organic Search,/products,Products,30,42,165,0.3336,211.3,3.93,2,4
2025-01-06,Organic Search,/pricing,Pricing,19,21,76,0.3351,168.2,3.62,1,1
2025-01-06,Organic Search,/blog,Blog,26,39,113,0.589,134.2,2.91,1,0
2025-01-06,Organic Search,/product-a,Product A,23,29,104,0.3909,248.2,3.6,4,0
2025-01-06,Organic Search,/product-b,Product B,15,20,71,0.4154,277.4,3.54,3,0
2025-01-06,Organic Search,/contact,Contact,15,23,70,0.2749,200.3,3.04,1,2
2025-01-06,Organic Search,/signup,Signup,21,27,67,0.2543,154.3,2.5,1,4
2025-01-06,Organic Search,/checkout,Checkout,18,27,95,0.1448,200.4,3.52,3,4
2025-01-06,Organic Search,/thank-you,Thank You,11,13,49,0.1172,102.0,3.75,0,0
2025-01-06,Paid Search,/,Home,23,33,77,0.6089,144.0,2.32,3,3
2025-01-06,Paid Search,/products,Products,14,19,63,0.4081,68.2,3.31,3,3
2025-01-06,Paid Search,/pricing,Pricing,14,17,47,0.4472,158.4,2.76,0,1
2025-01-06,Paid Search,/blog,Blog,15,18,36,0.4793,121.2,1.98,1,2
2025-01-06,Paid Search,/product-a,Product A,12,15,56,0.4904,210.2,3.75,2,2
2025-01-06,Paid Search,/product-b,Product B,14,20,62,0.518,127.0,3.1,1,1
2025-01-06,Paid Search,/contact,Contact,8,11,25,0.3984,176.6,2.29,1,1
2025-01-06,Paid Search,/signup,Signup,11,14,24,0.376,173.0,1.7,2,3
2025-01-06,Paid Search,/checkout,Checkout,12,14,41,0.3397,162.9,2.91,2,2
2025-01-06,Paid Search,/thank-you,Thank You,8,9,13,0.2582,150.0,1.4,1,3
2025-01-06,Direct,/,Home,30,43,110,0.4474,199.4,2.56,1,1
2025-01-06,Direct,/products,Products,24,28,77,0.3882,179.0,2.73,1,2
2025-01-06,Direct,/pricing,Pricing,14,19,65,0.2286,161.2,3.4,0,2
2025-01-06,Direct,/blog,Blog,22,29,78,0.479,203.8,2.71,1,1
2025-01-06,Direct,/product-a,Product A,17,24,83,0.331,183.5,3.45,3,1
2025-01-06,Direct,/product-b,Product B,19,21,69,0.4624,173.5,3.29,2,1
2025-01-06,Direct,/contact,Contact,10,14,47,0.2418,116.5,3.32,1,0
2025-01-06,Direct,/signup,Signup,10,12,20,0.3836,113.0,1.65,2,0
2025-01-06,Direct,/checkout,Checkout,13,14,35,0.2361,151.7,2.51,2,1
2025-01-06,Direct,/thank-you,Thank You,5,7,19,0.0843,135.2,2.66,0,2
2025-01-06,Referral,/,Home,13,16,52,0.4862,163.7,3.24,0,1
2025-01-06,Referral,/products,Products,12,15,66,0.2136,195.9,4.42,1,1
2025-01-06,Referral,/pricing,Pricing,8,11,40,0.2685,153.5,3.68,0,1
2025-01-06,Referral,/blog,Blog,9,14,52,0.4362,167.2,3.7,1,1
2025-01-06,Referral,/product-a,Product A,8,10,32,0.2483,245.0,3.24,0,2
2025-01-06,Referral,/product-b,Product B,5,7,28,0.334,114.8,3.95,1,1
2025-01-06,Referral,/contact,Contact,3,4,12,0.1516,175.1,3.03,0,0
2025-01-06,Referral,/signup,Signup,3,5,11,0.1705,225.1,2.13,1,1
2025-01-06,Referral,/checkout,Checkout,6,7,17,0.1298,279.4,2.37,1,3
2025-01-06,Referral,/thank-you,Thank You,3,4,10,0.0885,165.9,2.53,1,3
2025-01-06,Organic Social,/,Home,11,14,32,0.5801,32.8,2.31,0,0
2025-01-06,Organic Social,/products,Products,7,11,26,0.595,108.7,2.4,0,0
2025-01-06,Organic Social,/pricing,Pricing,8,11,33,0.5283,141.6,2.98,0,1
2025-01-06,Organic Social,/blog,Blog,14,17,25,0.7233,76.0,1.45,1,0
2025-01-06,Organic Social,/product-a,Product A,8,10,25,0.5881,150.2,2.48,0,0
2025-01-06,Organic Social,/product-b,Product B,4,7,15,0.5122,146.3,2.09,0,0
2025-01-06,Organic Social,/contact,Contact,5,8,14,0.4731,98.3,1.81,0,0
2025-01-06,Organic Social,/signup,Signup,7,10,15,0.3835,67.5,1.54,0,1
2025-01-06,Organic Social,/checkout,Checkout,5,7,10,0.3545,150.1,1.48,0,0
2025-01-06,Organic Social,/thank-you,Thank You,3,4,11,0.2687,98.8,2.66,0,0
2025-01-06,Paid Social,/,Home,7,10,13,0.6481,67.3,1.33,0,0
2025-01-06,Paid Social,/products,Products,5,7,11,0.6352,111.5,1.63,0,1
2025-01-06,Paid Social,/pricing,Pricing,3,5,17,0.523,181.5,3.36,0,1
2025-01-06,Paid Social,/blog,Blog,5,6,11,0.7682,47.2,1.85,0,1
2025-01-06,Paid Social,/product-a,Product A,4,5,15,0.5745,111.1,2.95,0,1
2025-01-06,Paid Social,/product-b,Product B,5,6,17,0.5459,95.3,2.79,0,0
2025-01-06,Paid Social,/contact,Contact,3,4,10,0.5046,53.2,2.39,0,0
2025-01-06,Paid Social,/signup,Signup,4,6,7,0.3419,104.2,1.21,0,0
2025-01-06,Paid Social,/checkout,Checkout,3,5,9,0.5018,119.3,1.89,0,0
2025-01-06,Paid Social,/thank-you,Thank You,1,2,2,0.367,20.0,1.0,0,0
2025-01-06,Email,/,Home,6,9,30,0.4051,244.9,3.3,0,1
2025-01-06,Email,/products,Products,4,5,22,0.2601,176.4,4.31,0,0
2025-01-06,Email,/pricing,Pricing,5,6,28,0.1803,197.6,4.59,0,0
2025-01-06,Email,/blog,Blog,3,5,15,0.3156,240.7,3.03,0,0
2025-01-06,Email,/product-a,Product A,4,6,23,0.1881,259.0,3.86,1,1
2025-01-06,Email,/product-b,Product B,3,4,20,0.3867,295.2,5.02,0,0
2025-01-06,Email,/contact,Contact,2,3,9,0.1036,182.4,2.96,0,0
2025-01-06,Email,/signup,Signup,3,4,15,0.1013,178.9,3.73,0,1
2025-01-06,Email,/checkout,Checkout,2,3,9,0.08,289.8,3.1,0,0
2025-01-06,Email,/thank-you,Thank You,1,1,3,0.08,200.4,3.41,0,0
2025-01-07,Organic Search,/,Home,56,74,128,0.4223,76.9,1.74,3,3
2025-01-07,Organic Search,/products,Products,41,55,197,0.4771,120.6,3.59,4,1
2025-01-07,Organic Search,/pricing,Pricing,31,43,198,0.3846,176.1,4.62,0,1
2025-01-07,Organic Search,/blog,Blog,54,70,207,0.445,169.2,2.96,4,8
2025-01-07,Organic Search,/product-a,Product A,43,51,181,0.3034,280.5,3.56,1,3
2025-01-07,Organic Search,/product-b,Product B,42,51,224,0.3232,207.4,4.39,1,3
2025-01-07,Organic Search,/contact,Contact,26,35,90,0.2565,248.7,2.56,1,1
2025-01-07,Organic Search,/signup,Signup,39,49,154,0.18,208.7,3.14,6,8
2025-01-07,Organic Search,/checkout,Checkout,36,48,128,0.08,237.1,2.66,3,3
2025-01-07,Organic Search,/thank-you,Thank You,20,23,58,0.1371,199.6,2.52,2,3
2025-01-07,Paid Search,/,Home,81,89,263,0.4173,82.1,2.95,1,3
2025-01-07,Paid Search,/products,Products,33,45,104,0.4273,150.8,2.32,5,4
2025-01-07,Paid Search,/pricing,Pricing,32,38,135,0.3262,172.5,3.55,4,2
2025-01-07,Paid Search,/blog,Blog,29,34,73,0.5757,169.1,2.14,0,3
2025-01-07,Paid Search,/product-a,Product A,21,29,100,0.4691,178.3,3.44,1,1
2025-01-07,Paid Search,/product-b,Product B,17,21,51,0.4455,144.2,2.43,1,3
2025-01-07,Paid Search,/contact,Contact,11,17,58,0.4307,132.0,3.44,0,2
2025-01-07,Paid Search,/signup,Signup,18,25,44,0.3261,197.7,1.78,4,4
2025-01-07,Paid Search,/checkout,Checkout,24,28,61,0.3561,130.0,2.2,3,3
2025-01-07,Paid Search,/thank-you,Thank You,7,10,19,0.1635,133.0,1.94,3,1
2025-01-07,Direct,/,Home,76,107,243,0.5382,193.3,2.27,2,3
2025-01-07,Direct,/products,Products,31,38,167,0.4797,127.0,4.41,4,2
2025-01-07,Direct,/pricing,Pricing,23,26,89,0.4032,182.5,3.42,3,0
2025-01-07,Direct,/blog,Blog,34,47,160,0.5341,192.5,3.41,3,1
2025-01-07,Direct,/product-a,Product A,24,33,92,0.3708,156.2,2.78,2,1
2025-01-07,Direct,/product-b,Product B,23,33,111,0.4046,204.5,3.38,3,3
2025-01-07,Direct,/contact,Contact,28,31,71,0.2598,151.8,2.29,0,0
2025-01-07,Direct,/signup,Signup,24,28,70,0.2722,219.0,2.51,3,2
2025-01-07,Direct,/checkout,Checkout,13,18,54,0.1961,198.0,3.02,2,2
2025-01-07,Direct,/thank-you,Thank You,9,11,28,0.1155,164.6,2.53,1,1
2025-01-07,Referral,/,Home,21,31,101,0.3581,178.2,3.27,1,1
2025-01-07,Referral,/products,Products,16,18,60,0.2674,158.3,3.34,0,1
2025-01-07,Referral,/pricing,Pricing,11,13,38,0.2624,242.2,2.92,1,0
2025-01-07,Referral,/blog,Blog,12,18,48,0.3808,127.6,2.64,1,0
2025-01-07,Referral,/product-a,Product A,8,10,31,0.2566,202.5,3.12,0,0
2025-01-07,Referral,/product-b,Product B,12,14,44,0.3031,252.0,3.15,1,1
2025-01-07,Referral,/contact,Contact,10,12,43,0.2898,169.3,3.55,0,1
2025-01-07,Referral,/signup,Signup,6,8,24,0.2213,160.8,3.02,1,1
2025-01-07,Referral,/checkout,Checkout,5,7,25,0.168,168.9,3.6,1,1
2025-01-07,Referral,/thank-you,Thank You,7,8,25,0.08,115.5,3.13,2,1
2025-01-07,Organic Social,/,Home,32,38,60,0.6669,44.2,1.58,1,0
2025-01-07,Organic Social,/products,Products,24,26,77,0.5827,133.4,2.97,0,1
2025-01-07,Organic Social,/pricing,Pricing,7,10,28,0.5056,139.0,2.84,0,1
2025-01-07,Organic Social,/blog,Blog,16,18,32,0.6812,135.2,1.78,0,2
2025-01-07,Organic Social,/product-a,Product A,7,11,24,0.4912,187.6,2.16,0,1
2025-01-07,Organic Social,/product-b,Product B,7,9,25,0.6367,112.8,2.8,0,0
2025-01-07,Organic Social,/contact,Contact,9,11,19,0.5149,83.6,1.71,0,0
2025-01-07,Organic Social,/signup,Signup,5,7,11,0.2634,68.2,1.6,0,0
2025-01-07,Organic Social,/checkout,Checkout,8,11,12,0.3256,165.3,1.12,0,0
2025-01-07,Organic Social,/thank-you,Thank You,5,6,12,0.3366,77.7,2.08,0,1
2025-01-07,Paid Social,/,Home,16,21,55,0.6791,101.3,2.63,1,0
2025-01-07,Paid Social,/products,Products,16,18,34,0.6191,106.6,1.9,0,1
2025-01-07,Paid Social,/pricing,Pricing,7,10,28,0.5383,155.1,2.83,0,0
2025-01-07,Paid Social,/blog,Blog,11,16,27,0.6136,71.0,1.68,0,1
2025-01-07,Paid Social,/product-a,Product A,9,10,23,0.5738,93.4,2.27,0,0
2025-01-07,Paid Social,/product-b,Product B,5,6,14,0.5834,107.2,2.28,0,0
2025-01-07,Paid Social,/contact,Contact,7,8,16,0.5358,141.1,1.99,0,0
2025-01-07,Paid Social,/signup,Signup,5,7,11,0.4624,49.9,1.63,1,1
2025-01-07,Paid Social,/checkout,Checkout,5,7,9,0.2478,95.2,1.34,0,0
2025-01-07,Paid Social,/thank-you,Thank You,1,2,4,0.3729,49.5,1.84,0,0
2025-01-07,Email,/,Home,14,16,41,0.3447,151.2,2.56,1,0
2025-01-07,Email,/products,Products,5,6,24,0.2632,171.2,3.96,0,1
2025-01-07,Email,/pricing,Pricing,6,7,29,0.2156,254.9,4.09,1,1
2025-01-07,Email,/blog,Blog,5,7,19,0.2964,177.2,2.78,0,0
2025-01-07,Email,/product-a,Product A,5,7,30,0.1485,222.7,4.3,0,0
2025-01-07,Email,/product-b,Product B,5,6,30,0.1951,264.8,4.94,0,0
2025-01-07,Email,/contact,Contact,3,5,17,0.08,134.2,3.36,1,1
2025-01-07,Email,/signup,Signup,5,7,27,0.1767,209.8,3.91,0,2
2025-01-07,Email,/checkout,Checkout,4,5,17,0.2689,253.1,3.49,0,3
2025-01-07,Email,/thank-you,Thank You,2,3,10,0.1342,193.1,3.35,0,0
2025-01-08,Organic Search,/,Home,79,97,274,0.5555,234.4,2.82,4,5
2025-01-08,Organic Search,/products,Products,28,40,133,0.3347,199.3,3.33,0,2
2025-01-08,Organic Search,/pricing,Pricing,25,30,95,0.3433,251.2,3.18,0,1
2025-01-08,Organic Search,/blog,Blog,50,62,133,0.4861,115.6,2.14,3,3
2025-01-08,Organic Search,/product-a,Product A,39,55,224,0.2262,249.7,4.07,2,3
2025-01-08,Organic Search,/product-b,Product B,23,27,68,0.2715,221.4,2.53,1,2
2025-01-08,Organic Search,/contact,Contact,25,28,97,0.3134,199.1,3.46,2,1
2025-01-08,Organic Search,/signup,Signup,30,40,88,0.2054,156.7,2.19,3,4
2025-01-08,Organic Search,/checkout,Checkout,23,26,87,0.1775,235.1,3.34,3,4
2025-01-08,Organic Search,/thank-you,Thank You,13,15,43,0.1682,123.3,2.88,1,3
2025-01-08,Paid Search,/,Home,44,58,109,0.5706,76.2,1.89,9,6
2025-01-08,Paid Search,/products,Products,38,42,125,0.4417,140.6,2.97,2,1
2025-01-08,Paid Search,/pricing,Pricing,21,31,79,0.3813,104.5,2.54,1,2
2025-01-08,Paid Search,/blog,Blog,20,25,53,0.5733,179.6,2.11,1,0
2025-01-08,Paid Search,/product-a,Product A,18,20,69,0.4963,148.3,3.43,2,2
2025-01-08,Paid Search,/product-b,Product B,17,19,51,0.4743,150.7,2.68,0,3
2025-01-08,Paid Search,/contact,Contact,13,17,46,0.3154,83.5,2.72,0,2
2025-01-08,Paid Search,/signup,Signup,14,19,34,0.3246,145.3,1.79,0,4
2025-01-08,Paid Search,/checkout,Checkout,10,14,36,0.3629,218.7,2.56,1,1
2025-01-08,Paid Search,/thank-you,Thank You,5,7,15,0.2771,137.7,2.16,0,0
2025-01-08,Direct,/,Home,77,91,330,0.3997,172.6,3.63,1,4
2025-01-08,Direct,/products,Products,40,52,156,0.3386,157.1,3.0,3,4
2025-01-08,Direct,/pricing,Pricing,25,31,144,0.3669,171.8,4.65,0,1
2025-01-08,Direct,/blog,Blog,30,42,80,0.5781,234.6,1.91,2,1
2025-01-08,Direct,/product-a,Product A,19,23,78,0.4681,212.5,3.38,1,0
2025-01-08,Direct,/product-b,Product B,13,19,76,0.2788,215.2,4.0,0,0
2025-01-08,Direct,/contact,Contact,17,21,66,0.2623,119.1,3.13,1,4
2025-01-08,Direct,/signup,Signup,29,33,98,0.3136,172.1,2.96,5,3
2025-01-08,Direct,/checkout,Checkout,21,27,88,0.1426,175.8,3.27,3,6
2025-01-08,Direct,/thank-you,Thank You,9,11,27,0.1646,127.3,2.46,1,1
2025-01-08,Referral,/,Home,29,39,134,0.4858,189.0,3.43,1,1
2025-01-08,Referral,/products,Products,21,26,99,0.4349,148.3,3.8,3,1
2025-01-08,Referral,/pricing,Pricing,7,11,42,0.2499,159.6,3.8,0,0
2025-01-08,Referral,/blog,Blog,10,14,28,0.4716,199.9,2.03,0,0
2025-01-08,Referral,/product-a,Product A,8,12,42,0.2588,217.8,3.48,1,1
2025-01-08,Referral,/product-b,Product B,13,15,60,0.3261,172.6,4.01,1,1
2025-01-08,Referral,/contact,Contact,6,7,25,0.1037,133.7,3.64,1,0
2025-01-08,Referral,/signup,Signup,11,12,31,0.0864,178.2,2.55,2,1
2025-01-08,Referral,/checkout,Checkout,6,9,26,0.1293,235.9,2.93,1,2
2025-01-08,Referral,/thank-you,Thank You,3,5,13,0.0948,152.6,2.57,0,0
2025-01-08,Organic Social,/,Home,22,27,61,0.6718,127.7,2.26,0,1
2025-01-08,Organic Social,/products,Products,8,11,25,0.5669,103.6,2.23,0,1
2025-01-08,Organic Social,/pricing,Pricing,11,14,47,0.4632,112.9,3.37,0,0
2025-01-08,Organic Social,/blog,Blog,11,12,38,0.5675,117.1,3.2,0,0
2025-01-08,Organic Social,/product-a,Product A,7,10,23,0.608,120.1,2.28,0,0
2025-01-08,Organic Social,/product-b,Product B,8,10,28,0.5281,85.5,2.8,0,0
2025-01-08,Organic Social,/contact,Contact,6,8,19,0.4854,92.7,2.38,0,0
2025-01-08,Organic Social,/signup,Signup,7,9,18,0.3636,48.0,2.01,0,0
2025-01-08,Organic Social,/checkout,Checkout,8,11,11,0.3976,127.5,1.0,0,0
2025-01-08,Organic Social,/thank-you,Thank You,2,3,5,0.4295,52.5,1.64,0,1
2025-01-08,Paid Social,/,Home,13,16,16,0.6475,107.3,1.0,2,0
2025-01-08,Paid Social,/products,Products,14,16,36,0.6404,80.3,2.24,0,0
2025-01-08,Paid Social,/pricing,Pricing,8,9,22,0.3725,87.9,2.48,0,0
2025-01-08,Paid Social,/blog,Blog,6,7,15,0.6784,73.4,2.17,0,1
2025-01-08,Paid Social,/product-a,Product A,8,9,27,0.552,150.6,3.02,0,0
2025-01-08,Paid Social,/product-b,Product B,4,6,15,0.6313,125.1,2.52,0,0
2025-01-08,Paid Social,/contact,Contact,4,5,9,0.4435,132.1,1.74,0,0
2025-01-08,Paid Social,/signup,Signup,7,9,16,0.347,78.9,1.75,0,0
2025-01-08,Paid Social,/checkout,Checkout,4,5,6,0.5744,147.3,1.19,0,0
2025-01-08,Paid Social,/thank-you,Thank You,2,3,3,0.3655,20.0,1.03,0,0
2025-01-08,Email,/,Home,16,18,44,0.289,262.5,2.44,4,4
2025-01-08,Email,/products,Products,5,7,25,0.3138,205.6,3.59,0,0
2025-01-08,Email,/pricing,Pricing,3,4,17,0.1958,200.7,4.26,1,0
2025-01-08,Email,/blog,Blog,5,8,23,0.4194,248.3,2.92,0,1
2025-01-08,Email,/product-a,Product A,4,7,24,0.2164,197.5,3.39,0,0
2025-01-08,Email,/product-b,Product B,3,4,15,0.1879,302.7,3.78,0,0
2025-01-08,Email,/contact,Contact,2,4,18,0.1661,148.4,4.52,0,0
2025-01-08,Email,/signup,Signup,4,6,18,0.2012,289.8,3.06,0,1
2025-01-08,Email,/checkout,Checkout,2,3,10,0.08,247.7,3.5,1,0
2025-01-08,Email,/thank-you,Thank You,1,2,7,0.08,236.1,3.7,1,0
2025-01-09,Organic Search,/,Home,96,109,317,0.506,178.9,2.9,5,9
2025-01-09,Organic Search,/products,Products,45,59,188,0.3669,154.3,3.18,2,5
2025-01-09,Organic Search,/pricing,Pricing,33,38,136,0.1818,198.1,3.58,4,2
2025-01-09,Organic Search,/blog,Blog,30,41,99,0.4816,94.9,2.42,2,2
2025-01-09,Organic Search,/product-a,Product A,35,40,135,0.4204,218.1,3.37,1,3
2025-01-09,Organic Search,/product-b,Product B,38,45,127,0.3129,163.8,2.82,3,2
2025-01-09,Organic Search,/contact,Contact,30,33,88,0.2778,175.9,2.67,1,1
2025-01-09,Organic Search,/signup,Signup,17,22,53,0.1785,117.1,2.4,2,2
2025-01-09,Organic Search,/checkout,Checkout,20,24,55,0.1255,209.9,2.28,2,3
2025-01-09,Organic Search,/thank-you,Thank You,7,11,27,0.1907,156.4,2.48,0,0
2025-01-09,Paid Search,/,Home,50,60,122,0.6258,114.2,2.04,4,4
2025-01-09,Paid Search,/products,Products,31,34,131,0.4754,149.0,3.86,4,2
2025-01-09,Paid Search,/pricing,Pricing,21,24,74,0.3807,160.2,3.1,0,2
2025-01-09,Paid Search,/blog,Blog,32,43,108,0.5221,102.5,2.52,4,2
2025-01-09,Paid Search,/product-a,Product A,27,38,100,0.4752,180.8,2.64,4,3
2025-01-09,Paid Search,/product-b,Product B,18,24,70,0.4396,163.2,2.92,1,3
2025-01-09,Paid Search,/contact,Contact,19,22,46,0.3501,105.2,2.11,1,1
2025-01-09,Paid Search,/signup,Signup,12,18,43,0.2675,145.0,2.39,1,2
2025-01-09,Paid Search,/checkout,Checkout,14,18,42,0.3153,156.6,2.32,0,2
2025-01-09,Paid Search,/thank-you,Thank You,6,8,17,0.2549,96.2,2.16,1,0
2025-01-09,Direct,/,Home,39,48,105,0.565,107.4,2.19,6,1
2025-01-09,Direct,/products,Products,36,44,151,0.4665,180.1,3.44,3,3
2025-01-09,Direct,/pricing,Pricing,16,19,72,0.237,169.6,3.78,0,0
2025-01-09,Direct,/blog,Blog,16,21,60,0.5531,88.2,2.88,2,0
2025-01-09,Direct,/product-a,Product A,18,26,112,0.3903,157.8,4.33,0,2
2025-01-09,Direct,/product-b,Product B,11,14,52,0.4781,186.0,3.68,0,0
2025-01-09,Direct,/contact,Contact,12,14,43,0.2635,189.4,3.09,0,0
2025-01-09,Direct,/signup,Signup,16,23,68,0.18,162.5,2.97,0,2
2025-01-09,Direct,/checkout,Checkout,9,13,29,0.1614,220.6,2.22,1,1
2025-01-09,Direct,/thank-you,Thank You,9,14,29,0.253,157.1,2.1,0,1
2025-01-09,Referral,/,Home,42,50,104,0.3772,229.7,2.08,3,4
2025-01-09,Referral,/products,Products,25,28,112,0.2962,230.9,3.99,1,1
2025-01-09,Referral,/pricing,Pricing,14,18,73,0.3403,251.8,4.03,1,3
2025-01-09,Referral,/blog,Blog,22,24,58,0.4265,190.6,2.43,2,2
2025-01-09,Referral,/product-a,Product A,20,23,79,0.3364,217.6,3.43,2,1
2025-01-09,Referral,/product-b,Product B,10,13,57,0.184,187.5,4.4,0,0
2025-01-09,Referral,/contact,Contact,12,18,51,0.2431,194.0,2.82,0,5
2025-01-09,Referral,/signup,Signup,14,21,76,0.1946,144.9,3.64,4,3
2025-01-09,Referral,/checkout,Checkout,13,16,32,0.1591,186.7,2.01,2,7
2025-01-09,Referral,/thank-you,Thank You,5,8,28,0.0905,211.1,3.56,2,1
2025-01-09,Organic Social,/,Home,31,42,101,0.6228,143.3,2.4,1,2
2025-01-09,Organic Social,/products,Products,19,22,44,0.5826,209.5,2.0,0,0
2025-01-09,Organic Social,/pricing,Pricing,9,11,35,0.4499,161.7,3.18,1,0
2025-01-09,Organic Social,/blog,Blog,17,20,38,0.706,102.2,1.91,0,1
2025-01-09,Organic Social,/product-a,Product A,8,12,25,0.4627,100.3,2.08,1,1
2025-01-09,Organic Social,/product-b,Product B,13,17,57,0.57,108.0,3.33,0,0
2025-01-09,Organic Social,/contact,Contact,12,15,15,0.4026,129.3,1.0,0,0
2025-01-09,Organic Social,/signup,Signup,11,14,31,0.4571,78.7,2.23,1,0
2025-01-09,Organic Social,/checkout,Checkout,8,11,13,0.4395,123.6,1.16,0,0
2025-01-09,Organic Social,/thank-you,Thank You,5,8,13,0.2968,121.8,1.68,0,0
2025-01-09,Paid Social,/,Home,31,34,83,0.6422,67.6,2.45,1,0
2025-01-09,Paid Social,/products,Products,17,22,43,0.5635,26.9,1.97,0,1
2025-01-09,Paid Social,/pricing,Pricing,8,10,23,0.4904,175.7,2.31,0,0
2025-01-09,Paid Social,/blog,Blog,15,17,29,0.7106,82.0,1.73,0,0
2025-01-09,Paid Social,/product-a,Product A,11,16,40,0.5723,118.5,2.52,0,0
2025-01-09,Paid Social,/product-b,Product B,6,9,18,0.5231,222.8,2.04,0,0
2025-01-09,Paid Social,/contact,Contact,5,7,13,0.4635,118.6,1.84,0,0
2025-01-09,Paid Social,/signup,Signup,9,11,21,0.5217,117.8,1.89,0,0
2025-01-09,Paid Social,/checkout,Checkout,7,8,17,0.395,45.6,2.16,0,0
2025-01-09,Paid Social,/thank-you,Thank You,3,5,9,0.3064,20.0,1.8,0,0
2025-01-09,Email,/,Home,9,11,41,0.2984,178.7,3.72,0,0
2025-01-09,Email,/products,Products,10,14,53,0.3003,192.1,3.8,4,0
2025-01-09,Email,/pricing,Pricing,7,10,33,0.2118,265.8,3.32,1,1
2025-01-09,Email,/blog,Blog,6,7,23,0.2678,152.0,3.23,1,0
2025-01-09,Email,/product-a,Product A,6,9,40,0.2885,215.8,4.46,1,1
2025-01-09,Email,/product-b,Product B,6,7,33,0.3658,246.4,4.74,0,0
2025-01-09,Email,/contact,Contact,5,6,17,0.184,188.7,2.79,0,0
2025-01-09,Email,/signup,Signup,3,5,20,0.2128,202.1,3.94,1,1
2025-01-09,Email,/checkout,Checkout,4,7,26,0.1857,235.3,3.67,0,2
2025-01-09,Email,/thank-you,Thank You,1,2,8,0.08,217.8,3.98,1,0
2025-01-10,Organic Search,/,Home,52,71,149,0.4837,171.0,2.1,4,4
2025-01-10,Organic Search,/products,Products,30,44,200,0.3917,178.2,4.55,0,0
2025-01-10,Organic Search,/pricing,Pricing,33,42,106,0.2423,211.7,2.52,1,3
2025-01-10,Organic Search,/blog,Blog,21,31,109,0.5055,165.7,3.5,1,2
2025-01-10,Organic Search,/product-a,Product A,32,37,179,0.3644,220.6,4.83,1,1
2025-01-10,Organic Search,/product-b,Product B,21,30,124,0.3729,198.1,4.14,1,2
2025-01-10,Organic Search,/contact,Contact,16,18,43,0.2411,249.9,2.39,0,2
2025-01-10,Organic Search,/signup,Signup,13,17,50,0.1593,182.9,2.93,3,5
2025-01-10,Organic Search,/checkout,Checkout,21,24,70,0.1775,215.1,2.91,4,2
2025-01-10,Organic Search,/thank-you,Thank You,10,12,44,0.1557,153.8,3.68,1,0
2025-01-10,Paid Search,/,Home,26,31,72,0.5113,49.7,2.32,2,1
2025-01-10,Paid Search,/products,Products,22,30,114,0.5078,100.5,3.8,1,2
2025-01-10,Paid Search,/pricing,Pricing,12,16,58,0.3843,154.1,3.64,1,1
2025-01-10,Paid Search,/blog,Blog,14,16,21,0.5704,114.9,1.33,1,2
2025-01-10,Paid Search,/product-a,Product A,10,15,53,0.4317,162.6,3.52,0,0
2025-01-10,Paid Search,/product-b,Product B,10,15,47,0.5359,191.8,3.15,0,0
2025-01-10,Paid Search,/contact,Contact,5,7,12,0.3051,135.5,1.65,1,0
2025-01-10,Paid Search,/signup,Signup,8,11,24,0.242,144.8,2.21,0,1
2025-01-10,Paid Search,/checkout,Checkout,13,15,28,0.2309,194.8,1.86,2,4
2025-01-10,Paid Search,/thank-you,Thank You,4,6,16,0.2516,141.2,2.6,0,2
2025-01-10,Direct,/,Home,20,27,77,0.4991,142.0,2.85,0,0
2025-01-10,Direct,/products,Products,12,18,76,0.4268,146.4,4.22,4,0
2025-01-10,Direct,/pricing,Pricing,11,15,44,0.4027,197.7,2.95,0,1
2025-01-10,Direct,/blog,Blog,21,28,91,0.5681,155.2,3.24,1,2
2025-01-10,Direct,/product-a,Product A,19,25,96,0.2776,169.0,3.82,0,1
2025-01-10,Direct,/product-b,Product B,8,11,42,0.4118,211.5,3.83,1,0
2025-01-10,Direct,/contact,Contact,7,10,26,0.3446,151.5,2.57,0,0
2025-01-10,Direct,/signup,Signup,10,12,29,0.3178,110.1,2.38,0,1
2025-01-10,Direct,/checkout,Checkout,9,12,14,0.187,243.1,1.19,2,2
2025-01-10,Direct,/thank-you,Thank You,5,8,24,0.1675,152.4,3.02,0,1
2025-01-10,Referral,/,Home,10,15,33,0.338,118.4,2.22,0,0
2025-01-10,Referral,/products,Products,11,15,53,0.1314,143.5,3.56,0,4
2025-01-10,Referral,/pricing,Pricing,6,7,24,0.2589,213.5,3.38,0,0
2025-01-10,Referral,/blog,Blog,9,11,35,0.3833,214.7,3.21,1,0
2025-01-10,Referral,/product-a,Product A,5,7,23,0.3042,193.3,3.33,0,0
2025-01-10,Referral,/product-b,Product B,6,9,40,0.4612,246.0,4.45,2,1
2025-01-10,Referral,/contact,Contact,5,6,20,0.2139,164.4,3.28,0,0
2025-01-10,Referral,/signup,Signup,8,11,27,0.2079,147.1,2.45,2,2
2025-01-10,Referral,/checkout,Checkout,5,7,17,0.1011,190.2,2.36,1,1
2025-01-10,Referral,/thank-you,Thank You,3,4,11,0.1076,189.3,2.63,0,2
2025-01-10,Organic Social,/,Home,8,12,19,0.6305,122.7,1.56,0,0
2025-01-10,Organic Social,/products,Products,12,15,33,0.5753,82.8,2.2,0,1
2025-01-10,Organic Social,/pricing,Pricing,10,13,44,0.437,109.6,3.42,0,1
2025-01-10,Organic Social,/blog,Blog,5,8,14,0.5053,63.3,1.77,0,0
2025-01-10,Organic Social,/product-a,Product A,7,9,22,0.4665,141.4,2.44,0,0
2025-01-10,Organic Social,/product-b,Product B,5,6,13,0.5167,129.9,2.21,1,0
2025-01-10,Organic Social,/contact,Contact,4,7,12,0.4433,91.3,1.76,0,0
2025-01-10,Organic Social,/signup,Signup,5,8,18,0.327,33.8,2.23,0,0
2025-01-10,Organic Social,/checkout,Checkout,4,5,11,0.3335,135.9,2.23,0,0
2025-01-10,Organic Social,/thank-you,Thank You,2,3,7,0.3381,151.2,2.4,0,0
2025-01-10,Paid Social,/,Home,12,14,20,0.682,20.0,1.43,0,0
2025-01-10,Paid Social,/products,Products,12,15,36,0.5116,79.5,2.42,1,0
2025-01-10,Paid Social,/pricing,Pricing,5,8,14,0.5341,62.5,1.74,1,0
2025-01-10,Paid Social,/blog,Blog,9,13,20,0.5234,107.7,1.55,1,0
2025-01-10,Paid Social,/product-a,Product A,10,12,26,0.5971,101.3,2.19,0,0
2025-01-10,Paid Social,/product-b,Product B,5,6,10,0.6384,100.8,1.74,0,0
2025-01-10,Paid Social,/contact,Contact,4,5,8,0.494,68.5,1.59,0,0
2025-01-10,Paid Social,/signup,Signup,6,7,7,0.4212,102.3,1.0,0,0
2025-01-10,Paid Social,/checkout,Checkout,7,9,12,0.4555,94.2,1.37,0,1
2025-01-10,Paid Social,/thank-you,Thank You,2,3,4,0.2432,43.9,1.19,0,0
2025-01-10,Email,/,Home,6,8,22,0.3842,211.6,2.8,0,0
2025-01-10,Email,/products,Products,3,4,15,0.3341,227.1,3.73,0,0
2025-01-10,Email,/pricing,Pricing,2,3,14,0.1143,231.8,4.71,0,1
2025-01-10,Email,/blog,Blog,6,7,25,0.3042,225.8,3.63,0,0
2025-01-10,Email,/product-a,Product A,2,4,17,0.24,315.4,4.15,1,1
2025-01-10,Email,/product-b,Product B,2,3,14,0.2075,224.4,4.57,0,0
2025-01-10,Email,/contact,Contact,1,2,6,0.1963,183.0,3.16,0,0
2025-01-10,Email,/signup,Signup,3,4,14,0.1097,246.3,3.58,0,1
2025-01-10,Email,/checkout,Checkout,1,2,8,0.0946,261.5,3.93,0,1
2025-01-10,Email,/thank-you,Thank You,1,2,9,0.08,211.4,4.35,0,0
2025-01-11,Organic Search,/,Home,25,28,63,0.47,177.5,2.26,0,3
2025-01-11,Organic Search,/products,Products,20,23,79,0.3769,199.0,3.43,0,1
2025-01-11,Organic Search,/pricing,Pricing,15,17,64,0.3674,241.9,3.76,3,0
2025-01-11,Organic Search,/blog,Blog,19,24,63,0.5839,183.8,2.61,1,1
2025-01-11,Organic Search,/product-a,Product A,15,23,77,0.2828,213.0,3.34,0,3
2025-01-11,Organic Search,/product-b,Product B,14,17,61,0.4331,212.4,3.59,0,0
2025-01-11,Organic Search,/contact,Contact,11,14,54,0.1507,204.3,3.83,0,0
2025-01-11,Organic Search,/signup,Signup,14,20,59,0.1602,186.9,2.93,4,2
2025-01-11,Organic Search,/checkout,Checkout,14,18,53,0.1134,188.4,2.97,2,1
2025-01-11,Organic Search,/thank-you,Thank You,6,7,20,0.1032,143.3,2.87,1,2
2025-01-11,Paid Search,/,Home,22,33,49,0.4373,191.5,1.48,0,1
2025-01-11,Paid Search,/products,Products,24,27,80,0.5096,70.4,2.97,3,0
2025-01-11,Paid Search,/pricing,Pricing,20,25,76,0.3794,187.3,3.02,1,1
2025-01-11,Paid Search,/blog,Blog,18,22,31,0.6057,133.2,1.4,0,3
2025-01-11,Paid Search,/product-a,Product A,19,26,60,0.4869,115.5,2.29,3,2
2025-01-11,Paid Search,/product-b,Product B,6,10,24,0.394,142.1,2.4,0,0
2025-01-11,Paid Search,/contact,Contact,13,18,18,0.2974,110.1,1.0,2,0
2025-01-11,Paid Search,/signup,Signup,11,17,48,0.3697,153.7,2.83,0,2
2025-01-11,Paid Search,/checkout,Checkout,11,14,23,0.2337,102.2,1.64,0,2
2025-01-11,Paid Search,/thank-you,Thank You,6,8,21,0.1024,173.0,2.65,1,1
2025-01-11,Direct,/,Home,23,33,86,0.5457,124.4,2.62,1,1
2025-01-11,Direct,/products,Products,29,38,144,0.4021,113.3,3.8,3,0
2025-01-11,Direct,/pricing,Pricing,22,25,77,0.2129,216.2,3.06,0,2
2025-01-11,Direct,/blog,Blog,35,38,100,0.5034,193.4,2.62,1,1
2025-01-11,Direct,/product-a,Product A,13,18,62,0.321,162.6,3.45,0,2
2025-01-11,Direct,/product-b,Product B,9,13,57,0.346,134.7,4.42,1,0
2025-01-11,Direct,/contact,Contact,12,16,50,0.3306,141.2,3.14,0,1
2025-01-11,Direct,/signup,Signup,9,14,35,0.3364,186.5,2.53,0,0
2025-01-11,Direct,/checkout,Checkout,12,14,35,0.2044,206.3,2.51,2,2
2025-01-11,Direct,/thank-you,Thank You,4,7,18,0.2051,178.1,2.5,0,0
2025-01-11,Referral,/,Home,17,21,79,0.395,162.1,3.74,2,1
2025-01-11,Referral,/products,Products,7,10,38,0.2638,180.4,3.81,1,0
2025-01-11,Referral,/pricing,Pricing,7,10,40,0.2877,194.7,4.03,1,0
2025-01-11,Referral,/blog,Blog,6,9,34,0.3391,183.9,3.79,2,1
2025-01-11,Referral,/product-a,Product A,11,13,58,0.295,216.6,4.48,1,0
2025-01-11,Referral,/product-b,Product B,9,10,38,0.2726,140.9,3.77,0,0
2025-01-11,Referral,/contact,Contact,7,9,22,0.1781,113.9,2.45,0,1
2025-01-11,Referral,/signup,Signup,8,10,40,0.1341,146.5,4.03,0,0
2025-01-11,Referral,/checkout,Checkout,6,8,24,0.1,191.6,2.96,1,5
2025-01-11,Referral,/thank-you,Thank You,2,3,9,0.1037,201.6,3.0,0,0
2025-01-11,Organic Social,/,Home,11,13,29,0.6642,144.4,2.27,0,1
2025-01-11,Organic Social,/products,Products,6,9,19,0.5651,78.3,2.13,0,0
2025-01-11,Organic Social,/pricing,Pricing,9,11,21,0.43,116.2,1.93,0,0
2025-01-11,Organic Social,/blog,Blog,11,13,18,0.7022,70.0,1.41,1,0
2025-01-11,Organic Social,/product-a,Product A,5,8,22,0.4114,177.4,2.8,0,1
2025-01-11,Organic Social,/product-b,Product B,7,9,27,0.562,119.1,3.03,0,0
2025-01-11,Organic Social,/contact,Contact,5,6,12,0.4357,64.1,1.97,1,1
2025-01-11,Organic Social,/signup,Signup,7,10,23,0.4373,123.8,2.33,0,3
2025-01-11,Organic Social,/checkout,Checkout,3,4,7,0.3895,99.3,1.75,0,0
2025-01-11,Organic Social,/thank-you,Thank You,2,4,5,0.2447,112.1,1.18,0,0
2025-01-11,Paid Social,/,Home,7,10,15,0.7019,47.5,1.55,1,0
2025-01-11,Paid Social,/products,Products,7,9,19,0.6423,120.8,2.09,0,0
2025-01-11,Paid Social,/pricing,Pricing,3,5,17,0.5017,101.6,3.39,0,0
2025-01-11,Paid Social,/blog,Blog,5,6,7,0.7279,95.3,1.13,0,0
2025-01-11,Paid Social,/product-a,Product A,4,6,22,0.5162,128.9,3.61,0,0
2025-01-11,Paid Social,/product-b,Product B,4,6,12,0.6172,130.9,2.02,0,1
2025-01-11,Paid Social,/contact,Contact,3,5,7,0.5982,86.7,1.44,0,0
2025-01-11,Paid Social,/signup,Signup,4,6,10,0.4595,75.8,1.59,0,1
2025-01-11,Paid Social,/checkout,Checkout,4,5,5,0.4252,141.3,1.0,0,0
2025-01-11,Paid Social,/thank-you,Thank You,1,1,2,0.4814,53.5,1.86,0,0
2025-01-11,Email,/,Home,5,8,30,0.4261,167.9,3.7,1,0
2025-01-11,Email,/products,Products,7,9,28,0.292,209.2,3.09,1,0
2025-01-11,Email,/pricing,Pricing,5,7,27,0.2503,239.0,3.82,0,1
2025-01-11,Email,/blog,Blog,6,9,21,0.3997,235.4,2.33,2,2
2025-01-11,Email,/product-a,Product A,5,7,28,0.2683,307.3,3.94,1,0
2025-01-11,Email,/product-b,Product B,2,3,13,0.2703,302.4,4.48,0,0
2025-01-11,Email,/contact,Contact,1,2,6,0.2338,204.5,3.14,0,0
2025-01-11,Email,/signup,Signup,2,4,16,0.08,218.3,4.06,0,3
2025-01-11,Email,/checkout,Checkout,2,3,8,0.0839,296.2,2.59,0,0
2025-01-11,Email,/thank-you,Thank You,1,2,8,0.0872,220.3,3.89,0,1
2025-01-12,Organic Search,/,Home,42,47,159,0.4403,173.3,3.38,2,0
2025-01-12,Organic Search,/products,Products,41,50,167,0.4066,210.1,3.33,1,6
2025-01-12,Organic Search,/pricing,Pricing,24,29,87,0.3575,190.9,2.99,1,0
2025-01-12,Organic Search,/blog,Blog,32,36,88,0.5229,143.1,2.46,0,4
2025-01-12,Organic Search,/product-a,Product A,16,24,99,0.3589,162.0,4.11,1,0
2025-01-12,Organic Search,/product-b,Product B,14,16,58,0.3694,216.9,3.6,2,0
2025-01-12,Organic Search,/contact,Contact,12,13,36,0.2175,108.9,2.78,1,0
2025-01-12,Organic Search,/signup,Signup,15,18,44,0.3055,129.0,2.44,1,2
2025-01-12,Organic Search,/checkout,Checkout,15,20,54,0.234,219.5,2.72,2,3
2025-01-12,Organic Search,/thank-you,Thank You,11,14,42,0.1784,216.7,2.99,0,3
2025-01-12,Paid Search,/,Home,36,44,77,0.5562,87.9,1.76,3,0
2025-01-12,Paid Search,/products,Products,25,34,126,0.428,125.6,3.71,1,4
2025-01-12,Paid Search,/pricing,Pricing,16,23,66,0.3408,134.7,2.87,1,0
2025-01-12,Paid Search,/blog,Blog,23,27,67,0.6011,104.0,2.49,1,1
2025-01-12,Paid Search,/product-a,Product A,13,20,61,0.3746,134.0,3.04,1,0
2025-01-12,Paid Search,/product-b,Product B,13,17,51,0.4755,174.1,3.01,1,0
2025-01-12,Paid Search,/contact,Contact,10,15,34,0.3356,110.9,2.24,0,1
2025-01-12,Paid Search,/signup,Signup,11,15,39,0.3384,96.8,2.62,0,3
2025-01-12,Paid Search,/checkout,Checkout,9,14,26,0.2663,158.7,1.84,2,1
2025-01-12,Paid Search,/thank-you,Thank You,9,11,12,0.1607,93.7,1.1,1,2
2025-01-12,Direct,/,Home,36,51,175,0.4078,147.7,3.44,3,2
2025-01-12,Direct,/products,Products,17,21,77,0.4431,144.5,3.68,0,2
2025-01-12,Direct,/pricing,Pricing,20,25,68,0.3696,164.7,2.73,1,0
2025-01-12,Direct,/blog,Blog,15,17,49,0.4406,122.9,2.85,0,0
2025-01-12,Direct,/product-a,Product A,18,23,60,0.4319,173.0,2.62,0,1
2025-01-12,Direct,/product-b,Product B,15,19,74,0.3615,155.4,3.91,0,2
2025-01-12,Direct,/contact,Contact,12,18,42,0.2669,155.5,2.32,0,2
2025-01-12,Direct,/signup,Signup,17,19,53,0.2502,182.7,2.8,1,1
2025-01-12,Direct,/checkout,Checkout,14,17,59,0.2373,173.3,3.44,2,2
2025-01-12,Direct,/thank-you,Thank You,7,10,27,0.0943,142.4,2.65,2,1
2025-01-12,Referral,/,Home,12,14,39,0.4871,207.0,2.8,0,2
2025-01-12,Referral,/products,Products,10,15,62,0.4721,186.6,4.13,0,0
2025-01-12,Referral,/pricing,Pricing,5,6,29,0.08,238.6,4.76,0,0
2025-01-12,Referral,/blog,Blog,11,13,42,0.4395,97.8,3.22,0,0
2025-01-12,Referral,/product-a,Product A,8,10,47,0.1883,239.2,4.67,3,0
2025-01-12,Referral,/product-b,Product B,6,9,36,0.2144,216.5,4.0,1,0
2025-01-12,Referral,/contact,Contact,6,7,20,0.2096,111.8,2.83,0,0
2025-01-12,Referral,/signup,Signup,7,9,32,0.1441,190.0,3.5,2,1
2025-01-12,Referral,/checkout,Checkout,5,6,19,0.1714,195.6,3.19,1,1
2025-01-12,Referral,/thank-you,Thank You,1,2,6,0.08,193.4,3.12,0,0
2025-01-12,Organic Social,/,Home,14,17,44,0.5704,34.3,2.57,0,0
2025-01-12,Organic Social,/products,Products,10,14,46,0.5289,85.6,3.32,0,0
2025-01-12,Organic Social,/pricing,Pricing,8,10,25,0.4533,65.4,2.46,0,0
2025-01-12,Organic Social,/blog,Blog,6,9,18,0.6836,130.4,2.02,1,1
2025-01-12,Organic Social,/product-a,Product A,4,7,13,0.553,220.0,1.85,0,0
2025-01-12,Organic Social,/product-b,Product B,3,4,12,0.5683,135.3,3.0,0,0
2025-01-12,Organic Social,/contact,Contact,3,4,9,0.3474,76.0,2.37,0,0
2025-01-12,Organic Social,/signup,Signup,3,5,5,0.3925,83.2,1.0,0,0
2025-01-12,Organic Social,/checkout,Checkout,5,6,13,0.4159,169.6,2.09,0,0
2025-01-12,Organic Social,/thank-you,Thank You,3,4,7,0.2299,69.2,1.74,0,1
2025-01-12,Paid Social,/,Home,13,16,24,0.6843,52.3,1.51,1,0
2025-01-12,Paid Social,/products,Products,8,10,22,0.5543,149.5,2.23,0,0
2025-01-12,Paid Social,/pricing,Pricing,5,6,16,0.539,159.1,2.69,0,1
2025-01-12,Paid Social,/blog,Blog,4,5,11,0.717,88.0,2.26,0,0
2025-01-12,Paid Social,/product-a,Product A,5,7,23,0.5389,115.0,3.28,0,0
2025-01-12,Paid Social,/product-b,Product B,2,3,7,0.6476,118.0,2.18,1,0
2025-01-12,Paid Social,/contact,Contact,2,3,4,0.475,89.2,1.21,0,0
2025-01-12,Paid Social,/signup,Signup,5,6,8,0.4971,71.1,1.41,0,0
2025-01-12,Paid Social,/checkout,Checkout,1,2,4,0.5235,133.3,1.89,0,0
2025-01-12,Paid Social,/thank-you,Thank You,1,1,2,0.3439,97.3,1.77,0,0
2025-01-12,Email,/,Home,4,5,23,0.3905,238.8,4.56,1,0
2025-01-12,Email,/products,Products,4,5,20,0.2921,176.6,4.01,2,2
2025-01-12,Email,/pricing,Pricing,1,2,8,0.1344,219.6,3.96,0,0
2025-01-12,Email,/blog,Blog,3,5,18,0.4577,255.6,3.58,0,2
2025-01-12,Email,/product-a,Product A,2,3,12,0.1727,210.5,3.96,0,0
2025-01-12,Email,/product-b,Product B,2,3,11,0.342,282.2,3.58,0,0
2025-01-12,Email,/contact,Contact,1,1,4,0.0811,194.9,3.96,0,0
2025-01-12,Email,/signup,Signup,2,3,8,0.1307,205.8,2.66,0,0
2025-01-12,Email,/checkout,Checkout,2,3,9,0.1695,279.6,3.12,0,1
2025-01-12,Email,/thank-you,Thank You,1,1,4,0.08,274.1,3.75,0,0
2025-01-13,Organic Search,/,Home,24,26,80,0.4415,157.4,3.09,0,1
2025-01-13,Organic Search,/products,Products,18,27,99,0.3403,159.3,3.67,0,1
2025-01-13,Organic Search,/pricing,Pricing,15,20,88,0.343,247.8,4.41,0,0
2025-01-13,Organic Search,/blog,Blog,14,18,52,0.4988,167.0,2.87,0,0
2025-01-13,Organic Search,/product-a,Product A,14,19,56,0.5026,157.8,2.97,0,0
2025-01-13,Organic Search,/product-b,Product B,14,21,68,0.3603,218.5,3.25,1,1
2025-01-13,Organic Search,/contact,Contact,8,12,35,0.1927,191.7,2.92,0,0
2025-01-13,Organic Search,/signup,Signup,9,11,21,0.08,207.9,1.89,2,0
2025-01-13,Organic Search,/checkout,Checkout,8,10,19,0.08,224.3,1.9,1,1
2025-01-13,Organic Search,/thank-you,Thank You,4,6,21,0.1768,114.3,3.42,0,2
2025-01-13,Paid Search,/,Home,23,30,65,0.6133,97.1,2.16,1,4
2025-01-13,Paid Search,/products,Products,23,27,99,0.448,123.2,3.65,0,0
2025-01-13,Paid Search,/pricing,Pricing,15,18,67,0.3159,133.7,3.75,0,0
2025-01-13,Paid Search,/blog,Blog,17,25,49,0.6141,119.4,1.96,1,1
2025-01-13,Paid Search,/product-a,Product A,15,17,43,0.4546,149.0,2.52,0,0
2025-01-13,Paid Search,/product-b,Product B,9,11,33,0.367,167.9,2.97,0,2
2025-01-13,Paid Search,/contact,Contact,15,17,36,0.2998,75.2,2.11,1,0
2025-01-13,Paid Search,/signup,Signup,11,16,27,0.3028,94.6,1.71,2,2
2025-01-13,Paid Search,/checkout,Checkout,13,15,32,0.2742,100.2,2.13,2,5
2025-01-13,Paid Search,/thank-you,Thank You,5,7,8,0.1914,154.9,1.1,1,1
2025-01-13,Direct,/,Home,22,33,95,0.4419,139.4,2.87,0,2
2025-01-13,Direct,/products,Products,20,28,106,0.3193,102.9,3.79,0,0
2025-01-13,Direct,/pricing,Pricing,11,17,54,0.3305,159.4,3.2,0,3
2025-01-13,Direct,/blog,Blog,17,21,49,0.5573,172.6,2.33,1,1
2025-01-13,Direct,/product-a,Product A,9,14,51,0.3278,190.4,3.65,0,0
2025-01-13,Direct,/product-b,Product B,12,14,40,0.3208,151.3,2.86,0,1
2025-01-13,Direct,/contact,Contact,7,9,19,0.1444,221.9,2.15,0,0
2025-01-13,Direct,/signup,Signup,14,18,37,0.2617,111.5,2.06,0,1
2025-01-13,Direct,/checkout,Checkout,11,13,25,0.1789,192.7,1.96,0,2
2025-01-13,Direct,/thank-you,Thank You,3,5,15,0.2295,120.5,3.1,0,1
2025-01-13,Referral,/,Home,13,18,52,0.4184,186.1,2.87,0,1
2025-01-13,Referral,/products,Products,9,10,34,0.3071,185.1,3.45,0,1
2025-01-13,Referral,/pricing,Pricing,5,6,29,0.231,199.7,4.8,0,0
2025-01-13,Referral,/blog,Blog,4,7,23,0.3529,207.4,3.25,1,0
2025-01-13,Referral,/product-a,Product A,8,11,34,0.3102,246.2,3.06,1,1
2025-01-13,Referral,/product-b,Product B,7,10,46,0.3018,265.7,4.64,2,3
2025-01-13,Referral,/contact,Contact,3,4,11,0.1929,162.0,2.66,1,0
2025-01-13,Referral,/signup,Signup,5,7,17,0.1215,151.9,2.41,1,2
2025-01-13,Referral,/checkout,Checkout,4,5,17,0.1187,178.8,3.49,0,1
2025-01-13,Referral,/thank-you,Thank You,2,3,10,0.1869,199.1,3.33,0,0
2025-01-13,Organic Social,/,Home,12,15,40,0.6112,52.9,2.66,0,0
2025-01-13,Organic Social,/products,Products,13,14,29,0.552,20.0,2.06,0,0
2025-01-13,Organic Social,/pricing,Pricing,6,9,24,0.5506,79.2,2.71,1,0
2025-01-13,Organic Social,/blog,Blog,9,11,19,0.7213,48.6,1.69,1,0
2025-01-13,Organic Social,/product-a,Product A,7,10,33,0.4851,134.8,3.35,0,0
2025-01-13,Organic Social,/product-b,Product B,5,8,18,0.4422,179.4,2.21,0,0
2025-01-13,Organic Social,/contact,Contact,7,8,18,0.4125,137.5,2.3,0,0
2025-01-13,Organic Social,/signup,Signup,6,7,10,0.3503,126.6,1.45,1,0
2025-01-13,Organic Social,/checkout,Checkout,6,9,16,0.3714,119.6,1.78,2,0
2025-01-13,Organic Social,/thank-you,Thank You,2,3,8,0.3719,91.5,2.7,0,0
2025-01-13,Paid Social,/,Home,10,12,19,0.6382,121.8,1.58,0,0
2025-01-13,Paid Social,/products,Products,9,10,33,0.5388,64.7,3.31,0,0
2025-01-13,Paid Social,/pricing,Pricing,4,5,14,0.4957,124.7,2.86,0,0
2025-01-13,Paid Social,/blog,Blog,6,8,12,0.6762,98.7,1.44,0,0
2025-01-13,Paid Social,/product-a,Product A,3,4,9,0.6379,114.2,2.3,0,0
2025-01-13,Paid Social,/product-b,Product B,5,6,17,0.5726,112.8,2.77,0,0
2025-01-13,Paid Social,/contact,Contact,3,4,4,0.6443,103.8,1.02,0,0
2025-01-13,Paid Social,/signup,Signup,3,4,5,0.4345,52.0,1.33,0,0
2025-01-13,Paid Social,/checkout,Checkout,3,4,7,0.2977,73.2,1.66,0,0
2025-01-13,Paid Social,/thank-you,Thank You,1,2,4,0.3457,44.2,2.1,0,0
2025-01-13,Email,/,Home,10,14,50,0.4359,154.4,3.58,0,0
2025-01-13,Email,/products,Products,7,9,37,0.3857,273.2,4.07,0,2
2025-01-13,Email,/pricing,Pricing,5,6,23,0.2048,243.6,3.85,0,3
2025-01-13,Email,/blog,Blog,4,5,20,0.4609,213.4,4.02,0,0
2025-01-13,Email,/product-a,Product A,3,5,17,0.1499,253.3,3.42,0,1
2025-01-13,Email,/product-b,Product B,3,5,18,0.3073,211.8,3.61,0,1
2025-01-13,Email,/contact,Contact,1,2,6,0.1805,218.4,2.89,0,0
2025-01-13,Email,/signup,Signup,2,3,12,0.1684,230.7,3.87,0,0
2025-01-13,Email,/checkout,Checkout,3,5,15,0.0845,241.2,3.04,0,3
2025-01-13,Email,/thank-you,Thank You,1,2,9,0.1467,226.9,4.36,0,0
2025-01-14,Organic Search,/,Home,75,102,283,0.4811,176.3,2.77,7,2
2025-01-14,Organic Search,/products,Products,50,58,252,0.3907,237.6,4.34,4,1
2025-01-14,Organic Search,/pricing,Pricing,22,29,104,0.216,213.5,3.59,0,1
2025-01-14,Organic Search,/blog,Blog,29,42,140,0.4183,190.3,3.34,2,2
2025-01-14,Organic Search,/product-a,Product A,39,43,149,0.3902,184.8,3.48,2,2
2025-01-14,Organic Search,/product-b,Product B,27,34,117,0.3544,164.9,3.44,3,2
2025-01-14,Organic Search,/contact,Contact,23,32,89,0.3734,161.7,2.78,4,3
2025-01-14,Organic Search,/signup,Signup,23,32,71,0.2892,198.8,2.23,10,3
2025-01-14,Organic Search,/checkout,Checkout,16,22,59,0.1257,206.9,2.7,1,2
2025-01-14,Organic Search,/thank-you,Thank You,9,11,39,0.1956,192.4,3.51,0,0
2025-01-14,Paid Search,/,Home,34,42,92,0.6433,181.8,2.2,2,4
2025-01-14,Paid Search,/products,Products,21,29,87,0.4407,136.6,2.99,1,0
2025-01-14,Paid Search,/pricing,Pricing,27,33,115,0.4542,205.1,3.48,2,0
2025-01-14,Paid Search,/blog,Blog,33,40,140,0.6204,130.1,3.5,3,4
2025-01-14,Paid Search,/product-a,Product A,15,23,59,0.3798,99.1,2.56,1,0
2025-01-14,Paid Search,/product-b,Product B,9,14,40,0.4371,136.8,2.83,3,1
2025-01-14,Paid Search,/contact,Contact,14,18,33,0.3583,98.1,1.82,2,1
2025-01-14,Paid Search,/signup,Signup,16,18,39,0.3071,56.0,2.18,3,4
2025-01-14,Paid Search,/checkout,Checkout,12,17,44,0.3669,258.0,2.58,2,2
2025-01-14,Paid Search,/thank-you,Thank You,7,11,21,0.1911,138.9,1.87,1,2
2025-01-14,Direct,/,Home,59,67,188,0.4112,119.1,2.81,4,3
2025-01-14,Direct,/products,Products,34,43,170,0.4365,157.3,3.95,1,1
2025-01-14,Direct,/pricing,Pricing,19,27,107,0.3226,174.3,3.98,1,4
2025-01-14,Direct,/blog,Blog,21,27,66,0.4515,141.8,2.44,1,0
2025-01-14,Direct,/product-a,Product A,20,23,78,0.354,183.6,3.38,2,2
2025-01-14,Direct,/product-b,Product B,26,31,103,0.3249,176.0,3.34,1,0
2025-01-14,Direct,/contact,Contact,15,20,52,0.2728,144.2,2.6,1,2
2025-01-14,Direct,/signup,Signup,22,25,52,0.2755,191.0,2.09,0,3
2025-01-14,Direct,/checkout,Checkout,19,26,62,0.3092,144.8,2.37,0,1
2025-01-14,Direct,/thank-you,Thank You,6,8,19,0.1994,81.8,2.38,0,0
2025-01-14,Referral,/,Home,36,46,139,0.4171,157.4,3.02,2,2
2025-01-14,Referral,/products,Products,13,16,59,0.2834,161.7,3.68,1,2
2025-01-14,Referral,/pricing,Pricing,15,17,66,0.2417,237.5,3.91,1,4
2025-01-14,Referral,/blog,Blog,16,21,37,0.4774,158.0,1.75,2,1
2025-01-14,Referral,/product-a,Product A,13,16,61,0.335,217.9,3.78,1,2
2025-01-14,Referral,/product-b,Product B,15,17,59,0.3951,228.7,3.45,1,1
2025-01-14,Referral,/contact,Contact,10,15,42,0.1807,191.9,2.82,1,1
2025-01-14,Referral,/signup,Signup,11,13,44,0.1407,187.0,3.37,1,3
2025-01-14,Referral,/checkout,Checkout,6,9,27,0.08,194.2,3.01,0,2
2025-01-14,Referral,/thank-you,Thank You,3,5,13,0.1392,163.4,2.58,0,0
2025-01-14,Organic Social,/,Home,19,28,78,0.6943,31.6,2.78,0,1
2025-01-14,Organic Social,/products,Products,13,15,45,0.5341,80.4,3.01,0,2
2025-01-14,Organic Social,/pricing,Pricing,14,17,61,0.419,72.4,3.6,0,0
2025-01-14,Organic Social,/blog,Blog,10,13,27,0.7029,157.0,2.09,0,0
2025-01-14,Organic Social,/product-a,Product A,8,12,25,0.4267,158.7,2.06,0,0
2025-01-14,Organic Social,/product-b,Product B,7,8,19,0.4661,151.8,2.35,0,0
2025-01-14,Organic Social,/contact,Contact,5,6,16,0.507,67.5,2.67,0,0
2025-01-14,Organic Social,/signup,Signup,6,8,18,0.3606,83.0,2.2,0,0
2025-01-14,Organic Social,/checkout,Checkout,7,10,12,0.3231,95.3,1.23,0,0
2025-01-14,Organic Social,/thank-you,Thank You,4,5,8,0.411,134.3,1.51,0,0
2025-01-14,Paid Social,/,Home,15,22,45,0.7799,21.6,2.06,0,1
2025-01-14,Paid Social,/products,Products,8,10,29,0.6306,144.5,2.9,1,0
2025-01-14,Paid Social,/pricing,Pricing,8,10,27,0.4833,168.8,2.66,0,0
2025-01-14,Paid Social,/blog,Blog,8,10,15,0.6878,106.4,1.53,0,0
2025-01-14,Paid Social,/product-a,Product A,6,7,23,0.5428,74.7,3.27,0,0
2025-01-14,Paid Social,/product-b,Product B,5,7,15,0.6629,104.6,2.08,0,0
2025-01-14,Paid Social,/contact,Contact,4,6,10,0.5211,154.5,1.61,0,0
2025-01-14,Paid Social,/signup,Signup,6,7,17,0.4243,38.8,2.38,0,0
2025-01-14,Paid Social,/checkout,Checkout,4,6,6,0.388,78.3,1.0,1,0
2025-01-14,Paid Social,/thank-you,Thank You,1,2,2,0.3375,94.4,1.24,0,0
2025-01-14,Email,/,Home,12,14,43,0.2661,258.2,3.06,1,0
2025-01-14,Email,/products,Products,8,11,41,0.2529,243.2,3.72,3,0
2025-01-14,Email,/pricing,Pricing,6,8,34,0.223,202.4,4.22,0,0
2025-01-14,Email,/blog,Blog,3,5,14,0.363,200.5,2.8,1,1
2025-01-14,Email,/product-a,Product A,5,6,23,0.1412,150.5,3.9,0,0
2025-01-14,Email,/product-b,Product B,5,7,29,0.2017,254.0,4.11,0,0
2025-01-14,Email,/contact,Contact,4,6,22,0.2865,177.3,3.67,0,0
2025-01-14,Email,/signup,Signup,2,3,12,0.08,97.8,3.94,0,0
2025-01-14,Email,/checkout,Checkout,3,4,12,0.0989,194.8,3.09,0,0
2025-01-14,Email,/thank-you,Thank You,1,2,5,0.08,204.6,2.65,1,1
2025-01-15,Organic Search,/,Home,35,50,167,0.4791,114.5,3.34,2,2
2025-01-15,Organic Search,/products,Products,34,45,142,0.2873,191.6,3.16,2,1
2025-01-15,Organic Search,/pricing,Pricing,26,29,99,0.2862,227.8,3.41,0,0
2025-01-15,Organic Search,/blog,Blog,22,32,73,0.4778,199.8,2.27,4,1
2025-01-15,Organic Search,/product-a,Product A,31,37,111,0.289,203.2,3.0,1,1
2025-01-15,Organic Search,/product-b,Product B,24,35,111,0.306,216.3,3.18,3,1
2025-01-15,Organic Search,/contact,Contact,21,24,60,0.3997,187.1,2.5,0,1
2025-01-15,Organic Search,/signup,Signup,24,27,71,0.1858,150.4,2.63,2,2
2025-01-15,Organic Search,/checkout,Checkout,12,18,42,0.2427,198.9,2.31,0,1
2025-01-15,Organic Search,/thank-you,Thank You,6,8,23,0.08,193.5,2.86,2,1
2025-01-15,Paid Search,/,Home,39,44,79,0.5284,121.8,1.78,1,3
2025-01-15,Paid Search,/products,Products,19,28,95,0.532,193.4,3.38,6,1
2025-01-15,Paid Search,/pricing,Pricing,18,20,58,0.4571,184.7,2.9,0,1
2025-01-15,Paid Search,/blog,Blog,18,22,67,0.5685,42.6,3.06,0,1
2025-01-15,Paid Search,/product-a,Product A,21,24,101,0.5267,116.5,4.2,1,2
2025-01-15,Paid Search,/product-b,Product B,16,20,41,0.4327,210.5,2.07,1,2
2025-01-15,Paid Search,/contact,Contact,15,17,34,0.4566,105.4,1.98,1,1
2025-01-15,Paid Search,/signup,Signup,15,18,29,0.3444,101.8,1.59,1,2
2025-01-15,Paid Search,/checkout,Checkout,7,9,18,0.3218,197.9,2.04,1,0
2025-01-15,Paid Search,/thank-you,Thank You,5,6,13,0.1766,99.8,2.1,0,1
2025-01-15,Direct,/,Home,21,28,64,0.4695,99.1,2.3,1,1
2025-01-15,Direct,/products,Products,18,23,69,0.4887,167.1,3.0,0,2
2025-01-15,Direct,/pricing,Pricing,19,23,95,0.386,186.5,4.15,1,1
2025-01-15,Direct,/blog,Blog,17,25,66,0.5092,208.8,2.64,2,1
2025-01-15,Direct,/product-a,Product A,19,22,61,0.3308,223.4,2.75,0,0
2025-01-15,Direct,/product-b,Product B,8,12,44,0.3645,189.9,3.69,0,0
2025-01-15,Direct,/contact,Contact,8,12,43,0.4057,168.3,3.58,0,0
2025-01-15,Direct,/signup,Signup,15,17,53,0.3297,150.9,3.13,2,2
2025-01-15,Direct,/checkout,Checkout,10,12,18,0.2463,217.8,1.52,2,0
2025-01-15,Direct,/thank-you,Thank You,7,9,29,0.148,151.7,3.19,1,1
2025-01-15,Referral,/,Home,17,19,56,0.4736,216.4,2.93,2,1
2025-01-15,Referral,/products,Products,7,9,34,0.2819,209.3,3.78,1,0
2025-01-15,Referral,/pricing,Pricing,11,12,38,0.2798,258.4,3.15,1,0
2025-01-15,Referral,/blog,Blog,10,13,46,0.3602,199.9,3.52,0,0
2025-01-15,Referral,/product-a,Product A,11,13,43,0.3349,234.6,3.31,0,0
2025-01-15,Referral,/product-b,Product B,5,6,19,0.3031,221.8,3.23,0,0
2025-01-15,Referral,/contact,Contact,7,9,27,0.1213,192.3,2.97,0,1
2025-01-15,Referral,/signup,Signup,4,7,22,0.1277,180.7,3.07,0,0
2025-01-15,Referral,/checkout,Checkout,5,6,28,0.0938,195.5,4.65,2,1
2025-01-15,Referral,/thank-you,Thank You,2,3,8,0.1445,172.6,2.78,1,0
2025-01-15,Organic Social,/,Home,18,25,47,0.6667,137.3,1.87,0,1
2025-01-15,Organic Social,/products,Products,15,17,43,0.5582,51.2,2.55,1,0
2025-01-15,Organic Social,/pricing,Pricing,9,11,30,0.5364,153.2,2.68,0,0
2025-01-15,Organic Social,/blog,Blog,9,13,33,0.6494,77.9,2.57,0,0
2025-01-15,Organic Social,/product-a,Product A,10,12,33,0.5344,123.3,2.77,0,1
2025-01-15,Organic Social,/product-b,Product B,12,14,30,0.5029,154.9,2.15,1,1
2025-01-15,Organic Social,/contact,Contact,9,12,29,0.3919,70.5,2.43,0,0
2025-01-15,Organic Social,/signup,Signup,6,7,14,0.4408,120.9,2.07,0,1
2025-01-15,Organic Social,/checkout,Checkout,4,6,11,0.4159,105.7,1.82,0,0
2025-01-15,Organic Social,/thank-you,Thank You,2,4,4,0.2628,43.2,1.02,1,0
2025-01-15,Paid Social,/,Home,18,21,40,0.709,79.7,1.89,0,0
2025-01-15,Paid Social,/products,Products,6,7,20,0.6224,49.2,2.86,0,0
2025-01-15,Paid Social,/pricing,Pricing,4,5,16,0.5529,158.0,3.23,0,0
2025-01-15,Paid Social,/blog,Blog,4,6,6,0.6535,96.7,1.0,0,0
2025-01-15,Paid Social,/product-a,Product A,7,10,19,0.6244,99.5,1.92,0,0
2025-01-15,Paid Social,/product-b,Product B,2,4,8,0.5616,175.6,2.04,0,0
2025-01-15,Paid Social,/contact,Contact,6,7,13,0.5579,67.3,1.88,0,0
2025-01-15,Paid Social,/signup,Signup,4,5,9,0.467,147.2,1.84,0,0
2025-01-15,Paid Social,/checkout,Checkout,5,7,19,0.349,96.4,2.68,0,0
2025-01-15,Paid Social,/thank-you,Thank You,2,3,5,0.3332,125.7,1.62,0,0
2025-01-15,Email,/,Home,9,13,37,0.4231,267.1,2.87,1,1
2025-01-15,Email,/products,Products,6,8,33,0.2665,196.4,4.12,2,1
2025-01-15,Email,/pricing,Pricing,5,7,29,0.1867,235.8,4.08,0,0
2025-01-15,Email,/blog,Blog,8,9,28,0.4087,179.4,3.16,1,0
2025-01-15,Email,/product-a,Product A,5,6,21,0.231,239.4,3.49,0,0
2025-01-15,Email,/product-b,Product B,4,5,23,0.2023,291.2,4.52,0,0
2025-01-15,Email,/contact,Contact,2,4,13,0.1178,245.1,3.33,1,0
2025-01-15,Email,/signup,Signup,2,4,11,0.2002,264.4,2.79,0,0
2025-01-15,Email,/checkout,Checkout,2,3,11,0.0882,241.8,3.58,0,0
2025-01-15,Email,/thank-you,Thank You,1,2,6,0.0872,253.0,3.25,1,0
2025-01-16,Organic Search,/,Home,85,110,345,0.4183,118.0,3.14,4,6
2025-01-16,Organic Search,/products,Products,27,39,132,0.3575,167.8,3.38,1,1
2025-01-16,Organic Search,/pricing,Pricing,43,47,149,0.3364,151.7,3.16,4,5
2025-01-16,Organic Search,/blog,Blog,29,42,116,0.3992,156.0,2.77,0,3
2025-01-16,Organic Search,/product-a,Product A,50,54,200,0.3303,224.4,3.7,2,0
2025-01-16,Organic Search,/product-b,Product B,41,45,132,0.3053,213.4,2.93,1,4
2025-01-16,Organic Search,/contact,Contact,19,22,64,0.2141,165.6,2.89,5,1
2025-01-16,Organic Search,/signup,Signup,24,31,78,0.1836,98.8,2.51,3,6
2025-01-16,Organic Search,/checkout,Checkout,20,24,46,0.1518,232.3,1.92,6,3
2025-01-16,Organic Search,/thank-you,Thank You,15,17,46,0.08,172.5,2.73,1,4
2025-01-16,Paid Search,/,Home,71,84,229,0.5201,119.2,2.72,3,6
2025-01-16,Paid Search,/products,Products,52,58,205,0.4012,48.5,3.54,1,3
2025-01-16,Paid Search,/pricing,Pricing,22,24,59,0.3746,178.4,2.44,1,2
2025-01-16,Paid Search,/blog,Blog,45,55,57,0.648,125.3,1.03,6,4
2025-01-16,Paid Search,/product-a,Product A,22,32,87,0.4603,211.4,2.71,2,1
2025-01-16,Paid Search,/product-b,Product B,14,19,58,0.513,132.0,3.06,1,0
2025-01-16,Paid Search,/contact,Contact,16,19,45,0.4073,131.8,2.39,1,1
2025-01-16,Paid Search,/signup,Signup,32,38,38,0.2386,131.3,1.01,6,4
2025-01-16,Paid Search,/checkout,Checkout,21,27,64,0.099,146.3,2.37,2,3
2025-01-16,Paid Search,/thank-you,Thank You,10,14,22,0.1501,117.8,1.57,5,2
2025-01-16,Direct,/,Home,59,86,264,0.4492,87.3,3.07,3,3
2025-01-16,Direct,/products,Products,24,31,77,0.4138,124.6,2.48,1,1
2025-01-16,Direct,/pricing,Pricing,29,42,146,0.2672,195.5,3.48,2,2
2025-01-16,Direct,/blog,Blog,30,38,49,0.5461,97.4,1.28,2,1
2025-01-16,Direct,/product-a,Product A,32,41,148,0.4694,168.9,3.61,2,3
2025-01-16,Direct,/product-b,Product B,25,32,116,0.3001,239.3,3.61,1,3
2025-01-16,Direct,/contact,Contact,15,22,53,0.2882,115.9,2.4,1,1
2025-01-16,Direct,/signup,Signup,17,24,71,0.2579,142.1,2.98,2,1
2025-01-16,Direct,/checkout,Checkout,17,22,59,0.2602,211.4,2.68,3,2
2025-01-16,Direct,/thank-you,Thank You,11,14,31,0.1948,128.7,2.2,0,3
2025-01-16,Referral,/,Home,42,46,78,0.476,199.4,1.7,3,2
2025-01-16,Referral,/products,Products,33,45,170,0.3084,176.4,3.79,3,2
2025-01-16,Referral,/pricing,Pricing,28,33,144,0.3,152.5,4.36,4,3
2025-01-16,Referral,/blog,Blog,20,28,100,0.5586,146.5,3.57,2,1
2025-01-16,Referral,/product-a,Product A,17,24,86,0.2992,177.1,3.6,2,2
2025-01-16,Referral,/product-b,Product B,12,15,63,0.3096,196.0,4.17,1,2
2025-01-16,Referral,/contact,Contact,12,14,50,0.2151,165.8,3.59,1,0
2025-01-16,Referral,/signup,Signup,14,19,70,0.2099,171.1,3.69,5,0
2025-01-16,Referral,/checkout,Checkout,9,12,38,0.0901,215.2,3.15,1,2
2025-01-16,Referral,/thank-you,Thank You,10,11,30,0.08,166.6,2.76,1,1
2025-01-16,Organic Social,/,Home,30,34,76,0.6444,82.6,2.23,2,1
2025-01-16,Organic Social,/products,Products,18,21,53,0.4179,143.1,2.53,1,1
2025-01-16,Organic Social,/pricing,Pricing,17,19,44,0.486,152.2,2.33,0,0
2025-01-16,Organic Social,/blog,Blog,19,26,39,0.6227,126.6,1.49,1,1
2025-01-16,Organic Social,/product-a,Product A,15,21,77,0.4883,162.4,3.67,1,1
2025-01-16,Organic Social,/product-b,Product B,12,18,45,0.5416,85.1,2.5,0,0
2025-01-16,Organic Social,/contact,Contact,11,17,17,0.4819,90.8,1.0,0,0
2025-01-16,Organic Social,/signup,Signup,16,19,37,0.4054,67.4,1.92,0,0
2025-01-16,Organic Social,/checkout,Checkout,11,17,41,0.4269,108.7,2.39,1,1
2025-01-16,Organic Social,/thank-you,Thank You,7,8,15,0.1747,84.4,1.85,0,0
2025-01-16,Paid Social,/,Home,22,29,68,0.6362,118.1,2.34,1,2
2025-01-16,Paid Social,/products,Products,9,11,19,0.6573,78.3,1.7,1,0
2025-01-16,Paid Social,/pricing,Pricing,9,10,23,0.5107,173.6,2.29,0,1
2025-01-16,Paid Social,/blog,Blog,10,12,13,0.7023,48.7,1.12,1,0
2025-01-16,Paid Social,/product-a,Product A,6,8,17,0.5685,136.7,2.1,0,0
2025-01-16,Paid Social,/product-b,Product B,5,6,16,0.5664,146.9,2.71,0,0
2025-01-16,Paid Social,/contact,Contact,3,5,5,0.5682,88.5,1.0,0,1
2025-01-16,Paid Social,/signup,Signup,6,8,8,0.4434,63.0,1.0,1,0
2025-01-16,Paid Social,/checkout,Checkout,7,9,17,0.495,115.7,1.88,1,0
2025-01-16,Paid Social,/thank-you,Thank You,2,3,6,0.3276,73.5,2.13,0,0
2025-01-16,Email,/,Home,7,9,29,0.3808,214.4,3.21,1,2
2025-01-16,Email,/products,Products,10,11,43,0.2668,225.9,3.93,2,2
2025-01-16,Email,/pricing,Pricing,7,9,32,0.1956,281.0,3.5,1,2
2025-01-16,Email,/blog,Blog,7,8,29,0.4866,174.6,3.58,0,0
2025-01-16,Email,/product-a,Product A,4,6,26,0.3116,195.9,4.3,0,0
2025-01-16,Email,/product-b,Product B,5,6,23,0.2115,265.0,3.79,0,2
2025-01-16,Email,/contact,Contact,4,5,19,0.2636,205.6,3.8,1,1
2025-01-16,Email,/signup,Signup,3,4,16,0.1604,198.3,3.88,0,0
2025-01-16,Email,/checkout,Checkout,3,4,11,0.1332,281.7,2.71,1,0
2025-01-16,Email,/thank-you,Thank You,1,2,6,0.08,121.5,3.2,0,0
2025-01-17,Organic Search,/,Home,41,46,157,0.4754,187.0,3.42,3,6
2025-01-17,Organic Search,/products,Products,30,36,125,0.3704,165.5,3.48,2,4
2025-01-17,Organic Search,/pricing,Pricing,21,26,93,0.2784,157.0,3.58,1,1
2025-01-17,Organic Search,/blog,Blog,26,30,84,0.5438,158.2,2.79,1,0
2025-01-17,Organic Search,/product-a,Product A,26,33,131,0.3711,171.6,3.98,4,2
2025-01-17,Organic Search,/product-b,Product B,8,12,40,0.2808,148.3,3.29,1,0
2025-01-17,Organic Search,/contact,Contact,12,18,45,0.2312,151.5,2.5,1,0
2025-01-17,Organic Search,/signup,Signup,11,17,43,0.1871,236.4,2.54,3,0
2025-01-17,Organic Search,/checkout,Checkout,13,17,36,0.2245,220.1,2.09,2,3
2025-01-17,Organic Search,/thank-you,Thank You,7,11,25,0.1203,105.8,2.25,1,1
2025-01-17,Paid Search,/,Home,39,46,82,0.5388,164.0,1.79,2,2
2025-01-17,Paid Search,/products,Products,21,28,108,0.4132,56.6,3.87,3,1
2025-01-17,Paid Search,/pricing,Pricing,13,16,44,0.4654,134.3,2.73,2,2
2025-01-17,Paid Search,/blog,Blog,19,26,60,0.6117,151.1,2.3,2,1
2025-01-17,Paid Search,/product-a,Product A,10,14,32,0.4152,204.7,2.29,1,0
2025-01-17,Paid Search,/product-b,Product B,9,11,35,0.35,155.1,3.17,1,2
2025-01-17,Paid Search,/contact,Contact,12,13,38,0.4831,86.8,2.91,0,0
2025-01-17,Paid Search,/signup,Signup,10,14,34,0.3955,127.7,2.43,2,5
2025-01-17,Paid Search,/checkout,Checkout,7,9,23,0.3838,138.6,2.58,1,0
2025-01-17,Paid Search,/thank-you,Thank You,7,9,20,0.1788,137.5,2.27,0,2
2025-01-17,Direct,/,Home,22,29,55,0.4414,243.0,1.9,2,2
2025-01-17,Direct,/products,Products,27,39,139,0.4256,158.7,3.57,2,1
2025-01-17,Direct,/pricing,Pricing,15,21,72,0.3516,119.8,3.45,1,0
2025-01-17,Direct,/blog,Blog,18,24,48,0.4182,155.2,1.99,1,3
2025-01-17,Direct,/product-a,Product A,20,24,100,0.4736,158.0,4.15,1,1
2025-01-17,Direct,/product-b,Product B,15,21,81,0.4269,218.1,3.86,0,0
2025-01-17,Direct,/contact,Contact,12,17,51,0.3325,157.1,3.02,0,2
2025-01-17,Direct,/signup,Signup,17,19,51,0.3385,133.4,2.66,2,1
2025-01-17,Direct,/checkout,Checkout,9,10,32,0.08,150.8,3.15,0,0
2025-01-17,Direct,/thank-you,Thank You,4,6,16,0.2033,139.0,2.66,1,1
2025-01-17,Referral,/,Home,19,22,72,0.3428,224.7,3.27,2,4
2025-01-17,Referral,/products,Products,20,22,102,0.358,228.3,4.62,1,1
2025-01-17,Referral,/pricing,Pricing,9,10,45,0.2079,212.9,4.51,0,1
2025-01-17,Referral,/blog,Blog,16,22,64,0.5134,138.1,2.9,1,0
2025-01-17,Referral,/product-a,Product A,8,11,64,0.2759,257.5,5.81,0,0
2025-01-17,Referral,/product-b,Product B,10,13,49,0.2972,196.3,3.79,0,1
2025-01-17,Referral,/contact,Contact,6,9,19,0.3002,178.3,2.14,1,1
2025-01-17,Referral,/signup,Signup,9,10,27,0.1534,205.7,2.74,1,0
2025-01-17,Referral,/checkout,Checkout,9,10,34,0.08,167.7,3.38,0,1
2025-01-17,Referral,/thank-you,Thank You,2,3,11,0.1716,126.7,3.63,0,1
2025-01-17,Organic Social,/,Home,13,16,34,0.5523,61.3,2.12,0,1
2025-01-17,Organic Social,/products,Products,7,10,31,0.6406,114.9,3.13,0,0
2025-01-17,Organic Social,/pricing,Pricing,10,13,37,0.4877,121.5,2.82,0,1
2025-01-17,Organic Social,/blog,Blog,14,16,21,0.7358,107.2,1.29,0,0
2025-01-17,Organic Social,/product-a,Product A,10,14,47,0.5181,109.9,3.39,0,0
2025-01-17,Organic Social,/product-b,Product B,7,11,21,0.5381,90.3,1.92,0,0
2025-01-17,Organic Social,/contact,Contact,3,5,6,0.4439,112.0,1.18,0,0
2025-01-17,Organic Social,/signup,Signup,6,8,16,0.4039,38.5,2.01,0,0
2025-01-17,Organic Social,/checkout,Checkout,8,10,19,0.3058,153.1,1.9,0,0
2025-01-17,Organic Social,/thank-you,Thank You,2,4,8,0.3864,72.9,1.88,1,0
2025-01-17,Paid Social,/,Home,10,13,29,0.6998,53.3,2.24,0,0
2025-01-17,Paid Social,/products,Products,12,15,35,0.6661,82.0,2.32,0,0
2025-01-17,Paid Social,/pricing,Pricing,9,10,28,0.464,78.5,2.82,0,1
2025-01-17,Paid Social,/blog,Blog,10,11,15,0.8166,113.7,1.39,0,1
2025-01-17,Paid Social,/product-a,Product A,6,9,23,0.5971,113.6,2.52,0,0
2025-01-17,Paid Social,/product-b,Product B,5,6,15,0.5939,131.4,2.5,0,0
2025-01-17,Paid Social,/contact,Contact,4,5,9,0.4991,67.6,1.71,0,0
2025-01-17,Paid Social,/signup,Signup,6,9,14,0.4412,58.6,1.52,0,2
2025-01-17,Paid Social,/checkout,Checkout,5,7,12,0.4444,91.1,1.7,0,1
2025-01-17,Paid Social,/thank-you,Thank You,2,3,5,0.3678,83.2,1.73,0,0
2025-01-17,Email,/,Home,7,11,40,0.3876,301.4,3.61,1,0
2025-01-17,Email,/products,Products,6,10,43,0.3227,219.2,4.3,1,2
2025-01-17,Email,/pricing,Pricing,5,8,36,0.2704,204.8,4.48,2,0
2025-01-17,Email,/blog,Blog,7,9,32,0.3749,211.3,3.6,1,0
2025-01-17,Email,/product-a,Product A,3,4,15,0.2336,278.9,3.8,0,0
2025-01-17,Email,/product-b,Product B,3,4,15,0.1852,262.0,3.85,0,2
2025-01-17,Email,/contact,Contact,3,4,14,0.1316,183.7,3.53,0,0
2025-01-17,Email,/signup,Signup,3,4,9,0.1618,200.0,2.37,1,1
2025-01-17,Email,/checkout,Checkout,3,5,15,0.0869,248.3,2.91,2,1
2025-01-17,Email,/thank-you,Thank You,1,2,7,0.148,249.6,3.26,0,0
2025-01-18,Organic Search,/,Home,59,77,193,0.4381,122.1,2.51,5,5
2025-01-18,Organic Search,/products,Products,36,43,160,0.3094,115.1,3.72,1,3
2025-01-18,Organic Search,/pricing,Pricing,25,33,148,0.1567,123.5,4.5,1,1
2025-01-18,Organic Search,/blog,Blog,28,31,90,0.5324,147.0,2.92,2,4
2025-01-18,Organic Search,/product-a,Product A,27,35,118,0.2814,215.8,3.36,1,2
2025-01-18,Organic Search,/product-b,Product B,14,17,61,0.2425,183.5,3.61,2,0
2025-01-18,Organic Search,/contact,Contact,11,14,42,0.2129,157.6,2.97,0,2
2025-01-18,Organic Search,/signup,Signup,15,22,59,0.1784,139.1,2.69,2,2
2025-01-18,Organic Search,/checkout,Checkout,13,20,64,0.2099,160.0,3.19,1,1
2025-01-18,Organic Search,/thank-you,Thank You,9,13,41,0.1679,171.3,3.17,1,0
2025-01-18,Paid Search,/,Home,30,37,64,0.5814,97.9,1.74,4,3
2025-01-18,Paid Search,/products,Products,15,18,57,0.5214,139.8,3.14,2,1
2025-01-18,Paid Search,/pricing,Pricing,17,21,64,0.4319,161.6,3.06,0,1
2025-01-18,Paid Search,/blog,Blog,12,16,38,0.5379,118.9,2.35,3,0
2025-01-18,Paid Search,/product-a,Product A,10,14,51,0.4347,125.5,3.67,0,1
2025-01-18,Paid Search,/product-b,Product B,10,11,26,0.5337,185.5,2.34,0,0
2025-01-18,Paid Search,/contact,Contact,9,11,26,0.3903,115.3,2.36,3,2
2025-01-18,Paid Search,/signup,Signup,7,9,14,0.268,130.1,1.53,2,0
2025-01-18,Paid Search,/checkout,Checkout,9,10,25,0.2099,160.6,2.48,2,2
2025-01-18,Paid Search,/thank-you,Thank You,6,8,18,0.2423,67.8,2.3,2,0
2025-01-18,Direct,/,Home,33,45,119,0.4917,189.9,2.64,1,0
2025-01-18,Direct,/products,Products,15,17,75,0.291,159.7,4.43,0,0
2025-01-18,Direct,/pricing,Pricing,12,15,62,0.3991,255.3,4.14,0,0
2025-01-18,Direct,/blog,Blog,10,15,39,0.4331,110.6,2.62,1,1
2025-01-18,Direct,/product-a,Product A,8,12,39,0.3096,172.0,3.24,0,1
2025-01-18,Direct,/product-b,Product B,13,15,54,0.3902,188.4,3.6,3,0
2025-01-18,Direct,/contact,Contact,6,9,23,0.3931,138.7,2.57,0,1
2025-01-18,Direct,/signup,Signup,9,12,32,0.2839,160.1,2.7,0,1
2025-01-18,Direct,/checkout,Checkout,8,10,30,0.2926,195.6,3.03,2,2
2025-01-18,Direct,/thank-you,Thank You,6,7,26,0.1237,133.1,3.69,0,0
2025-01-18,Referral,/,Home,14,18,45,0.4566,227.5,2.48,0,2
2025-01-18,Referral,/products,Products,12,16,57,0.3806,218.6,3.58,0,0
2025-01-18,Referral,/pricing,Pricing,13,16,55,0.2619,181.2,3.44,1,2
2025-01-18,Referral,/blog,Blog,13,18,38,0.3282,194.7,2.1,0,2
2025-01-18,Referral,/product-a,Product A,7,9,29,0.3179,180.4,3.2,1,1
2025-01-18,Referral,/product-b,Product B,6,8,27,0.3523,136.5,3.42,0,0
2025-01-18,Referral,/contact,Contact,5,8,26,0.2095,180.8,3.27,1,0
2025-01-18,Referral,/signup,Signup,5,6,21,0.1266,177.9,3.58,3,1
2025-01-18,Referral,/checkout,Checkout,10,11,30,0.083,291.6,2.75,2,3
2025-01-18,Referral,/thank-you,Thank You,3,4,12,0.082,56.5,3.03,1,1
2025-01-18,Organic Social,/,Home,19,21,32,0.5639,121.9,1.51,0,0
2025-01-18,Organic Social,/products,Products,11,13,41,0.6398,68.8,3.12,0,0
2025-01-18,Organic Social,/pricing,Pricing,8,10,30,0.505,104.1,3.04,0,1
2025-01-18,Organic Social,/blog,Blog,17,23,48,0.6501,90.4,2.08,0,0
2025-01-18,Organic Social,/product-a,Product A,16,18,36,0.5318,86.8,2.0,0,1
2025-01-18,Organic Social,/product-b,Product B,8,12,33,0.5811,117.1,2.75,0,0
2025-01-18,Organic Social,/contact,Contact,9,10,21,0.4443,86.6,2.06,0,1
2025-01-18,Organic Social,/signup,Signup,9,13,31,0.3121,147.8,2.36,1,0
2025-01-18,Organic Social,/checkout,Checkout,7,10,19,0.3504,82.6,1.91,0,1
2025-01-18,Organic Social,/thank-you,Thank You,5,6,7,0.4568,103.1,1.14,0,0
2025-01-18,Paid Social,/,Home,8,12,24,0.6603,66.3,2.01,1,0
2025-01-18,Paid Social,/products,Products,9,11,20,0.5082,33.4,1.79,0,0
2025-01-18,Paid Social,/pricing,Pricing,5,7,15,0.517,137.0,2.16,0,0
2025-01-18,Paid Social,/blog,Blog,7,9,20,0.7155,56.1,2.22,0,0
2025-01-18,Paid Social,/product-a,Product A,8,11,29,0.4801,197.1,2.59,0,1
2025-01-18,Paid Social,/product-b,Product B,7,8,14,0.5403,128.1,1.81,1,0
2025-01-18,Paid Social,/contact,Contact,2,4,5,0.4812,73.2,1.17,0,0
2025-01-18,Paid Social,/signup,Signup,4,6,6,0.4559,82.3,1.0,1,0
2025-01-18,Paid Social,/checkout,Checkout,4,5,5,0.4321,116.0,1.0,0,0
2025-01-18,Paid Social,/thank-you,Thank You,2,3,5,0.4118,65.2,1.63,0,1
2025-01-18,Email,/,Home,11,15,60,0.4255,181.0,4.0,0,0
2025-01-18,Email,/products,Products,8,10,46,0.2799,189.5,4.58,1,2
2025-01-18,Email,/pricing,Pricing,5,6,26,0.2571,199.7,4.25,0,1
2025-01-18,Email,/blog,Blog,3,5,18,0.2374,193.7,3.51,1,0
2025-01-18,Email,/product-a,Product A,6,8,37,0.166,293.2,4.61,0,0
2025-01-18,Email,/product-b,Product B,3,5,20,0.3395,256.0,3.93,0,1
2025-01-18,Email,/contact,Contact,3,5,15,0.248,263.2,2.93,0,1
2025-01-18,Email,/signup,Signup,3,5,18,0.233,219.8,3.57,1,1
2025-01-18,Email,/checkout,Checkout,3,4,15,0.0897,187.9,3.67,2,0
2025-01-18,Email,/thank-you,Thank You,2,3,11,0.08,212.1,3.65,0,0
2025-01-19,Organic Search,/,Home,40,48,138,0.3706,107.2,2.87,2,7
2025-01-19,Organic Search,/products,Products,23,34,136,0.2978,144.9,4.0,3,4
2025-01-19,Organic Search,/pricing,Pricing,27,29,122,0.3235,251.5,4.22,3,1
2025-01-19,Organic Search,/blog,Blog,28,39,128,0.395,124.8,3.27,2,1
2025-01-19,Organic Search,/product-a,Product A,16,21,97,0.3171,159.9,4.62,0,2
2025-01-19,Organic Search,/product-b,Product B,16,24,104,0.3192,250.6,4.33,0,0
2025-01-19,Organic Search,/contact,Contact,8,12,31,0.2757,117.8,2.57,0,1
2025-01-19,Organic Search,/signup,Signup,15,22,67,0.1391,220.1,3.05,2,2
2025-01-19,Organic Search,/checkout,Checkout,17,19,60,0.1453,193.8,3.16,2,3
2025-01-19,Organic Search,/thank-you,Thank You,8,12,33,0.1834,210.5,2.74,4,1
2025-01-19,Paid Search,/,Home,34,43,116,0.6375,131.6,2.7,3,4
2025-01-19,Paid Search,/products,Products,30,33,107,0.3672,80.3,3.26,4,1
2025-01-19,Paid Search,/pricing,Pricing,17,23,75,0.3871,121.7,3.28,1,2
2025-01-19,Paid Search,/blog,Blog,14,17,33,0.6214,125.0,1.96,0,1
2025-01-19,Paid Search,/product-a,Product A,21,29,110,0.3804,148.5,3.81,1,2
2025-01-19,Paid Search,/product-b,Product B,10,15,44,0.3796,71.7,2.96,3,1
2025-01-19,Paid Search,/contact,Contact,16,20,40,0.2263,112.1,1.99,0,3
2025-01-19,Paid Search,/signup,Signup,15,19,26,0.3518,142.8,1.36,1,1
2025-01-19,Paid Search,/checkout,Checkout,9,13,31,0.2029,152.7,2.38,3,6
2025-01-19,Paid Search,/thank-you,Thank You,6,8,19,0.2099,114.7,2.38,0,1
2025-01-19,Direct,/,Home,66,71,187,0.4129,207.6,2.63,3,3
2025-01-19,Direct,/products,Products,29,36,126,0.4116,74.6,3.5,1,1
2025-01-19,Direct,/pricing,Pricing,20,25,94,0.2802,146.6,3.77,0,0
2025-01-19,Direct,/blog,Blog,37,45,81,0.5738,92.5,1.8,4,2
2025-01-19,Direct,/product-a,Product A,15,22,88,0.386,144.9,3.99,4,2
2025-01-19,Direct,/product-b,Product B,16,18,52,0.2889,239.4,2.89,0,2
2025-01-19,Direct,/contact,Contact,24,28,64,0.2757,152.5,2.29,2,1
2025-01-19,Direct,/signup,Signup,22,31,64,0.2663,190.3,2.06,4,6
2025-01-19,Direct,/checkout,Checkout,14,18,60,0.223,269.3,3.31,1,1
2025-01-19,Direct,/thank-you,Thank You,11,13,30,0.2522,115.3,2.32,2,2
2025-01-19,Referral,/,Home,22,25,118,0.3888,209.9,4.72,0,2
2025-01-19,Referral,/products,Products,15,21,85,0.2636,196.4,4.03,3,3
2025-01-19,Referral,/pricing,Pricing,7,8,36,0.2983,246.2,4.44,0,1
2025-01-19,Referral,/blog,Blog,7,10,22,0.4943,233.0,2.17,0,0
2025-01-19,Referral,/product-a,Product A,8,12,43,0.3636,194.8,3.58,0,0
2025-01-19,Referral,/product-b,Product B,10,12,44,0.2657,205.5,3.66,0,2
2025-01-19,Referral,/contact,Contact,6,9,20,0.1846,120.3,2.21,0,0
2025-01-19,Referral,/signup,Signup,8,9,26,0.1271,132.2,2.87,0,1
2025-01-19,Referral,/checkout,Checkout,5,7,22,0.1675,188.4,3.08,0,2
2025-01-19,Referral,/thank-you,Thank You,2,3,10,0.1005,175.9,3.27,0,0
2025-01-19,Organic Social,/,Home,11,16,28,0.5508,20.0,1.76,0,0
2025-01-19,Organic Social,/products,Products,16,21,59,0.5782,59.0,2.8,0,0
2025-01-19,Organic Social,/pricing,Pricing,10,15,36,0.4955,101.5,2.37,1,0
2025-01-19,Organic Social,/blog,Blog,7,9,9,0.6638,59.7,1.0,0,0
2025-01-19,Organic Social,/product-a,Product A,13,16,38,0.595,150.9,2.39,0,0
2025-01-19,Organic Social,/product-b,Product B,7,9,25,0.5292,92.1,2.81,0,0
2025-01-19,Organic Social,/contact,Contact,7,11,16,0.4125,139.9,1.43,0,3
2025-01-19,Organic Social,/signup,Signup,5,7,11,0.4181,64.3,1.61,0,1
2025-01-19,Organic Social,/checkout,Checkout,6,8,24,0.3822,112.2,2.98,0,0
2025-01-19,Organic Social,/thank-you,Thank You,4,6,9,0.3804,36.6,1.57,0,1
2025-01-19,Paid Social,/,Home,20,24,49,0.6326,72.6,2.04,1,0
2025-01-19,Paid Social,/products,Products,10,15,26,0.4782,71.6,1.7,0,0
2025-01-19,Paid Social,/pricing,Pricing,12,14,27,0.4665,126.0,1.92,0,2
2025-01-19,Paid Social,/blog,Blog,5,8,8,0.6534,122.1,1.0,0,0
2025-01-19,Paid Social,/product-a,Product A,8,10,34,0.6421,67.6,3.45,0,0
2025-01-19,Paid Social,/product-b,Product B,8,10,25,0.5554,115.8,2.5,0,0
2025-01-19,Paid Social,/contact,Contact,8,10,14,0.441,41.8,1.39,0,0
2025-01-19,Paid Social,/signup,Signup,5,7,14,0.4582,82.2,2.01,0,0
2025-01-19,Paid Social,/checkout,Checkout,3,5,10,0.4468,51.2,1.99,1,0
2025-01-19,Paid Social,/thank-you,Thank You,2,3,7,0.4378,195.2,2.21,0,0
2025-01-19,Email,/,Home,7,11,27,0.3562,233.3,2.49,3,1
2025-01-19,Email,/products,Products,6,8,27,0.1953,287.3,3.33,4,1
2025-01-19,Email,/pricing,Pricing,4,6,22,0.2156,233.1,3.68,1,0
2025-01-19,Email,/blog,Blog,7,8,26,0.3421,145.9,3.21,0,0
2025-01-19,Email,/product-a,Product A,5,7,29,0.3447,245.6,4.08,0,1
2025-01-19,Email,/product-b,Product B,3,4,13,0.282,181.1,3.28,0,0
2025-01-19,Email,/contact,Contact,1,2,6,0.1248,225.1,3.24,0,0
2025-01-19,Email,/signup,Signup,2,3,10,0.1225,200.5,3.22,0,1
2025-01-19,Email,/checkout,Checkout,2,3,11,0.08,231.6,3.67,1,2
2025-01-19,Email,/thank-you,Thank You,1,2,5,0.08,232.9,2.36,0,0
2025-01-20,Organic Search,/,Home,72,91,262,0.4614,99.8,2.88,5,6
2025-01-20,Organic Search,/products,Products,34,48,175,0.4122,97.2,3.64,0,1
2025-01-20,Organic Search,/pricing,Pricing,17,22,72,0.3099,192.6,3.27,1,0
2025-01-20,Organic Search,/blog,Blog,22,27,97,0.4633,143.6,3.59,2,0
2025-01-20,Organic Search,/product-a,Product A,26,37,110,0.3138,188.8,2.98,0,2
2025-01-20,Organic Search,/product-b,Product B,17,20,51,0.5275,176.8,2.57,0,0
2025-01-20,Organic Search,/contact,Contact,25,29,78,0.3367,191.0,2.71,2,0
2025-01-20,Organic Search,/signup,Signup,21,31,118,0.1594,158.9,3.79,3,2
2025-01-20,Organic Search,/checkout,Checkout,18,21,68,0.1964,203.8,3.25,3,2
2025-01-20,Organic Search,/thank-you,Thank You,9,10,41,0.126,154.2,4.14,0,3
2025-01-20,Paid Search,/,Home,32,44,96,0.4823,99.7,2.19,2,4
2025-01-20,Paid Search,/products,Products,18,21,61,0.3802,61.8,2.89,1,0
2025-01-20,Paid Search,/pricing,Pricing,16,18,40,0.4248,139.5,2.24,0,1
2025-01-20,Paid Search,/blog,Blog,17,26,46,0.6226,141.2,1.79,0,3
2025-01-20,Paid Search,/product-a,Product A,12,14,42,0.5611,133.4,3.0,0,1
2025-01-20,Paid Search,/product-b,Product B,17,20,67,0.4251,125.7,3.35,0,3
2025-01-20,Paid Search,/contact,Contact,10,13,19,0.3729,121.5,1.48,0,1
2025-01-20,Paid Search,/signup,Signup,19,21,40,0.3145,94.8,1.92,5,5
2025-01-20,Paid Search,/checkout,Checkout,10,14,40,0.4049,203.8,2.85,1,1
2025-01-20,Paid Search,/thank-you,Thank You,5,8,19,0.3278,139.1,2.33,0,2
2025-01-20,Direct,/,Home,23,33,59,0.3956,123.7,1.77,0,2
2025-01-20,Direct,/products,Products,24,30,82,0.3597,140.6,2.75,0,0
2025-01-20,Direct,/pricing,Pricing,24,32,111,0.3033,183.5,3.47,3,2
2025-01-20,Direct,/blog,Blog,27,31,92,0.5422,109.1,2.96,0,1
2025-01-20,Direct,/product-a,Product A,13,19,82,0.4216,176.3,4.33,3,1
2025-01-20,Direct,/product-b,Product B,14,17,58,0.3167,248.9,3.39,1,2
2025-01-20,Direct,/contact,Contact,10,14,29,0.3664,160.9,2.07,1,0
2025-01-20,Direct,/signup,Signup,11,14,37,0.2781,153.5,2.65,1,2
2025-01-20,Direct,/checkout,Checkout,17,20,61,0.2583,176.9,3.07,0,4
2025-01-20,Direct,/thank-you,Thank You,9,12,25,0.184,96.0,2.09,1,1
2025-01-20,Referral,/,Home,13,15,48,0.4386,262.3,3.2,1,1
2025-01-20,Referral,/products,Products,9,11,47,0.2865,214.5,4.31,1,1
2025-01-20,Referral,/pricing,Pricing,7,9,32,0.3286,309.6,3.57,1,1
2025-01-20,Referral,/blog,Blog,6,8,24,0.4151,88.2,3.06,1,0
2025-01-20,Referral,/product-a,Product A,5,8,26,0.2845,141.8,3.19,0,0
2025-01-20,Referral,/product-b,Product B,4,5,21,0.2955,198.4,4.28,0,0
2025-01-20,Referral,/contact,Contact,6,7,17,0.3001,143.5,2.46,1,0
2025-01-20,Referral,/signup,Signup,6,7,21,0.2243,177.9,3.03,0,3
2025-01-20,Referral,/checkout,Checkout,3,5,15,0.1382,200.7,2.96,1,2
2025-01-20,Referral,/thank-you,Thank You,2,3,10,0.0875,203.0,3.42,0,0
2025-01-20,Organic Social,/,Home,17,24,62,0.6968,129.5,2.58,0,0
2025-01-20,Organic Social,/products,Products,12,14,50,0.6442,139.8,3.57,0,0
2025-01-20,Organic Social,/pricing,Pricing,6,8,21,0.4568,137.4,2.63,0,0
2025-01-20,Organic Social,/blog,Blog,10,14,38,0.6814,137.1,2.74,0,0
2025-01-20,Organic Social,/product-a,Product A,8,10,22,0.5618,129.9,2.21,1,0
2025-01-20,Organic Social,/product-b,Product B,4,7,20,0.5184,110.2,2.85,0,0
2025-01-20,Organic Social,/contact,Contact,3,5,10,0.5073,46.9,2.07,0,0
2025-01-20,Organic Social,/signup,Signup,4,5,15,0.4343,119.8,2.93,0,0
2025-01-20,Organic Social,/checkout,Checkout,3,4,7,0.4444,128.6,1.87,1,0
2025-01-20,Organic Social,/thank-you,Thank You,4,5,11,0.2735,128.4,2.13,0,0
2025-01-20,Paid Social,/,Home,15,18,33,0.746,62.6,1.81,0,1
2025-01-20,Paid Social,/products,Products,7,9,27,0.5846,82.8,2.97,0,0
2025-01-20,Paid Social,/pricing,Pricing,5,8,22,0.5119,158.5,2.69,0,0
2025-01-20,Paid Social,/blog,Blog,6,7,15,0.7339,66.7,2.08,0,0
2025-01-20,Paid Social,/product-a,Product A,8,10,27,0.6056,115.9,2.67,0,0
2025-01-20,Paid Social,/product-b,Product B,6,8,23,0.5599,58.1,2.82,0,0
2025-01-20,Paid Social,/contact,Contact,3,4,7,0.3835,78.8,1.83,0,1
2025-01-20,Paid Social,/signup,Signup,6,8,8,0.4786,63.2,1.0,0,0
2025-01-20,Paid Social,/checkout,Checkout,3,5,5,0.3597,120.0,1.0,0,0
2025-01-20,Paid Social,/thank-you,Thank You,2,3,6,0.3303,64.7,2.08,0,1
2025-01-20,Email,/,Home,7,10,29,0.4141,147.8,2.9,0,0
2025-01-20,Email,/products,Products,3,4,14,0.3234,227.6,3.49,1,1
2025-01-20,Email,/pricing,Pricing,3,4,10,0.2508,276.1,2.56,0,0
2025-01-20,Email,/blog,Blog,3,5,18,0.3824,116.2,3.51,1,1
2025-01-20,Email,/product-a,Product A,2,3,13,0.2913,232.4,4.22,1,0
2025-01-20,Email,/product-b,Product B,2,3,13,0.2627,232.6,4.24,1,0
2025-01-20,Email,/contact,Contact,2,3,11,0.1918,240.1,3.59,0,0
2025-01-20,Email,/signup,Signup,3,5,18,0.1154,198.1,3.59,2,1
2025-01-20,Email,/checkout,Checkout,2,3,7,0.08,253.5,2.36,1,1
2025-01-20,Email,/thank-you,Thank You,1,1,3,0.08,147.4,2.96,0,0
2025-01-21,Organic Search,/,Home,94,110,249,0.4393,155.4,2.26,4,9
2025-01-21,Organic Search,/products,Products,29,43,126,0.3529,272.3,2.93,4,2
2025-01-21,Organic Search,/pricing,Pricing,34,50,175,0.3507,184.3,3.5,5,2
2025-01-21,Organic Search,/blog,Blog,28,35,94,0.4844,184.6,2.68,0,3
2025-01-21,Organic Search,/product-a,Product A,30,42,147,0.3848,246.1,3.51,1,1
2025-01-21,Organic Search,/product-b,Product B,36,43,165,0.3162,219.7,3.85,1,2
2025-01-21,Organic Search,/contact,Contact,22,32,59,0.2729,170.3,1.86,2,0
2025-01-21,Organic Search,/signup,Signup,31,44,132,0.0814,209.7,3.01,7,7
2025-01-21,Organic Search,/checkout,Checkout,23,31,59,0.1507,228.9,1.9,2,3
2025-01-21,Organic Search,/thank-you,Thank You,10,14,35,0.2535,173.2,2.48,3,2
2025-01-21,Paid Search,/,Home,32,47,104,0.4773,98.8,2.21,1,2
2025-01-21,Paid Search,/products,Products,22,24,72,0.5777,120.6,2.98,0,1
2025-01-21,Paid Search,/pricing,Pricing,28,34,100,0.4646,172.6,2.95,0,0
2025-01-21,Paid Search,/blog,Blog,31,41,76,0.5653,111.4,1.85,0,0
2025-01-21,Paid Search,/product-a,Product A,21,25,69,0.3412,169.2,2.75,1,1
2025-01-21,Paid Search,/product-b,Product B,15,19,64,0.4842,190.5,3.38,0,1
2025-01-21,Paid Search,/contact,Contact,13,17,35,0.2677,147.6,2.07,2,2
2025-01-21,Paid Search,/signup,Signup,12,16,24,0.3472,118.0,1.47,1,3
2025-01-21,Paid Search,/checkout,Checkout,11,13,15,0.297,156.6,1.13,2,1
2025-01-21,Paid Search,/thank-you,Thank You,4,7,19,0.2926,152.8,2.71,0,0
2025-01-21,Direct,/,Home,41,55,135,0.3742,150.3,2.46,0,3
2025-01-21,Direct,/products,Products,52,59,191,0.4314,141.0,3.23,2,4
2025-01-21,Direct,/pricing,Pricing,32,40,121,0.2116,179.8,3.02,0,1
2025-01-21,Direct,/blog,Blog,23,29,61,0.4432,192.8,2.12,0,0
2025-01-21,Direct,/product-a,Product A,39,44,180,0.3982,210.3,4.09,2,3
2025-01-21,Direct,/product-b,Product B,25,36,121,0.3524,241.7,3.37,2,1
2025-01-21,Direct,/contact,Contact,19,22,54,0.3539,98.5,2.46,0,0
2025-01-21,Direct,/signup,Signup,18,24,73,0.1386,176.9,3.03,1,0
2025-01-21,Direct,/checkout,Checkout,30,35,107,0.1776,191.6,3.05,3,2
2025-01-21,Direct,/thank-you,Thank You,14,19,61,0.1695,130.9,3.22,4,0
2025-01-21,Referral,/,Home,22,28,92,0.4192,201.0,3.28,1,2
2025-01-21,Referral,/products,Products,24,29,112,0.2778,145.9,3.85,2,2
2025-01-21,Referral,/pricing,Pricing,10,11,48,0.2386,157.9,4.33,2,0
2025-01-21,Referral,/blog,Blog,13,15,45,0.4285,138.7,2.99,0,2
2025-01-21,Referral,/product-a,Product A,15,20,79,0.2514,228.7,3.97,1,4
2025-01-21,Referral,/product-b,Product B,8,10,34,0.2561,239.1,3.42,1,1
2025-01-21,Referral,/contact,Contact,6,8,17,0.2282,192.6,2.12,0,4
2025-01-21,Referral,/signup,Signup,13,15,33,0.1836,184.7,2.22,1,3
2025-01-21,Referral,/checkout,Checkout,8,11,33,0.08,263.3,2.96,0,1
2025-01-21,Referral,/thank-you,Thank You,4,5,17,0.1024,162.4,3.39,0,0
2025-01-21,Organic Social,/,Home,37,41,69,0.5758,59.1,1.69,3,0
2025-01-21,Organic Social,/products,Products,27,35,102,0.4689,81.7,2.9,0,2
2025-01-21,Organic Social,/pricing,Pricing,12,15,45,0.4378,105.0,3.01,0,0
2025-01-21,Organic Social,/blog,Blog,21,25,55,0.648,66.9,2.2,0,0
2025-01-21,Organic Social,/product-a,Product A,18,23,66,0.604,178.3,2.86,0,0
2025-01-21,Organic Social,/product-b,Product B,10,12,31,0.5662,94.8,2.57,0,0
2025-01-21,Organic Social,/contact,Contact,12,15,28,0.4617,79.5,1.85,0,0
2025-01-21,Organic Social,/signup,Signup,11,16,37,0.417,70.3,2.31,1,1
2025-01-21,Organic Social,/checkout,Checkout,11,14,24,0.4463,139.9,1.74,1,2
2025-01-21,Organic Social,/thank-you,Thank You,4,5,7,0.2155,124.0,1.32,0,0
2025-01-21,Paid Social,/,Home,11,16,19,0.6664,66.4,1.21,0,0
2025-01-21,Paid Social,/products,Products,9,11,24,0.6151,31.1,2.15,0,0
2025-01-21,Paid Social,/pricing,Pricing,8,12,22,0.5008,148.0,1.8,0,0
2025-01-21,Paid Social,/blog,Blog,9,12,15,0.6852,97.7,1.22,1,0
2025-01-21,Paid Social,/product-a,Product A,7,10,29,0.5163,76.9,2.92,0,1
2025-01-21,Paid Social,/product-b,Product B,4,7,16,0.5652,174.4,2.33,0,0
2025-01-21,Paid Social,/contact,Contact,6,7,10,0.5118,92.7,1.36,0,1
2025-01-21,Paid Social,/signup,Signup,7,11,12,0.5484,82.3,1.13,0,0
2025-01-21,Paid Social,/checkout,Checkout,5,8,14,0.3344,59.7,1.73,1,0
2025-01-21,Paid Social,/thank-you,Thank You,2,3,5,0.376,53.5,1.7,1,0
2025-01-21,Email,/,Home,14,19,74,0.3529,203.2,3.88,5,2
2025-01-21,Email,/products,Products,7,10,39,0.3203,179.6,3.92,2,0
2025-01-21,Email,/pricing,Pricing,8,10,45,0.2101,310.0,4.5,0,1
2025-01-21,Email,/blog,Blog,11,13,41,0.3143,220.0,3.17,2,1
2025-01-21,Email,/product-a,Product A,7,10,38,0.2301,224.8,3.83,0,1
2025-01-21,Email,/product-b,Product B,6,7,32,0.2257,137.8,4.62,1,0
2025-01-21,Email,/contact,Contact,6,8,32,0.2578,210.6,3.94,0,0
2025-01-21,Email,/signup,Signup,5,8,25,0.1692,239.9,3.17,1,4
2025-01-21,Email,/checkout,Checkout,6,8,29,0.08,231.6,3.63,2,2
2025-01-21,Email,/thank-you,Thank You,2,3,9,0.0977,186.5,3.09,1,0
2025-01-22,Organic Search,/,Home,93,120,286,0.5076,129.8,2.38,4,7
2025-01-22,Organic Search,/products,Products,57,79,317,0.3579,152.8,4.02,5,3
2025-01-22,Organic Search,/pricing,Pricing,49,60,211,0.2785,173.6,3.52,4,4
2025-01-22,Organic Search,/blog,Blog,52,66,161,0.4884,144.9,2.45,2,4
2025-01-22,Organic Search,/product-a,Product A,35,45,130,0.3112,255.7,2.9,1,3
2025-01-22,Organic Search,/product-b,Product B,22,25,80,0.4562,205.0,3.2,1,0
2025-01-22,Organic Search,/contact,Contact,21,31,85,0.2466,85.5,2.75,3,3
2025-01-22,Organic Search,/signup,Signup,24,35,83,0.0863,137.0,2.37,5,3
2025-01-22,Organic Search,/checkout,Checkout,22,25,70,0.1726,255.7,2.79,2,4
2025-01-22,Organic Search,/thank-you,Thank You,21,24,70,0.2612,187.2,2.94,2,3
2025-01-22,Paid Search,/,Home,32,47,93,0.6573,191.4,1.97,2,8
2025-01-22,Paid Search,/products,Products,38,45,131,0.5074,156.9,2.9,2,2
2025-01-22,Paid Search,/pricing,Pricing,29,33,100,0.4276,173.2,3.03,1,2
2025-01-22,Paid Search,/blog,Blog,32,43,87,0.4934,110.8,2.01,4,1
2025-01-22,Paid Search,/product-a,Product A,19,26,87,0.4079,164.7,3.36,1,0
2025-01-22,Paid Search,/product-b,Product B,25,27,105,0.4304,78.2,3.9,1,0
2025-01-22,Paid Search,/contact,Contact,10,15,27,0.2932,89.4,1.82,1,3
2025-01-22,Paid Search,/signup,Signup,19,24,45,0.3,160.7,1.86,2,5
2025-01-22,Paid Search,/checkout,Checkout,22,25,63,0.2224,143.9,2.51,5,3
2025-01-22,Paid Search,/thank-you,Thank You,14,16,41,0.2421,97.3,2.58,3,1
2025-01-22,Direct,/,Home,58,64,159,0.431,159.5,2.48,1,4
2025-01-22,Direct,/products,Products,25,31,113,0.4621,196.8,3.63,2,3
2025-01-22,Direct,/pricing,Pricing,22,28,99,0.3586,209.4,3.55,1,2
2025-01-22,Direct,/blog,Blog,19,23,54,0.5893,160.8,2.37,0,4
2025-01-22,Direct,/product-a,Product A,34,40,142,0.438,194.7,3.55,1,0
2025-01-22,Direct,/product-b,Product B,25,27,110,0.3968,224.4,4.09,1,2
2025-01-22,Direct,/contact,Contact,16,18,42,0.2889,170.6,2.35,1,1
2025-01-22,Direct,/signup,Signup,20,23,52,0.2701,141.1,2.28,1,3
2025-01-22,Direct,/checkout,Checkout,12,15,45,0.2856,229.4,3.01,3,3
2025-01-22,Direct,/thank-you,Thank You,7,9,24,0.08,79.2,2.63,0,0
2025-01-22,Referral,/,Home,37,42,136,0.4222,142.7,3.23,2,1
2025-01-22,Referral,/products,Products,19,21,76,0.2599,219.2,3.6,1,2
2025-01-22,Referral,/pricing,Pricing,10,14,47,0.3291,265.0,3.35,0,0
2025-01-22,Referral,/blog,Blog,13,15,49,0.3623,176.1,3.26,0,1
2025-01-22,Referral,/product-a,Product A,9,13,43,0.2375,169.7,3.32,0,1
2025-01-22,Referral,/product-b,Product B,7,9,30,0.3574,203.6,3.34,0,2
2025-01-22,Referral,/contact,Contact,9,11,29,0.1858,215.3,2.64,0,1
2025-01-22,Referral,/signup,Signup,11,16,53,0.2646,139.1,3.34,1,2
2025-01-22,Referral,/checkout,Checkout,8,10,36,0.08,199.1,3.64,1,2
2025-01-22,Referral,/thank-you,Thank You,3,4,15,0.1363,160.5,3.77,0,1
2025-01-22,Organic Social,/,Home,24,28,57,0.6336,33.1,2.05,0,2
2025-01-22,Organic Social,/products,Products,13,19,54,0.568,89.6,2.82,0,0
2025-01-22,Organic Social,/pricing,Pricing,12,14,42,0.4682,126.5,3.03,0,0
2025-01-22,Organic Social,/blog,Blog,11,13,32,0.6548,34.3,2.47,0,0
2025-01-22,Organic Social,/product-a,Product A,6,8,22,0.4746,184.1,2.75,0,0
2025-01-22,Organic Social,/product-b,Product B,10,13,40,0.452,187.2,3.08,0,0
2025-01-22,Organic Social,/contact,Contact,8,10,11,0.5132,111.7,1.07,0,1
2025-01-22,Organic Social,/signup,Signup,5,8,18,0.3295,157.0,2.22,0,1
2025-01-22,Organic Social,/checkout,Checkout,8,11,27,0.3798,140.0,2.49,0,0
2025-01-22,Organic Social,/thank-you,Thank You,3,4,6,0.1807,124.1,1.61,0,0
2025-01-22,Paid Social,/,Home,27,33,57,0.7002,92.6,1.72,2,0
2025-01-22,Paid Social,/products,Products,19,22,48,0.5914,54.4,2.17,1,0
2025-01-22,Paid Social,/pricing,Pricing,8,12,27,0.4534,141.7,2.28,0,0
2025-01-22,Paid Social,/blog,Blog,18,21,54,0.7056,69.0,2.59,0,1
2025-01-22,Paid Social,/product-a,Product A,14,16,29,0.4827,100.8,1.8,1,2
2025-01-22,Paid Social,/product-b,Product B,11,14,41,0.671,116.0,2.9,0,1
2025-01-22,Paid Social,/contact,Contact,12,13,14,0.4518,48.4,1.09,2,0
2025-01-22,Paid Social,/signup,Signup,8,9,14,0.3895,101.2,1.57,0,1
2025-01-22,Paid Social,/checkout,Checkout,8,11,20,0.4452,122.6,1.86,0,0
2025-01-22,Paid Social,/thank-you,Thank You,3,4,4,0.4293,96.6,1.12,0,0
2025-01-22,Email,/,Home,7,9,16,0.2922,131.6,1.74,2,1
2025-01-22,Email,/products,Products,7,9,31,0.289,153.7,3.44,0,1
2025-01-22,Email,/pricing,Pricing,5,6,25,0.2598,228.2,4.12,2,1
2025-01-22,Email,/blog,Blog,4,5,16,0.3797,139.5,3.27,0,1
2025-01-22,Email,/product-a,Product A,4,6,25,0.3253,206.6,4.14,0,0
2025-01-22,Email,/product-b,Product B,3,5,21,0.3032,223.0,4.27,0,1
2025-01-22,Email,/contact,Contact,1,2,7,0.2213,257.3,3.28,0,2
2025-01-22,Email,/signup,Signup,4,5,13,0.1496,197.8,2.7,1,2
2025-01-22,Email,/checkout,Checkout,3,5,21,0.08,226.0,4.22,1,2
2025-01-22,Email,/thank-you,Thank You,1,2,8,0.08,207.2,4.23,1,0
2025-01-23,Organic Search,/,Home,46,62,156,0.4067,146.9,2.52,3,2
2025-01-23,Organic Search,/products,Products,33,46,171,0.3145,170.4,3.72,2,2
2025-01-23,Organic Search,/pricing,Pricing,36,52,160,0.2368,168.0,3.07,2,1
2025-01-23,Organic Search,/blog,Blog,34,47,144,0.4794,189.7,3.06,1,3
2025-01-23,Organic Search,/product-a,Product A,31,33,101,0.3048,183.3,3.06,2,2
2025-01-23,Organic Search,/product-b,Product B,21,25,95,0.3195,227.7,3.81,1,0
2025-01-23,Organic Search,/contact,Contact,23,26,58,0.2107,139.8,2.24,2,0
2025-01-23,Organic Search,/signup,Signup,30,38,105,0.2625,248.9,2.76,4,2
2025-01-23,Organic Search,/checkout,Checkout,21,25,74,0.2191,160.1,2.98,3,5
2025-01-23,Organic Search,/thank-you,Thank You,13,16,51,0.253,126.1,3.16,1,1
2025-01-23,Paid Search,/,Home,32,44,56,0.5271,154.4,1.27,3,5
2025-01-23,Paid Search,/products,Products,29,32,121,0.3894,108.5,3.78,1,3
2025-01-23,Paid Search,/pricing,Pricing,8,12,32,0.3677,100.1,2.66,0,1
2025-01-23,Paid Search,/blog,Blog,11,16,44,0.7131,125.3,2.75,0,2
2025-01-23,Paid Search,/product-a,Product A,16,23,60,0.4278,191.1,2.6,0,3
2025-01-23,Paid Search,/product-b,Product B,14,18,36,0.4544,154.2,2.0,2,0
2025-01-23,Paid Search,/contact,Contact,12,14,30,0.4276,82.7,2.14,0,1
2025-01-23,Paid Search,/signup,Signup,15,19,32,0.3165,113.5,1.71,4,1
2025-01-23,Paid Search,/checkout,Checkout,10,11,26,0.2823,165.8,2.4,0,2
2025-01-23,Paid Search,/thank-you,Thank You,5,7,14,0.1252,113.7,1.95,0,0
2025-01-23,Direct,/,Home,35,41,127,0.5009,100.5,3.1,1,2
2025-01-23,Direct,/products,Products,34,49,195,0.4507,141.7,3.99,0,1
2025-01-23,Direct,/pricing,Pricing,18,20,69,0.343,188.5,3.43,0,1
2025-01-23,Direct,/blog,Blog,18,23,57,0.6152,179.8,2.48,1,1
2025-01-23,Direct,/product-a,Product A,23,34,141,0.2387,221.1,4.15,2,2
2025-01-23,Direct,/product-b,Product B,19,22,82,0.2654,186.0,3.71,0,1
2025-01-23,Direct,/contact,Contact,19,22,78,0.2399,214.3,3.54,0,1
2025-01-23,Direct,/signup,Signup,19,22,62,0.3456,96.5,2.83,0,1
2025-01-23,Direct,/checkout,Checkout,14,18,48,0.206,208.6,2.64,1,1
2025-01-23,Direct,/thank-you,Thank You,5,7,17,0.1171,133.8,2.37,0,0
2025-01-23,Referral,/,Home,27,37,108,0.3654,234.4,2.92,1,2
2025-01-23,Referral,/products,Products,11,16,54,0.3868,180.9,3.36,2,0
2025-01-23,Referral,/pricing,Pricing,16,18,82,0.2279,264.4,4.54,1,0
2025-01-23,Referral,/blog,Blog,13,17,51,0.3955,230.1,3.01,1,1
2025-01-23,Referral,/product-a,Product A,13,14,55,0.3187,248.5,3.92,1,0
2025-01-23,Referral,/product-b,Product B,9,14,43,0.3766,224.5,3.1,1,0
2025-01-23,Referral,/contact,Contact,5,7,24,0.3265,184.6,3.38,0,0
2025-01-23,Referral,/signup,Signup,7,9,23,0.3418,190.6,2.57,1,0
2025-01-23,Referral,/checkout,Checkout,11,12,34,0.204,227.1,2.8,1,0
2025-01-23,Referral,/thank-you,Thank You,2,3,10,0.2353,186.4,3.17,0,0
2025-01-23,Organic Social,/,Home,15,18,27,0.6468,145.1,1.48,0,2
2025-01-23,Organic Social,/products,Products,8,11,20,0.5276,92.7,1.81,0,0
2025-01-23,Organic Social,/pricing,Pricing,10,15,46,0.6004,182.9,3.06,1,0
2025-01-23,Organic Social,/blog,Blog,13,15,26,0.7193,116.8,1.74,1,0
2025-01-23,Organic Social,/product-a,Product A,7,11,25,0.48,100.0,2.26,1,0
2025-01-23,Organic Social,/product-b,Product B,7,10,28,0.5546,98.5,2.82,0,0
2025-01-23,Organic Social,/contact,Contact,4,6,12,0.3991,86.5,2.03,0,0
2025-01-23,Organic Social,/signup,Signup,7,10,26,0.3109,82.8,2.63,1,0
2025-01-23,Organic Social,/checkout,Checkout,9,11,22,0.3479,124.5,2.01,0,0
2025-01-23,Organic Social,/thank-you,Thank You,3,5,8,0.3262,45.8,1.57,0,1
2025-01-23,Paid Social,/,Home,24,28,28,0.6739,86.6,1.0,2,1
2025-01-23,Paid Social,/products,Products,8,10,30,0.7819,50.0,2.98,0,0
2025-01-23,Paid Social,/pricing,Pricing,6,7,21,0.5334,106.2,2.95,0,0
2025-01-23,Paid Social,/blog,Blog,9,13,25,0.6651,83.9,1.92,0,0
2025-01-23,Paid Social,/product-a,Product A,5,8,18,0.5898,106.6,2.26,0,0
2025-01-23,Paid Social,/product-b,Product B,7,8,17,0.6059,20.0,2.1,0,0
2025-01-23,Paid Social,/contact,Contact,3,5,7,0.4564,80.3,1.3,0,0
2025-01-23,Paid Social,/signup,Signup,6,7,8,0.4961,67.0,1.09,1,1
2025-01-23,Paid Social,/checkout,Checkout,4,6,13,0.4556,143.7,2.09,0,0
2025-01-23,Paid Social,/thank-you,Thank You,4,5,12,0.2973,28.3,2.48,0,0
2025-01-23,Email,/,Home,10,11,48,0.2828,136.2,4.38,0,0
2025-01-23,Email,/products,Products,3,5,21,0.1891,175.6,4.15,2,0
2025-01-23,Email,/pricing,Pricing,4,5,16,0.1869,205.1,3.19,1,0
2025-01-23,Email,/blog,Blog,4,6,13,0.3823,188.9,2.22,0,0
2025-01-23,Email,/product-a,Product A,3,4,17,0.2367,280.3,4.37,0,0
2025-01-23,Email,/product-b,Product B,2,3,14,0.2509,232.1,4.71,0,0
2025-01-23,Email,/contact,Contact,3,4,10,0.172,234.0,2.45,0,0
2025-01-23,Email,/signup,Signup,2,4,12,0.1604,236.4,2.96,0,0
2025-01-23,Email,/checkout,Checkout,3,5,20,0.1476,251.6,3.97,0,1
2025-01-23,Email,/thank-you,Thank You,1,1,4,0.08,165.9,3.81,0,0
2025-01-24,Organic Search,/,Home,77,93,321,0.3681,143.3,3.45,2,3
2025-01-24,Organic Search,/products,Products,42,53,227,0.428,193.0,4.28,4,8
2025-01-24,Organic Search,/pricing,Pricing,32,35,107,0.2778,180.4,3.05,1,2
2025-01-24,Organic Search,/blog,Blog,40,50,137,0.4906,118.2,2.74,4,6
2025-01-24,Organic Search,/product-a,Product A,35,48,178,0.232,156.5,3.71,1,5
2025-01-24,Organic Search,/product-b,Product B,28,36,118,0.3194,202.9,3.27,2,0
2025-01-24,Organic Search,/contact,Contact,24,35,81,0.2471,107.5,2.31,0,2
2025-01-24,Organic Search,/signup,Signup,20,29,83,0.1983,117.0,2.85,2,5
2025-01-24,Organic Search,/checkout,Checkout,25,35,93,0.2122,192.6,2.66,2,6
2025-01-24,Organic Search,/thank-you,Thank You,11,14,36,0.1693,189.8,2.54,0,4
2025-01-24,Paid Search,/,Home,37,44,92,0.5458,73.3,2.08,2,3
2025-01-24,Paid Search,/products,Products,28,33,77,0.4205,92.3,2.34,0,2
2025-01-24,Paid Search,/pricing,Pricing,17,21,79,0.4549,133.4,3.75,1,2
2025-01-24,Paid Search,/blog,Blog,17,22,61,0.4975,92.0,2.79,1,1
2025-01-24,Paid Search,/product-a,Product A,15,22,56,0.3568,138.7,2.56,0,1
2025-01-24,Paid Search,/product-b,Product B,15,18,45,0.3942,166.4,2.49,1,1
2025-01-24,Paid Search,/contact,Contact,12,15,21,0.3877,122.3,1.37,0,3
2025-01-24,Paid Search,/signup,Signup,11,15,26,0.3211,105.4,1.76,4,3
2025-01-24,Paid Search,/checkout,Checkout,12,17,42,0.2872,215.2,2.48,1,3
2025-01-24,Paid Search,/thank-you,Thank You,4,6,15,0.2593,94.2,2.55,1,2
2025-01-24,Direct,/,Home,45,51,164,0.549,148.5,3.22,2,2
2025-01-24,Direct,/products,Products,21,27,79,0.4283,69.8,2.91,0,1
2025-01-24,Direct,/pricing,Pricing,31,35,109,0.2965,115.2,3.12,4,0
2025-01-24,Direct,/blog,Blog,28,34,78,0.5929,141.5,2.29,1,2
2025-01-24,Direct,/product-a,Product A,23,32,84,0.4495,185.6,2.63,0,3
2025-01-24,Direct,/product-b,Product B,25,29,83,0.3156,113.4,2.85,1,1
2025-01-24,Direct,/contact,Contact,19,26,65,0.2899,167.8,2.48,0,1
2025-01-24,Direct,/signup,Signup,23,26,72,0.2947,112.1,2.79,3,3
2025-01-24,Direct,/checkout,Checkout,20,26,74,0.2406,219.9,2.85,2,1
2025-01-24,Direct,/thank-you,Thank You,7,8,21,0.2188,185.9,2.57,0,0
2025-01-24,Referral,/,Home,20,27,86,0.3941,151.3,3.19,0,1
2025-01-24,Referral,/products,Products,15,17,76,0.3637,190.8,4.45,1,1
2025-01-24,Referral,/pricing,Pricing,6,8,32,0.2069,235.2,4.01,1,1
2025-01-24,Referral,/blog,Blog,13,18,64,0.3923,218.0,3.54,0,0
2025-01-24,Referral,/product-a,Product A,9,11,49,0.3228,195.4,4.47,1,1
2025-01-24,Referral,/product-b,Product B,8,11,50,0.2444,185.9,4.54,0,2
2025-01-24,Referral,/contact,Contact,10,13,43,0.2534,191.5,3.27,0,1
2025-01-24,Referral,/signup,Signup,9,13,42,0.1476,169.0,3.24,1,2
2025-01-24,Referral,/checkout,Checkout,5,7,19,0.1155,215.6,2.69,1,1
2025-01-24,Referral,/thank-you,Thank You,3,4,12,0.08,200.0,3.09,0,2
2025-01-24,Organic Social,/,Home,25,31,51,0.5708,184.4,1.66,0,0
2025-01-24,Organic Social,/products,Products,9,13,37,0.5497,63.0,2.82,0,0
2025-01-24,Organic Social,/pricing,Pricing,9,11,36,0.3858,102.3,3.29,2,1
2025-01-24,Organic Social,/blog,Blog,15,20,28,0.7322,113.4,1.38,0,0
2025-01-24,Organic Social,/product-a,Product A,7,9,24,0.5885,128.0,2.65,0,0
2025-01-24,Organic Social,/product-b,Product B,4,7,14,0.4557,112.4,2.06,0,1
2025-01-24,Organic Social,/contact,Contact,6,8,16,0.5614,60.7,2.01,0,0
2025-01-24,Organic Social,/signup,Signup,6,8,15,0.4145,79.9,1.83,0,0
2025-01-24,Organic Social,/checkout,Checkout,9,13,21,0.434,93.5,1.65,0,1
2025-01-24,Organic Social,/thank-you,Thank You,5,6,11,0.2986,44.6,1.89,1,1
2025-01-24,Paid Social,/,Home,20,23,59,0.6788,96.9,2.57,0,1
2025-01-24,Paid Social,/products,Products,11,13,22,0.5916,39.5,1.69,0,0
2025-01-24,Paid Social,/pricing,Pricing,8,9,23,0.4924,90.5,2.53,0,1
2025-01-24,Paid Social,/blog,Blog,10,11,15,0.648,56.4,1.4,0,0
2025-01-24,Paid Social,/product-a,Product A,5,6,13,0.5518,154.6,2.25,0,0
2025-01-24,Paid Social,/product-b,Product B,4,6,15,0.5718,115.3,2.42,0,0
2025-01-24,Paid Social,/contact,Contact,3,5,8,0.4873,37.5,1.63,0,0
2025-01-24,Paid Social,/signup,Signup,4,5,12,0.5428,102.0,2.32,1,0
2025-01-24,Paid Social,/checkout,Checkout,2,4,6,0.3622,140.4,1.6,1,0
2025-01-24,Paid Social,/thank-you,Thank You,1,2,4,0.294,106.0,1.86,0,0
2025-01-24,Email,/,Home,14,16,71,0.3549,154.0,4.46,0,2
2025-01-24,Email,/products,Products,5,7,30,0.3948,137.9,4.24,0,0
2025-01-24,Email,/pricing,Pricing,7,10,39,0.2221,150.1,3.94,1,1
2025-01-24,Email,/blog,Blog,7,11,36,0.3858,184.3,3.26,0,5
2025-01-24,Email,/product-a,Product A,7,9,44,0.363,248.7,4.89,0,0
2025-01-24,Email,/product-b,Product B,5,6,20,0.2875,186.0,3.29,0,0
2025-01-24,Email,/contact,Contact,4,5,19,0.191,173.4,3.75,0,0
2025-01-24,Email,/signup,Signup,4,6,17,0.1858,239.0,2.9,0,0
2025-01-24,Email,/checkout,Checkout,4,5,15,0.0917,262.2,2.91,1,0
2025-01-24,Email,/thank-you,Thank You,1,2,5,0.08,175.4,2.73,1,0
2025-01-25,Organic Search,/,Home,41,48,123,0.4789,172.9,2.57,1,6
2025-01-25,Organic Search,/products,Products,16,20,55,0.3081,144.5,2.75,0,1
2025-01-25,Organic Search,/pricing,Pricing,22,28,97,0.3766,199.0,3.45,3,3
2025-01-25,Organic Search,/blog,Blog,17,21,59,0.4622,173.7,2.8,0,0
2025-01-25,Organic Search,/product-a,Product A,17,22,83,0.4932,186.4,3.76,1,1
2025-01-25,Organic Search,/product-b,Product B,10,15,57,0.4417,159.4,3.81,0,0
2025-01-25,Organic Search,/contact,Contact,12,15,51,0.2433,122.5,3.43,0,0
2025-01-25,Organic Search,/signup,Signup,12,16,44,0.08,189.3,2.75,1,1
2025-01-25,Organic Search,/checkout,Checkout,11,16,46,0.0981,190.0,2.88,4,6
2025-01-25,Organic Search,/thank-you,Thank You,7,10,21,0.1042,126.2,2.08,1,0
2025-01-25,Paid Search,/,Home,34,38,84,0.554,101.0,2.2,3,3
2025-01-25,Paid Search,/products,Products,16,20,62,0.3584,138.7,3.08,0,1
2025-01-25,Paid Search,/pricing,Pricing,13,18,51,0.3824,168.7,2.84,2,1
2025-01-25,Paid Search,/blog,Blog,14,21,30,0.6324,178.9,1.43,4,0
2025-01-25,Paid Search,/product-a,Product A,12,17,69,0.3415,200.3,4.08,1,4
2025-01-25,Paid Search,/product-b,Product B,8,10,28,0.4544,233.7,2.82,0,2
2025-01-25,Paid Search,/contact,Contact,7,9,20,0.3443,107.4,2.23,0,1
2025-01-25,Paid Search,/signup,Signup,13,16,34,0.4396,136.2,2.15,1,1
2025-01-25,Paid Search,/checkout,Checkout,5,7,15,0.2646,104.3,2.16,0,0
2025-01-25,Paid Search,/thank-you,Thank You,2,4,7,0.2053,122.0,1.81,1,1
2025-01-25,Direct,/,Home,38,46,116,0.47,234.7,2.53,3,0
2025-01-25,Direct,/products,Products,32,36,113,0.3588,130.1,3.13,1,5
2025-01-25,Direct,/pricing,Pricing,22,26,98,0.3518,239.6,3.78,0,0
2025-01-25,Direct,/blog,Blog,13,17,44,0.5193,204.0,2.6,2,0
2025-01-25,Direct,/product-a,Product A,13,15,55,0.4048,178.4,3.68,2,1
2025-01-25,Direct,/product-b,Product B,14,20,54,0.3993,164.1,2.71,1,1
2025-01-25,Direct,/contact,Contact,14,18,47,0.339,172.2,2.61,1,0
2025-01-25,Direct,/signup,Signup,10,12,26,0.3057,152.0,2.19,2,1
2025-01-25,Direct,/checkout,Checkout,11,15,30,0.2751,238.2,1.97,1,0
2025-01-25,Direct,/thank-you,Thank You,4,6,15,0.0924,111.2,2.45,0,1
2025-01-25,Referral,/,Home,24,29,99,0.417,175.5,3.42,4,5
2025-01-25,Referral,/products,Products,10,12,47,0.2456,131.4,3.89,2,0
2025-01-25,Referral,/pricing,Pricing,10,12,47,0.329,216.0,3.95,1,6
2025-01-25,Referral,/blog,Blog,5,8,17,0.4325,192.8,2.11,1,0
2025-01-25,Referral,/product-a,Product A,9,12,48,0.3446,252.3,4.03,0,2
2025-01-25,Referral,/product-b,Product B,5,8,34,0.2369,196.5,4.25,1,0
2025-01-25,Referral,/contact,Contact,6,7,25,0.3154,172.9,3.62,0,0
2025-01-25,Referral,/signup,Signup,4,6,15,0.179,192.8,2.47,0,1
2025-01-25,Referral,/checkout,Checkout,6,8,24,0.149,170.3,3.05,1,1
2025-01-25,Referral,/thank-you,Thank You,3,4,14,0.08,182.2,3.47,0,0
2025-01-25,Organic Social,/,Home,14,20,27,0.7013,93.0,1.33,0,0
2025-01-25,Organic Social,/products,Products,9,10,15,0.6786,71.0,1.52,0,0
2025-01-25,Organic Social,/pricing,Pricing,4,5,11,0.5744,136.6,2.15,0,0
2025-01-25,Organic Social,/blog,Blog,6,7,12,0.5949,78.7,1.68,0,0
2025-01-25,Organic Social,/product-a,Product A,4,5,12,0.5426,132.5,2.32,0,0
2025-01-25,Organic Social,/product-b,Product B,4,5,11,0.5453,163.5,2.21,0,0
2025-01-25,Organic Social,/contact,Contact,3,4,5,0.4519,114.4,1.21,0,0
2025-01-25,Organic Social,/signup,Signup,3,5,10,0.4668,53.8,2.03,0,0
2025-01-25,Organic Social,/checkout,Checkout,6,7,14,0.3493,155.3,1.94,0,0
2025-01-25,Organic Social,/thank-you,Thank You,2,3,8,0.3035,97.9,2.67,1,0
2025-01-25,Paid Social,/,Home,9,12,18,0.6825,64.3,1.53,0,0
2025-01-25,Paid Social,/products,Products,10,12,30,0.4695,102.7,2.46,1,0
2025-01-25,Paid Social,/pricing,Pricing,8,10,25,0.5266,37.6,2.49,0,0
2025-01-25,Paid Social,/blog,Blog,10,12,27,0.6809,20.0,2.24,0,0
2025-01-25,Paid Social,/product-a,Product A,7,8,17,0.4921,121.7,2.11,0,0
2025-01-25,Paid Social,/product-b,Product B,5,6,14,0.5941,89.5,2.35,0,0
2025-01-25,Paid Social,/contact,Contact,2,4,5,0.4268,91.1,1.33,0,0
2025-01-25,Paid Social,/signup,Signup,4,5,7,0.3415,102.8,1.46,0,0
2025-01-25,Paid Social,/checkout,Checkout,4,6,14,0.4395,72.3,2.25,0,0
2025-01-25,Paid Social,/thank-you,Thank You,2,3,4,0.3469,101.3,1.38,0,0
2025-01-25,Email,/,Home,4,5,20,0.2523,195.2,3.94,0,0
2025-01-25,Email,/products,Products,2,3,11,0.1704,183.0,3.61,1,0
2025-01-25,Email,/pricing,Pricing,1,2,7,0.2171,221.5,3.57,0,0
2025-01-25,Email,/blog,Blog,2,3,10,0.3926,133.2,3.23,0,0
2025-01-25,Email,/product-a,Product A,1,2,7,0.3195,278.2,3.64,0,0
2025-01-25,Email,/product-b,Product B,2,3,11,0.2756,258.8,3.8,0,0
2025-01-25,Email,/contact,Contact,1,2,8,0.2539,190.1,3.77,0,0
2025-01-25,Email,/signup,Signup,1,2,6,0.1694,217.3,2.86,1,1
2025-01-25,Email,/checkout,Checkout,1,1,3,0.08,258.7,3.31,0,0
2025-01-25,Email,/thank-you,Thank You,1,1,4,0.08,173.3,3.81,0,0
2025-01-26,Organic Search,/,Home,51,56,140,0.3872,172.4,2.51,2,8
2025-01-26,Organic Search,/products,Products,27,32,143,0.3801,167.0,4.47,2,1
2025-01-26,Organic Search,/pricing,Pricing,20,22,72,0.2784,264.7,3.27,0,1
2025-01-26,Organic Search,/blog,Blog,28,34,111,0.377,139.9,3.25,1,3
2025-01-26,Organic Search,/product-a,Product A,23,26,95,0.3142,256.2,3.67,2,4
2025-01-26,Organic Search,/product-b,Product B,15,18,68,0.3584,242.8,3.79,2,0
2025-01-26,Organic Search,/contact,Contact,11,13,30,0.2577,158.5,2.32,1,1
2025-01-26,Organic Search,/signup,Signup,9,14,33,0.2389,184.5,2.39,1,1
2025-01-26,Organic Search,/checkout,Checkout,13,14,41,0.2216,210.7,2.89,1,4
2025-01-26,Organic Search,/thank-you,Thank You,8,10,34,0.119,151.3,3.45,0,2
2025-01-26,Paid Search,/,Home,28,40,97,0.5945,130.6,2.44,2,2
2025-01-26,Paid Search,/products,Products,25,31,86,0.3837,135.7,2.77,3,1
2025-01-26,Paid Search,/pricing,Pricing,13,18,56,0.3794,166.4,3.12,0,1
2025-01-26,Paid Search,/blog,Blog,16,21,35,0.5028,113.9,1.65,0,3
2025-01-26,Paid Search,/product-a,Product A,14,18,62,0.4022,127.5,3.45,0,2
2025-01-26,Paid Search,/product-b,Product B,14,16,49,0.4377,137.3,3.08,1,0
2025-01-26,Paid Search,/contact,Contact,7,11,20,0.3839,187.8,1.85,2,0
2025-01-26,Paid Search,/signup,Signup,7,11,16,0.1938,93.5,1.45,1,0
2025-01-26,Paid Search,/checkout,Checkout,12,16,40,0.3206,103.2,2.5,2,3
2025-01-26,Paid Search,/thank-you,Thank You,7,9,19,0.2423,100.8,2.11,1,2
2025-01-26,Direct,/,Home,34,38,126,0.3766,137.9,3.32,1,2
2025-01-26,Direct,/products,Products,19,23,80,0.4056,126.7,3.49,1,2
2025-01-26,Direct,/pricing,Pricing,14,19,63,0.3263,154.6,3.31,3,0
2025-01-26,Direct,/blog,Blog,16,18,49,0.5547,126.3,2.72,2,0
2025-01-26,Direct,/product-a,Product A,14,16,60,0.4091,245.6,3.74,2,0
2025-01-26,Direct,/product-b,Product B,17,19,56,0.4036,140.5,2.96,2,0
2025-01-26,Direct,/contact,Contact,13,18,53,0.2414,110.3,2.92,0,1
2025-01-26,Direct,/signup,Signup,11,12,35,0.2578,244.0,2.88,1,1
2025-01-26,Direct,/checkout,Checkout,14,18,58,0.2608,168.7,3.21,0,0
2025-01-26,Direct,/thank-you,Thank You,5,7,18,0.1606,116.6,2.53,1,0
2025-01-26,Referral,/,Home,11,15,43,0.4188,137.9,2.89,0,2
2025-01-26,Referral,/products,Products,12,16,65,0.448,156.5,4.05,1,2
2025-01-26,Referral,/pricing,Pricing,7,9,34,0.2385,156.9,3.79,0,1
2025-01-26,Referral,/blog,Blog,11,17,46,0.4748,177.9,2.69,1,0
2025-01-26,Referral,/product-a,Product A,6,8,27,0.4029,233.5,3.37,2,0
2025-01-26,Referral,/product-b,Product B,8,10,42,0.3425,208.7,4.16,0,2
2025-01-26,Referral,/contact,Contact,6,9,26,0.2037,175.9,2.88,1,1
2025-01-26,Referral,/signup,Signup,9,11,34,0.1799,240.0,3.05,1,2
2025-01-26,Referral,/checkout,Checkout,3,5,16,0.1702,213.9,3.21,0,1
2025-01-26,Referral,/thank-you,Thank You,4,6,15,0.08,151.2,2.44,0,1
2025-01-26,Organic Social,/,Home,15,22,52,0.7518,123.7,2.36,0,0
2025-01-26,Organic Social,/products,Products,14,17,41,0.5756,71.9,2.39,0,0
2025-01-26,Organic Social,/pricing,Pricing,8,11,29,0.4723,79.6,2.64,0,0
2025-01-26,Organic Social,/blog,Blog,5,8,13,0.6854,52.9,1.67,0,0
2025-01-26,Organic Social,/product-a,Product A,7,8,25,0.5827,123.1,3.17,0,0
2025-01-26,Organic Social,/product-b,Product B,5,6,18,0.5031,204.3,2.98,0,1
2025-01-26,Organic Social,/contact,Contact,5,6,6,0.3848,89.3,1.0,0,0
2025-01-26,Organic Social,/signup,Signup,4,6,16,0.3769,197.3,2.66,0,1
2025-01-26,Organic Social,/checkout,Checkout,5,8,9,0.3807,139.7,1.13,0,0
2025-01-26,Organic Social,/thank-you,Thank You,2,3,7,0.2723,91.9,2.24,0,0
2025-01-26,Paid Social,/,Home,12,15,38,0.7053,54.6,2.56,1,0
2025-01-26,Paid Social,/products,Products,6,10,20,0.6701,112.0,2.03,0,0
2025-01-26,Paid Social,/pricing,Pricing,7,8,16,0.5531,101.8,1.95,0,0
2025-01-26,Paid Social,/blog,Blog,7,9,13,0.6455,108.2,1.49,0,0
2025-01-26,Paid Social,/product-a,Product A,4,6,14,0.5279,121.4,2.37,0,0
2025-01-26,Paid Social,/product-b,Product B,5,7,13,0.5662,140.7,1.91,0,0
2025-01-26,Paid Social,/contact,Contact,4,5,7,0.4735,136.0,1.46,0,0
2025-01-26,Paid Social,/signup,Signup,2,4,12,0.4151,53.7,2.9,0,0
2025-01-26,Paid Social,/checkout,Checkout,4,5,11,0.3981,96.8,2.11,0,0
2025-01-26,Paid Social,/thank-you,Thank You,1,2,4,0.4411,68.9,1.81,0,0
2025-01-26,Email,/,Home,6,8,26,0.4155,176.3,3.31,1,0
2025-01-26,Email,/products,Products,6,8,31,0.2878,178.5,3.93,0,0
2025-01-26,Email,/pricing,Pricing,3,4,15,0.2148,248.5,3.69,0,2
2025-01-26,Email,/blog,Blog,2,4,12,0.3592,161.2,2.95,0,0
2025-01-26,Email,/product-a,Product A,4,6,28,0.2061,279.9,4.6,0,0
2025-01-26,Email,/product-b,Product B,2,3,15,0.3113,242.3,5.03,0,0
2025-01-26,Email,/contact,Contact,1,2,5,0.1629,153.0,2.55,1,1
2025-01-26,Email,/signup,Signup,2,3,9,0.08,265.8,3.12,1,1
2025-01-26,Email,/checkout,Checkout,2,4,13,0.0801,208.3,3.24,0,0
2025-01-26,Email,/thank-you,Thank You,1,1,3,0.0922,197.7,3.14,0,1
2025-01-27,Organic Search,/,Home,46,68,178,0.4547,139.4,2.62,3,4
2025-01-27,Organic Search,/products,Products,32,39,103,0.4904,174.7,2.64,2,3
2025-01-27,Organic Search,/pricing,Pricing,41,44,145,0.2697,225.3,3.3,2,2
2025-01-27,Organic Search,/blog,Blog,40,53,139,0.4845,251.9,2.62,2,4
2025-01-27,Organic Search,/product-a,Product A,33,38,128,0.3495,181.0,3.37,1,3
2025-01-27,Organic Search,/product-b,Product B,19,28,80,0.3704,185.1,2.87,1,2
2025-01-27,Organic Search,/contact,Contact,25,33,79,0.2195,165.3,2.39,0,0
2025-01-27,Organic Search,/signup,Signup,14,20,63,0.1418,154.0,3.17,2,3
2025-01-27,Organic Search,/checkout,Checkout,16,20,50,0.1952,177.1,2.52,1,3
2025-01-27,Organic Search,/thank-you,Thank You,13,16,51,0.08,174.6,3.19,1,2
2025-01-27,Paid Search,/,Home,30,43,109,0.5795,98.8,2.55,3,0
2025-01-27,Paid Search,/products,Products,14,17,41,0.426,117.2,2.41,0,1
2025-01-27,Paid Search,/pricing,Pricing,11,13,44,0.3894,165.7,3.38,2,2
2025-01-27,Paid Search,/blog,Blog,14,18,43,0.5874,142.8,2.4,0,2
2025-01-27,Paid Search,/product-a,Product A,9,12,30,0.437,133.4,2.47,0,0
2025-01-27,Paid Search,/product-b,Product B,13,18,54,0.5642,174.1,2.98,0,1
2025-01-27,Paid Search,/contact,Contact,7,10,17,0.3765,84.8,1.72,0,0
2025-01-27,Paid Search,/signup,Signup,10,14,24,0.2818,179.2,1.71,2,1
2025-01-27,Paid Search,/checkout,Checkout,10,15,47,0.2372,209.6,3.16,0,2
2025-01-27,Paid Search,/thank-you,Thank You,5,8,19,0.197,121.6,2.41,1,1
2025-01-27,Direct,/,Home,51,56,190,0.5257,88.0,3.39,2,4
2025-01-27,Direct,/products,Products,26,29,95,0.3451,113.9,3.28,1,2
2025-01-27,Direct,/pricing,Pricing,22,30,99,0.3169,225.8,3.31,1,0
2025-01-27,Direct,/blog,Blog,30,38,90,0.5834,129.6,2.37,2,1
2025-01-27,Direct,/product-a,Product A,16,19,64,0.3022,162.9,3.39,0,4
2025-01-27,Direct,/product-b,Product B,12,16,42,0.4255,215.6,2.62,2,0
2025-01-27,Direct,/contact,Contact,15,22,70,0.2604,44.4,3.18,0,1
2025-01-27,Direct,/signup,Signup,17,25,72,0.2149,123.1,2.87,1,2
2025-01-27,Direct,/checkout,Checkout,12,15,34,0.2112,209.2,2.27,2,1
2025-01-27,Direct,/thank-you,Thank You,10,12,34,0.1247,179.9,2.87,1,4
2025-01-27,Referral,/,Home,19,26,58,0.3978,99.0,2.23,4,2
2025-01-27,Referral,/products,Products,20,22,80,0.2549,187.0,3.63,0,0
2025-01-27,Referral,/pricing,Pricing,7,10,36,0.2384,221.2,3.61,1,2
2025-01-27,Referral,/blog,Blog,18,20,71,0.5087,201.8,3.54,0,0
2025-01-27,Referral,/product-a,Product A,8,10,42,0.3475,219.4,4.24,0,0
2025-01-27,Referral,/product-b,Product B,6,8,27,0.3181,240.0,3.35,0,1
2025-01-27,Referral,/contact,Contact,9,11,33,0.1451,165.0,3.02,0,1
2025-01-27,Referral,/signup,Signup,6,8,33,0.1941,153.3,4.14,1,0
2025-01-27,Referral,/checkout,Checkout,9,11,31,0.0809,255.2,2.8,0,0
2025-01-27,Referral,/thank-you,Thank You,2,3,13,0.1461,189.6,4.2,1,1
2025-01-27,Organic Social,/,Home,27,32,47,0.7073,67.2,1.46,0,0
2025-01-27,Organic Social,/products,Products,9,13,23,0.5433,122.1,1.77,0,0
2025-01-27,Organic Social,/pricing,Pricing,9,12,33,0.4517,137.9,2.71,0,0
2025-01-27,Organic Social,/blog,Blog,16,18,25,0.6576,78.1,1.4,1,1
2025-01-27,Organic Social,/product-a,Product A,8,11,30,0.5851,113.5,2.74,0,0
2025-01-27,Organic Social,/product-b,Product B,10,13,43,0.477,119.7,3.3,0,0
2025-01-27,Organic Social,/contact,Contact,5,6,17,0.4339,104.0,2.75,0,0
2025-01-27,Organic Social,/signup,Signup,7,10,10,0.3423,123.5,1.0,0,0
2025-01-27,Organic Social,/checkout,Checkout,4,6,12,0.3918,177.6,2.07,0,0
2025-01-27,Organic Social,/thank-you,Thank You,3,4,7,0.3305,20.3,1.69,0,0
2025-01-27,Paid Social,/,Home,18,23,27,0.5609,106.0,1.17,0,2
2025-01-27,Paid Social,/products,Products,16,21,28,0.6676,117.7,1.35,0,0
2025-01-27,Paid Social,/pricing,Pricing,6,9,25,0.3681,106.5,2.8,0,1
2025-01-27,Paid Social,/blog,Blog,9,12,20,0.6465,81.4,1.63,0,0
2025-01-27,Paid Social,/product-a,Product A,9,12,32,0.5475,66.5,2.64,0,1
2025-01-27,Paid Social,/product-b,Product B,7,9,17,0.6226,106.9,1.93,0,0
2025-01-27,Paid Social,/contact,Contact,6,9,22,0.5932,75.5,2.39,0,0
2025-01-27,Paid Social,/signup,Signup,6,8,13,0.496,64.9,1.64,1,0
2025-01-27,Paid Social,/checkout,Checkout,4,6,7,0.4224,120.0,1.21,0,0
2025-01-27,Paid Social,/thank-you,Thank You,3,4,5,0.4206,92.1,1.22,0,0
2025-01-27,Email,/,Home,7,9,26,0.3413,169.9,2.91,0,1
2025-01-27,Email,/products,Products,4,6,27,0.2486,208.7,4.43,0,1
2025-01-27,Email,/pricing,Pricing,3,5,19,0.2195,238.3,3.75,1,0
2025-01-27,Email,/blog,Blog,3,4,11,0.3423,150.8,2.85,0,0
2025-01-27,Email,/product-a,Product A,2,4,13,0.335,310.2,3.29,0,1
2025-01-27,Email,/product-b,Product B,2,3,14,0.2824,295.3,4.62,0,1
2025-01-27,Email,/contact,Contact,2,3,11,0.0896,256.5,3.67,0,0
2025-01-27,Email,/signup,Signup,4,5,16,0.1804,160.3,3.2,0,2
2025-01-27,Email,/checkout,Checkout,1,2,7,0.133,212.3,3.45,2,1
2025-01-27,Email,/thank-you,Thank You,1,2,7,0.08,179.4,3.31,0,1
2025-01-28,Organic Search,/,Home,42,55,123,0.5132,196.8,2.23,5,4
2025-01-28,Organic Search,/products,Products,48,54,230,0.4049,133.8,4.25,1,2
2025-01-28,Organic Search,/pricing,Pricing,26,31,94,0.3096,192.9,3.03,1,3
2025-01-28,Organic Search,/blog,Blog,40,50,145,0.4962,143.3,2.89,1,4
2025-01-28,Organic Search,/product-a,Product A,27,36,78,0.3227,181.7,2.17,2,0
2025-01-28,Organic Search,/product-b,Product B,20,28,100,0.2807,215.6,3.56,4,1
2025-01-28,Organic Search,/contact,Contact,20,22,48,0.3097,91.9,2.18,2,0
2025-01-28,Organic Search,/signup,Signup,18,20,36,0.1901,143.6,1.82,2,3
2025-01-28,Organic Search,/checkout,Checkout,24,35,80,0.3063,226.2,2.29,6,4
2025-01-28,Organic Search,/thank-you,Thank You,9,11,31,0.179,185.9,2.79,0,0
2025-01-28,Paid Search,/,Home,40,57,116,0.5342,79.6,2.03,1,2
2025-01-28,Paid Search,/products,Products,32,39,130,0.4529,59.4,3.34,3,1
2025-01-28,Paid Search,/pricing,Pricing,13,17,64,0.4639,192.6,3.79,1,1
2025-01-28,Paid Search,/blog,Blog,15,19,37,0.6179,100.7,1.96,2,1
2025-01-28,Paid Search,/product-a,Product A,22,24,72,0.4401,202.0,2.99,3,1
2025-01-28,Paid Search,/product-b,Product B,11,14,32,0.3812,100.0,2.28,1,0
2025-01-28,Paid Search,/contact,Contact,8,12,16,0.3452,202.8,1.35,0,1
2025-01-28,Paid Search,/signup,Signup,11,15,43,0.3462,128.4,2.89,0,1
2025-01-28,Paid Search,/checkout,Checkout,9,12,15,0.3124,203.2,1.24,0,3
2025-01-28,Paid Search,/thank-you,Thank You,4,7,17,0.2418,48.3,2.39,0,1
2025-01-28,Direct,/,Home,38,53,134,0.5364,121.0,2.52,2,1
2025-01-28,Direct,/products,Products,40,54,190,0.3361,71.9,3.52,1,3
2025-01-28,Direct,/pricing,Pricing,36,41,148,0.2337,127.3,3.61,0,4
2025-01-28,Direct,/blog,Blog,36,46,139,0.5426,148.2,3.01,3,2
2025-01-28,Direct,/product-a,Product A,29,32,92,0.3741,157.8,2.87,1,2
2025-01-28,Direct,/product-b,Product B,26,29,111,0.3113,228.5,3.84,1,2
2025-01-28,Direct,/contact,Contact,22,25,37,0.4026,172.1,1.49,3,1
2025-01-28,Direct,/signup,Signup,16,21,57,0.1356,159.4,2.71,1,3
2025-01-28,Direct,/checkout,Checkout,23,27,100,0.2214,225.2,3.72,5,2
2025-01-28,Direct,/thank-you,Thank You,12,15,33,0.1711,225.8,2.23,2,0
2025-01-28,Referral,/,Home,30,33,82,0.4347,183.2,2.49,2,2
2025-01-28,Referral,/products,Products,14,20,70,0.3179,204.6,3.51,0,2
2025-01-28,Referral,/pricing,Pricing,11,14,56,0.2335,206.5,3.98,1,0
2025-01-28,Referral,/blog,Blog,18,26,75,0.3902,159.2,2.9,0,1
2025-01-28,Referral,/product-a,Product A,17,19,84,0.3567,183.5,4.41,1,1
2025-01-28,Referral,/product-b,Product B,15,19,69,0.3427,221.6,3.63,4,3
2025-01-28,Referral,/contact,Contact,9,10,35,0.2489,167.8,3.51,1,0
2025-01-28,Referral,/signup,Signup,6,9,21,0.1172,168.7,2.38,2,2
2025-01-28,Referral,/checkout,Checkout,11,15,36,0.1426,217.2,2.37,2,3
2025-01-28,Referral,/thank-you,Thank You,6,7,26,0.1835,174.3,3.65,2,0
2025-01-28,Organic Social,/,Home,20,28,43,0.7325,113.7,1.54,2,0
2025-01-28,Organic Social,/products,Products,18,20,60,0.519,130.1,2.98,0,0
2025-01-28,Organic Social,/pricing,Pricing,8,10,28,0.5511,135.1,2.77,0,0
2025-01-28,Organic Social,/blog,Blog,20,22,33,0.6917,80.7,1.5,0,1
2025-01-28,Organic Social,/product-a,Product A,10,12,29,0.4719,201.3,2.38,0,0
2025-01-28,Organic Social,/product-b,Product B,13,15,42,0.5056,137.2,2.79,1,1
2025-01-28,Organic Social,/contact,Contact,6,9,24,0.4525,100.2,2.72,0,0
2025-01-28,Organic Social,/signup,Signup,8,10,15,0.362,91.2,1.52,1,0
2025-01-28,Organic Social,/checkout,Checkout,7,9,17,0.4522,91.2,1.92,1,0
2025-01-28,Organic Social,/thank-you,Thank You,5,7,10,0.2847,134.7,1.41,1,1
2025-01-28,Paid Social,/,Home,19,21,29,0.6541,86.0,1.4,0,1
2025-01-28,Paid Social,/products,Products,15,17,49,0.656,101.2,2.89,1,0
2025-01-28,Paid Social,/pricing,Pricing,10,14,33,0.6239,123.9,2.35,0,0
2025-01-28,Paid Social,/blog,Blog,6,10,13,0.7588,36.1,1.35,1,0
2025-01-28,Paid Social,/product-a,Product A,13,15,42,0.5817,148.6,2.83,0,0
2025-01-28,Paid Social,/product-b,Product B,7,8,24,0.5972,91.2,2.97,0,0
2025-01-28,Paid Social,/contact,Contact,9,10,11,0.5299,118.7,1.08,0,1
2025-01-28,Paid Social,/signup,Signup,4,7,8,0.4006,69.3,1.2,0,1
2025-01-28,Paid Social,/checkout,Checkout,9,10,13,0.4928,110.6,1.34,0,2
2025-01-28,Paid Social,/thank-you,Thank You,2,4,4,0.2478,76.7,1.0,0,0
2025-01-28,Email,/,Home,8,12,28,0.3839,191.6,2.34,1,1
2025-01-28,Email,/products,Products,8,10,52,0.2214,215.9,5.17,2,3
2025-01-28,Email,/pricing,Pricing,7,9,40,0.2101,282.0,4.47,2,1
2025-01-28,Email,/blog,Blog,5,7,27,0.4149,247.0,3.79,1,0
2025-01-28,Email,/product-a,Product A,5,7,28,0.2331,181.1,4.05,1,1
2025-01-28,Email,/product-b,Product B,4,6,20,0.2873,206.3,3.39,0,1
2025-01-28,Email,/contact,Contact,4,6,21,0.3063,179.3,3.47,1,1
2025-01-28,Email,/signup,Signup,5,6,18,0.1381,272.5,2.92,1,0
2025-01-28,Email,/checkout,Checkout,3,4,14,0.08,221.4,3.41,0,1
2025-01-28,Email,/thank-you,Thank You,1,2,8,0.1618,210.4,3.84,1,0
2025-01-29,Organic Search,/,Home,93,107,251,0.4524,121.3,2.35,6,6
2025-01-29,Organic Search,/products,Products,47,59,267,0.3714,160.8,4.53,2,4
2025-01-29,Organic Search,/pricing,Pricing,28,40,171,0.3229,199.4,4.29,1,0
2025-01-29,Organic Search,/blog,Blog,26,33,100,0.5521,28.9,3.02,0,1
2025-01-29,Organic Search,/product-a,Product A,35,48,209,0.3807,190.6,4.35,1,5
2025-01-29,Organic Search,/product-b,Product B,38,43,176,0.4113,196.1,4.1,1,3
2025-01-29,Organic Search,/contact,Contact,29,37,115,0.3998,91.4,3.12,0,4
2025-01-29,Organic Search,/signup,Signup,17,20,53,0.184,140.0,2.65,1,2
2025-01-29,Organic Search,/checkout,Checkout,28,31,92,0.1202,142.0,2.96,2,6
2025-01-29,Organic Search,/thank-you,Thank You,18,21,91,0.1898,258.8,4.35,2,6
2025-01-29,Paid Search,/,Home,43,54,100,0.5822,115.5,1.85,3,5
2025-01-29,Paid Search,/products,Products,25,28,81,0.4427,145.0,2.9,1,4
2025-01-29,Paid Search,/pricing,Pricing,11,15,55,0.4243,129.7,3.67,1,3
2025-01-29,Paid Search,/blog,Blog,21,26,46,0.7046,162.7,1.77,1,2
2025-01-29,Paid Search,/product-a,Product A,21,26,77,0.4272,224.0,2.95,2,2
2025-01-29,Paid Search,/product-b,Product B,11,14,53,0.4328,141.2,3.77,0,1
2025-01-29,Paid Search,/contact,Contact,15,19,39,0.416,153.2,2.05,0,1
2025-01-29,Paid Search,/signup,Signup,18,21,50,0.2322,141.0,2.39,4,5
2025-01-29,Paid Search,/checkout,Checkout,13,18,49,0.2,181.5,2.71,2,5
2025-01-29,Paid Search,/thank-you,Thank You,9,11,25,0.2234,156.2,2.23,3,0
2025-01-29,Direct,/,Home,48,59,132,0.4531,156.0,2.25,1,5
2025-01-29,Direct,/products,Products,33,38,156,0.4123,172.1,4.11,3,4
2025-01-29,Direct,/pricing,Pricing,21,23,82,0.3524,223.3,3.58,0,3
2025-01-29,Direct,/blog,Blog,20,23,52,0.5793,172.0,2.26,3,1
2025-01-29,Direct,/product-a,Product A,17,26,105,0.3305,195.6,4.06,0,1
2025-01-29,Direct,/product-b,Product B,17,21,66,0.4,183.8,3.15,1,0
2025-01-29,Direct,/contact,Contact,12,19,50,0.3325,184.6,2.63,0,1
2025-01-29,Direct,/signup,Signup,19,24,56,0.3338,178.1,2.33,2,3
2025-01-29,Direct,/checkout,Checkout,18,21,58,0.2164,202.9,2.75,3,4
2025-01-29,Direct,/thank-you,Thank You,10,13,38,0.2157,184.7,2.93,1,1
2025-01-29,Referral,/,Home,21,25,85,0.3925,193.6,3.39,0,1
2025-01-29,Referral,/products,Products,19,21,81,0.3,129.8,3.87,0,1
2025-01-29,Referral,/pricing,Pricing,9,11,42,0.2182,237.6,3.8,0,2
2025-01-29,Referral,/blog,Blog,14,19,74,0.4882,197.9,3.91,0,0
2025-01-29,Referral,/product-a,Product A,16,20,50,0.2658,190.5,2.52,2,2
2025-01-29,Referral,/product-b,Product B,10,13,51,0.3339,146.6,3.94,0,1
2025-01-29,Referral,/contact,Contact,7,10,23,0.2968,189.1,2.29,1,0
2025-01-29,Referral,/signup,Signup,5,8,27,0.0978,164.2,3.32,0,1
2025-01-29,Referral,/checkout,Checkout,9,12,38,0.1705,223.4,3.14,1,0
2025-01-29,Referral,/thank-you,Thank You,7,8,24,0.2237,186.3,3.0,1,0
2025-01-29,Organic Social,/,Home,29,41,54,0.6841,95.7,1.31,0,0
2025-01-29,Organic Social,/products,Products,26,32,83,0.5434,78.5,2.6,2,2
2025-01-29,Organic Social,/pricing,Pricing,18,22,84,0.5498,106.4,3.84,0,0
2025-01-29,Organic Social,/blog,Blog,14,17,22,0.649,42.7,1.28,0,1
2025-01-29,Organic Social,/product-a,Product A,8,12,28,0.5166,105.6,2.35,0,0
2025-01-29,Organic Social,/product-b,Product B,11,15,34,0.5608,121.0,2.25,0,0
2025-01-29,Organic Social,/contact,Contact,5,8,16,0.3878,95.4,2.04,1,0
2025-01-29,Organic Social,/signup,Signup,16,18,33,0.4343,96.7,1.82,1,0
2025-01-29,Organic Social,/checkout,Checkout,4,7,7,0.3885,117.1,1.0,1,1
2025-01-29,Organic Social,/thank-you,Thank You,4,6,10,0.341,61.8,1.63,1,0
2025-01-29,Paid Social,/,Home,10,15,17,0.6544,117.7,1.11,0,1
2025-01-29,Paid Social,/products,Products,13,19,57,0.598,67.4,3.0,0,1
2025-01-29,Paid Social,/pricing,Pricing,6,8,12,0.5302,133.2,1.54,0,0
2025-01-29,Paid Social,/blog,Blog,11,14,17,0.6438,95.7,1.19,0,0
2025-01-29,Paid Social,/product-a,Product A,8,12,26,0.5939,105.3,2.14,0,0
2025-01-29,Paid Social,/product-b,Product B,7,9,19,0.583,131.1,2.12,0,0
2025-01-29,Paid Social,/contact,Contact,5,6,9,0.5243,92.9,1.5,0,0
2025-01-29,Paid Social,/signup,Signup,7,10,13,0.4652,64.2,1.3,1,1
2025-01-29,Paid Social,/checkout,Checkout,6,9,18,0.4109,84.4,1.97,1,0
2025-01-29,Paid Social,/thank-you,Thank You,2,3,5,0.2098,76.5,1.66,0,0
2025-01-29,Email,/,Home,11,14,40,0.3769,92.1,2.88,1,3
2025-01-29,Email,/products,Products,11,13,53,0.2735,234.4,4.11,2,3
2025-01-29,Email,/pricing,Pricing,9,11,50,0.2117,227.9,4.56,1,0
2025-01-29,Email,/blog,Blog,5,7,20,0.486,221.5,2.82,1,2
2025-01-29,Email,/product-a,Product A,8,9,39,0.252,273.0,4.36,0,0
2025-01-29,Email,/product-b,Product B,5,7,32,0.2295,295.7,4.51,2,2
2025-01-29,Email,/contact,Contact,6,7,23,0.2554,239.5,3.32,0,1
2025-01-29,Email,/signup,Signup,4,7,20,0.1557,222.1,2.91,0,1
2025-01-29,Email,/checkout,Checkout,5,7,18,0.1406,252.1,2.63,0,1
2025-01-29,Email,/thank-you,Thank You,2,3,8,0.08,223.2,2.53,0,1
2025-01-30,Organic Search,/,Home,44,48,74,0.344,195.7,1.54,1,2
2025-01-30,Organic Search,/products,Products,27,32,108,0.4374,202.9,3.38,2,1
2025-01-30,Organic Search,/pricing,Pricing,23,28,88,0.2509,218.8,3.15,1,2
2025-01-30,Organic Search,/blog,Blog,30,33,86,0.5721,157.9,2.62,0,2
2025-01-30,Organic Search,/product-a,Product A,16,22,99,0.3553,137.4,4.5,2,1
2025-01-30,Organic Search,/product-b,Product B,27,30,101,0.2644,247.7,3.37,2,5
2025-01-30,Organic Search,/contact,Contact,9,13,44,0.2406,174.5,3.35,0,0
2025-01-30,Organic Search,/signup,Signup,20,26,69,0.2233,202.2,2.66,6,4
2025-01-30,Organic Search,/checkout,Checkout,19,27,56,0.1882,209.8,2.08,2,2
2025-01-30,Organic Search,/thank-you,Thank You,6,7,18,0.08,147.0,2.64,1,1
2025-01-30,Paid Search,/,Home,45,54,151,0.4632,139.1,2.8,1,6
2025-01-30,Paid Search,/products,Products,22,25,64,0.452,135.9,2.55,0,1
2025-01-30,Paid Search,/pricing,Pricing,15,22,76,0.341,215.1,3.45,1,1
2025-01-30,Paid Search,/blog,Blog,22,28,58,0.601,118.1,2.08,1,0
2025-01-30,Paid Search,/product-a,Product A,18,26,87,0.6013,146.9,3.35,1,1
2025-01-30,Paid Search,/product-b,Product B,15,22,66,0.4072,135.5,3.02,1,3
2025-01-30,Paid Search,/contact,Contact,15,17,43,0.4022,122.5,2.5,0,1
2025-01-30,Paid Search,/signup,Signup,18,20,53,0.312,176.0,2.63,1,4
2025-01-30,Paid Search,/checkout,Checkout,12,17,40,0.3719,121.2,2.36,5,3
2025-01-30,Paid Search,/thank-you,Thank You,6,9,15,0.2787,107.5,1.67,0,1
2025-01-30,Direct,/,Home,35,43,122,0.5469,124.7,2.84,0,2
2025-01-30,Direct,/products,Products,31,46,131,0.4327,147.7,2.85,2,2
2025-01-30,Direct,/pricing,Pricing,18,21,78,0.3677,261.6,3.71,1,2
2025-01-30,Direct,/blog,Blog,19,27,74,0.452,124.1,2.74,2,1
2025-01-30,Direct,/product-a,Product A,22,25,81,0.2966,180.1,3.23,1,3
2025-01-30,Direct,/product-b,Product B,21,28,97,0.3261,152.5,3.47,0,1
2025-01-30,Direct,/contact,Contact,15,17,43,0.2272,163.7,2.51,2,0
2025-01-30,Direct,/signup,Signup,16,21,67,0.2364,222.2,3.2,3,0
2025-01-30,Direct,/checkout,Checkout,13,19,44,0.2876,190.1,2.31,1,1
2025-01-30,Direct,/thank-you,Thank You,9,14,32,0.1809,148.5,2.26,1,1
2025-01-30,Referral,/,Home,19,25,93,0.4487,175.5,3.7,1,3
2025-01-30,Referral,/products,Products,27,30,116,0.3855,183.7,3.87,1,0
2025-01-30,Referral,/pricing,Pricing,18,22,75,0.3406,232.5,3.43,0,2
2025-01-30,Referral,/blog,Blog,20,25,77,0.4481,157.4,3.07,3,1
2025-01-30,Referral,/product-a,Product A,15,22,85,0.2371,167.2,3.86,3,1
2025-01-30,Referral,/product-b,Product B,8,12,44,0.2464,216.6,3.63,0,1
2025-01-30,Referral,/contact,Contact,10,15,48,0.3055,172.7,3.17,1,2
2025-01-30,Referral,/signup,Signup,10,11,40,0.1505,219.8,3.67,1,0
2025-01-30,Referral,/checkout,Checkout,6,8,26,0.0842,243.6,3.27,0,0
2025-01-30,Referral,/thank-you,Thank You,4,6,23,0.1091,107.4,3.8,1,0
2025-01-30,Organic Social,/,Home,27,33,64,0.5746,50.8,1.93,0,1
2025-01-30,Organic Social,/products,Products,12,18,43,0.5268,95.6,2.38,0,0
2025-01-30,Organic Social,/pricing,Pricing,10,13,39,0.4464,166.5,2.99,0,0
2025-01-30,Organic Social,/blog,Blog,19,24,44,0.6083,89.4,1.84,1,0
2025-01-30,Organic Social,/product-a,Product A,8,10,30,0.5807,150.6,3.05,1,0
2025-01-30,Organic Social,/product-b,Product B,12,16,47,0.4998,159.7,2.96,1,0
2025-01-30,Organic Social,/contact,Contact,4,7,12,0.4091,112.9,1.69,0,0
2025-01-30,Organic Social,/signup,Signup,8,10,16,0.3991,163.3,1.61,0,0
2025-01-30,Organic Social,/checkout,Checkout,7,9,25,0.3738,110.1,2.74,1,0
2025-01-30,Organic Social,/thank-you,Thank You,5,7,12,0.212,82.3,1.76,0,0
2025-01-30,Paid Social,/,Home,19,22,40,0.7535,95.8,1.81,0,1
2025-01-30,Paid Social,/products,Products,10,11,24,0.5543,76.3,2.19,0,0
2025-01-30,Paid Social,/pricing,Pricing,10,11,24,0.5523,86.8,2.15,0,0
2025-01-30,Paid Social,/blog,Blog,11,13,13,0.7602,86.2,1.0,0,0
2025-01-30,Paid Social,/product-a,Product A,10,13,31,0.5931,86.4,2.4,0,0
2025-01-30,Paid Social,/product-b,Product B,4,6,17,0.5403,125.6,2.9,0,0
2025-01-30,Paid Social,/contact,Contact,8,9,17,0.4245,48.9,1.9,0,0
2025-01-30,Paid Social,/signup,Signup,7,10,13,0.364,75.0,1.29,0,1
2025-01-30,Paid Social,/checkout,Checkout,8,10,27,0.469,95.7,2.67,0,0
2025-01-30,Paid Social,/thank-you,Thank You,4,5,9,0.3805,97.1,1.89,0,1
2025-01-30,Email,/,Home,6,9,38,0.3996,255.0,4.18,0,1
2025-01-30,Email,/products,Products,6,9,35,0.3003,196.0,3.88,0,0
2025-01-30,Email,/pricing,Pricing,4,5,20,0.2096,213.1,4.0,0,1
2025-01-30,Email,/blog,Blog,3,5,16,0.4837,220.7,3.23,0,1
2025-01-30,Email,/product-a,Product A,5,7,33,0.1557,251.5,4.7,1,0
2025-01-30,Email,/product-b,Product B,2,4,13,0.3613,237.5,3.26,0,0
2025-01-30,Email,/contact,Contact,3,5,17,0.1162,243.0,3.42,0,1
2025-01-30,Email,/signup,Signup,2,3,12,0.1077,245.8,4.01,1,0
2025-01-30,Email,/checkout,Checkout,3,4,16,0.2069,212.1,3.94,1,0
2025-01-30,Email,/thank-you,Thank You,1,2,7,0.083,240.2,3.29,0,1
2025-01-31,Organic Search,/,Home,45,67,188,0.4493,145.4,2.8,3,5
2025-01-31,Organic Search,/products,Products,37,53,206,0.2124,201.0,3.88,3,2
2025-01-31,Organic Search,/pricing,Pricing,30,43,164,0.2847,185.4,3.81,1,3
2025-01-31,Organic Search,/blog,Blog,28,32,116,0.5028,249.2,3.63,2,3
2025-01-31,Organic Search,/product-a,Product A,22,27,102,0.3264,124.4,3.76,1,2
2025-01-31,Organic Search,/product-b,Product B,19,26,80,0.3831,279.8,3.09,1,5
2025-01-31,Organic Search,/contact,Contact,21,31,73,0.2331,146.9,2.34,1,1
2025-01-31,Organic Search,/signup,Signup,19,23,47,0.2177,205.8,2.06,2,4
2025-01-31,Organic Search,/checkout,Checkout,13,18,43,0.236,181.4,2.41,3,2
2025-01-31,Organic Search,/thank-you,Thank You,11,14,47,0.08,151.1,3.35,3,0
2025-01-31,Paid Search,/,Home,36,52,95,0.4844,101.5,1.83,5,1
2025-01-31,Paid Search,/products,Products,49,55,159,0.5558,180.7,2.88,2,3
2025-01-31,Paid Search,/pricing,Pricing,22,31,94,0.3624,77.4,3.04,1,1
2025-01-31,Paid Search,/blog,Blog,26,38,76,0.6284,141.9,2.0,1,4
2025-01-31,Paid Search,/product-a,Product A,17,19,51,0.4557,177.6,2.68,0,1
2025-01-31,Paid Search,/product-b,Product B,24,28,100,0.4745,204.0,3.57,0,3
2025-01-31,Paid Search,/contact,Contact,11,16,30,0.4477,99.5,1.9,0,1
2025-01-31,Paid Search,/signup,Signup,24,27,93,0.3651,119.9,3.44,1,3
2025-01-31,Paid Search,/checkout,Checkout,19,22,44,0.3635,145.6,2.0,4,2
2025-01-31,Paid Search,/thank-you,Thank You,11,13,27,0.1339,205.3,2.07,1,1
2025-01-31,Direct,/,Home,52,77,209,0.4791,178.2,2.71,4,4
2025-01-31,Direct,/products,Products,35,46,153,0.4602,161.3,3.32,2,4
2025-01-31,Direct,/pricing,Pricing,21,26,99,0.3065,211.8,3.81,1,2
2025-01-31,Direct,/blog,Blog,26,32,67,0.5697,99.0,2.11,3,4
2025-01-31,Direct,/product-a,Product A,29,39,132,0.4238,152.3,3.37,0,3
2025-01-31,Direct,/product-b,Product B,14,20,78,0.4409,120.8,3.92,0,0
2025-01-31,Direct,/contact,Contact,17,19,45,0.4531,154.5,2.37,0,0
2025-01-31,Direct,/signup,Signup,12,18,47,0.1771,114.4,2.61,0,2
2025-01-31,Direct,/checkout,Checkout,21,24,83,0.1642,168.6,3.47,5,4
2025-01-31,Direct,/thank-you,Thank You,8,9,28,0.1225,183.8,3.11,2,0
2025-01-31,Referral,/,Home,36,42,121,0.4797,239.5,2.88,4,1
2025-01-31,Referral,/products,Products,16,22,89,0.2159,169.0,4.05,2,1
2025-01-31,Referral,/pricing,Pricing,15,18,67,0.2503,188.8,3.7,0,1
2025-01-31,Referral,/blog,Blog,26,34,91,0.3437,144.0,2.67,3,0
2025-01-31,Referral,/product-a,Product A,14,21,74,0.2442,176.0,3.52,0,3
2025-01-31,Referral,/product-b,Product B,11,15,56,0.2773,243.3,3.72,2,1
2025-01-31,Referral,/contact,Contact,8,10,39,0.1464,177.6,3.87,0,2
2025-01-31,Referral,/signup,Signup,13,19,53,0.1128,164.3,2.8,2,6
2025-01-31,Referral,/checkout,Checkout,11,14,44,0.08,202.6,3.15,2,4
2025-01-31,Referral,/thank-you,Thank You,7,10,36,0.1119,181.9,3.56,1,1
2025-01-31,Organic Social,/,Home,32,38,67,0.6232,131.6,1.76,1,1
2025-01-31,Organic Social,/products,Products,17,23,48,0.5496,52.4,2.11,0,1
2025-01-31,Organic Social,/pricing,Pricing,15,17,47,0.5164,144.4,2.74,1,1
2025-01-31,Organic Social,/blog,Blog,13,16,42,0.6083,133.8,2.63,0,0
2025-01-31,Organic Social,/product-a,Product A,13,15,41,0.5604,180.4,2.7,1,0
2025-01-31,Organic Social,/product-b,Product B,14,20,46,0.5795,127.7,2.3,0,0
2025-01-31,Organic Social,/contact,Contact,12,17,25,0.4032,25.1,1.49,1,1
2025-01-31,Organic Social,/signup,Signup,15,18,40,0.4772,99.7,2.23,1,0
2025-01-31,Organic Social,/checkout,Checkout,6,8,15,0.4357,110.1,1.9,0,0
2025-01-31,Organic Social,/thank-you,Thank You,7,9,14,0.3368,101.8,1.58,0,1
2025-01-31,Paid Social,/,Home,18,24,28,0.6153,85.4,1.15,0,0
2025-01-31,Paid Social,/products,Products,24,28,92,0.5738,67.1,3.27,0,0
2025-01-31,Paid Social,/pricing,Pricing,14,20,48,0.6204,125.5,2.39,0,2
2025-01-31,Paid Social,/blog,Blog,16,22,29,0.5783,112.6,1.32,0,1
2025-01-31,Paid Social,/product-a,Product A,8,10,29,0.5241,120.1,2.86,0,0
2025-01-31,Paid Social,/product-b,Product B,7,9,21,0.5468,114.5,2.28,0,0
2025-01-31,Paid Social,/contact,Contact,9,13,15,0.5355,137.8,1.19,0,0
2025-01-31,Paid Social,/signup,Signup,7,8,18,0.5027,20.0,2.23,1,0
2025-01-31,Paid Social,/checkout,Checkout,6,7,13,0.4329,152.0,1.82,0,0
2025-01-31,Paid Social,/thank-you,Thank You,3,5,6,0.4439,38.5,1.26,2,0
2025-01-31,Email,/,Home,21,25,69,0.4239,243.6,2.74,2,7
2025-01-31,Email,/products,Products,8,12,43,0.2705,178.7,3.61,0,2
2025-01-31,Email,/pricing,Pricing,5,6,24,0.1909,238.6,4.05,1,0
2025-01-31,Email,/blog,Blog,10,13,47,0.4215,226.5,3.6,0,3
2025-01-31,Email,/product-a,Product A,7,11,51,0.2741,252.1,4.64,2,1
2025-01-31,Email,/product-b,Product B,5,7,23,0.2378,205.0,3.23,0,0
2025-01-31,Email,/contact,Contact,6,7,26,0.2251,203.4,3.72,1,1
2025-01-31,Email,/signup,Signup,7,8,31,0.08,238.2,3.9,0,3
2025-01-31,Email,/checkout,Checkout,6,7,28,0.1795,296.8,3.98,1,1
2025-01-31,Email,/thank-you,Thank You,1,2,7,0.1439,213.0,3.31,0,0
2025-02-01,Organic Search,/,Home,41,50,181,0.5222,107.6,3.62,3,1
2025-02-01,Organic Search,/products,Products,53,64,233,0.281,179.9,3.63,4,4
2025-02-01,Organic Search,/pricing,Pricing,19,24,82,0.4461,191.6,3.41,0,1
2025-02-01,Organic Search,/blog,Blog,43,51,122,0.4656,115.2,2.39,0,3
2025-02-01,Organic Search,/product-a,Product A,25,35,111,0.3502,149.1,3.18,0,1
2025-02-01,Organic Search,/product-b,Product B,20,30,91,0.4538,199.9,3.02,0,1
2025-02-01,Organic Search,/contact,Contact,20,22,39,0.2974,157.6,1.77,0,1
2025-02-01,Organic Search,/signup,Signup,24,29,84,0.1671,139.4,2.91,3,2
2025-02-01,Organic Search,/checkout,Checkout,29,34,116,0.1927,225.9,3.41,3,3
2025-02-01,Organic Search,/thank-you,Thank You,7,10,30,0.08,165.8,3.04,0,1
2025-02-01,Paid Search,/,Home,36,50,157,0.4697,121.8,3.14,2,0
2025-02-01,Paid Search,/products,Products,25,35,100,0.4846,146.1,2.87,5,2
2025-02-01,Paid Search,/pricing,Pricing,25,30,108,0.3706,147.9,3.6,4,1
2025-02-01,Paid Search,/blog,Blog,21,24,55,0.5567,121.1,2.3,0,0
2025-02-01,Paid Search,/product-a,Product A,19,28,82,0.3071,201.0,2.91,1,0
2025-02-01,Paid Search,/product-b,Product B,15,22,53,0.4733,126.4,2.41,0,4
2025-02-01,Paid Search,/contact,Contact,7,11,25,0.317,115.5,2.27,1,3
2025-02-01,Paid Search,/signup,Signup,10,12,30,0.1709,111.9,2.48,1,3
2025-02-01,Paid Search,/checkout,Checkout,12,17,27,0.3491,196.8,1.6,0,5
2025-02-01,Paid Search,/thank-you,Thank You,6,8,14,0.1467,192.2,1.8,0,2
2025-02-01,Direct,/,Home,45,50,131,0.4572,100.0,2.61,4,1
2025-02-01,Direct,/products,Products,23,27,99,0.3312,241.0,3.65,1,0
2025-02-01,Direct,/pricing,Pricing,22,25,78,0.2927,243.7,3.12,0,1
2025-02-01,Direct,/blog,Blog,22,28,62,0.512,190.9,2.21,0,1
2025-02-01,Direct,/product-a,Product A,20,25,94,0.3655,213.7,3.77,0,0
2025-02-01,Direct,/product-b,Product B,10,12,47,0.3665,162.1,3.91,0,0
2025-02-01,Direct,/contact,Contact,10,14,45,0.2966,192.1,3.23,1,2
2025-02-01,Direct,/signup,Signup,9,11,34,0.3003,185.7,3.06,0,4
2025-02-01,Direct,/checkout,Checkout,12,16,26,0.2071,172.1,1.61,0,1
2025-02-01,Direct,/thank-you,Thank You,4,5,11,0.234,171.7,2.21,1,1
2025-02-01,Referral,/,Home,19,25,63,0.448,151.4,2.5,0,4
2025-02-01,Referral,/products,Products,21,26,124,0.3009,221.2,4.79,2,3
2025-02-01,Referral,/pricing,Pricing,6,10,46,0.2144,223.6,4.57,0,3
2025-02-01,Referral,/blog,Blog,11,13,37,0.5355,191.4,2.85,1,1
2025-02-01,Referral,/product-a,Product A,11,14,46,0.3517,166.2,3.29,0,2
2025-02-01,Referral,/product-b,Product B,10,15,50,0.2435,266.8,3.3,1,0
2025-02-01,Referral,/contact,Contact,9,13,45,0.2177,225.2,3.44,1,1
2025-02-01,Referral,/signup,Signup,8,12,44,0.1226,230.1,3.65,0,5
2025-02-01,Referral,/checkout,Checkout,11,15,43,0.1297,171.2,2.88,4,4
2025-02-01,Referral,/thank-you,Thank You,4,7,15,0.08,137.0,2.16,2,1
2025-02-01,Organic Social,/,Home,21,31,53,0.7475,122.0,1.71,2,0
2025-02-01,Organic Social,/products,Products,17,25,61,0.5173,76.3,2.42,1,3
2025-02-01,Organic Social,/pricing,Pricing,13,15,37,0.5031,143.3,2.44,1,0
2025-02-01,Organic Social,/blog,Blog,16,18,56,0.7263,125.5,3.14,0,0
2025-02-01,Organic Social,/product-a,Product A,10,12,27,0.5101,147.9,2.25,0,0
2025-02-01,Organic Social,/product-b,Product B,7,11,25,0.4894,86.0,2.28,1,0
2025-02-01,Organic Social,/contact,Contact,7,10,25,0.4497,130.5,2.54,0,0
2025-02-01,Organic Social,/signup,Signup,11,12,12,0.4134,141.4,1.0,0,2
2025-02-01,Organic Social,/checkout,Checkout,5,6,9,0.292,158.2,1.42,1,1
2025-02-01,Organic Social,/thank-you,Thank You,4,6,14,0.2651,91.0,2.41,0,1
2025-02-01,Paid Social,/,Home,9,10,17,0.7086,120.1,1.74,0,0
2025-02-01,Paid Social,/products,Products,7,9,21,0.5283,34.7,2.33,0,0
2025-02-01,Paid Social,/pricing,Pricing,7,9,17,0.4658,95.1,1.84,0,1
2025-02-01,Paid Social,/blog,Blog,9,11,11,0.6857,147.6,1.0,1,0
2025-02-01,Paid Social,/product-a,Product A,8,10,20,0.6556,105.7,2.05,0,0
2025-02-01,Paid Social,/product-b,Product B,5,7,12,0.5336,116.0,1.68,0,0
2025-02-01,Paid Social,/contact,Contact,4,7,13,0.5534,97.4,1.85,0,0
2025-02-01,Paid Social,/signup,Signup,5,7,8,0.4801,125.3,1.18,1,0
2025-02-01,Paid Social,/checkout,Checkout,4,6,14,0.4881,80.4,2.26,0,0
2025-02-01,Paid Social,/thank-you,Thank You,2,3,3,0.3191,77.0,1.14,0,0
2025-02-01,Email,/,Home,10,13,34,0.3993,171.0,2.63,1,0
2025-02-01,Email,/products,Products,4,5,18,0.3324,256.4,3.5,1,2
2025-02-01,Email,/pricing,Pricing,5,6,31,0.137,223.8,5.11,0,0
2025-02-01,Email,/blog,Blog,7,8,26,0.3206,235.6,3.25,1,0
2025-02-01,Email,/product-a,Product A,3,4,14,0.1945,209.4,3.42,0,0
2025-02-01,Email,/product-b,Product B,4,5,21,0.2524,199.1,4.25,1,1
2025-02-01,Email,/contact,Contact,2,3,11,0.2785,214.5,3.69,1,0
2025-02-01,Email,/signup,Signup,3,5,13,0.1178,177.9,2.7,0,0
2025-02-01,Email,/checkout,Checkout,3,5,15,0.1551,222.0,2.9,0,1
2025-02-01,Email,/thank-you,Thank You,1,2,6,0.08,170.2,3.18,0,0
2025-02-02,Organic Search,/,Home,46,54,132,0.5595,169.4,2.45,2,0
2025-02-02,Organic Search,/products,Products,27,36,123,0.3599,116.8,3.43,0,4
2025-02-02,Organic Search,/pricing,Pricing,15,20,84,0.3262,192.4,4.2,1,1
2025-02-02,Organic Search,/blog,Blog,18,24,73,0.6172,166.8,3.03,1,3
2025-02-02,Organic Search,/product-a,Product A,26,30,94,0.3676,218.3,3.14,0,1
2025-02-02,Organic Search,/product-b,Product B,13,14,51,0.3246,190.8,3.65,2,0
2025-02-02,Organic Search,/contact,Contact,10,12,31,0.3126,161.4,2.58,0,0
2025-02-02,Organic Search,/signup,Signup,10,12,36,0.1828,188.0,3.0,2,3
2025-02-02,Organic Search,/checkout,Checkout,9,13,42,0.2126,182.9,3.21,0,5
2025-02-02,Organic Search,/thank-you,Thank You,8,11,37,0.1563,134.2,3.36,0,0
2025-02-02,Paid Search,/,Home,21,27,60,0.5848,93.5,2.23,3,4
2025-02-02,Paid Search,/products,Products,19,27,76,0.3769,36.6,2.83,0,0
2025-02-02,Paid Search,/pricing,Pricing,14,16,51,0.3896,137.8,3.19,0,1
2025-02-02,Paid Search,/blog,Blog,11,12,32,0.5189,140.4,2.7,0,2
2025-02-02,Paid Search,/product-a,Product A,16,19,61,0.3747,136.7,3.23,0,1
2025-02-02,Paid Search,/product-b,Product B,12,14,38,0.4814,132.0,2.7,3,2
2025-02-02,Paid Search,/contact,Contact,8,10,13,0.4213,122.9,1.32,0,0
2025-02-02,Paid Search,/signup,Signup,9,12,23,0.4109,74.9,1.96,3,1
2025-02-02,Paid Search,/checkout,Checkout,7,11,18,0.1712,160.6,1.6,0,2
2025-02-02,Paid Search,/thank-you,Thank You,5,6,15,0.1983,127.3,2.48,0,1
2025-02-02,Direct,/,Home,40,51,135,0.5225,179.5,2.65,1,5
2025-02-02,Direct,/products,Products,18,21,90,0.4863,177.0,4.3,0,2
2025-02-02,Direct,/pricing,Pricing,14,20,69,0.3951,208.0,3.45,2,0
2025-02-02,Direct,/blog,Blog,15,20,51,0.5364,173.2,2.54,1,0
2025-02-02,Direct,/product-a,Product A,18,23,81,0.4535,201.3,3.54,1,0
2025-02-02,Direct,/product-b,Product B,17,20,56,0.4557,189.2,2.78,0,3
2025-02-02,Direct,/contact,Contact,10,12,42,0.2623,172.5,3.48,2,3
2025-02-02,Direct,/signup,Signup,9,11,30,0.2138,149.9,2.7,2,1
2025-02-02,Direct,/checkout,Checkout,8,9,19,0.2465,172.0,2.12,1,1
2025-02-02,Direct,/thank-you,Thank You,6,8,21,0.1239,150.2,2.68,0,1
2025-02-02,Referral,/,Home,15,22,65,0.3703,231.8,2.94,0,2
2025-02-02,Referral,/products,Products,11,15,55,0.32,177.8,3.68,1,3
2025-02-02,Referral,/pricing,Pricing,12,15,47,0.253,238.3,3.11,0,4
2025-02-02,Referral,/blog,Blog,13,16,51,0.3936,148.4,3.17,1,0
2025-02-02,Referral,/product-a,Product A,8,12,45,0.235,191.6,3.71,0,0
2025-02-02,Referral,/product-b,Product B,5,7,30,0.2841,229.9,4.31,0,0
2025-02-02,Referral,/contact,Contact,8,10,35,0.08,173.1,3.55,0,0
2025-02-02,Referral,/signup,Signup,6,10,24,0.117,163.6,2.44,1,0
2025-02-02,Referral,/checkout,Checkout,6,8,26,0.1365,138.8,3.19,1,1
2025-02-02,Referral,/thank-you,Thank You,3,4,13,0.1959,142.9,3.17,0,0
2025-02-02,Organic Social,/,Home,11,14,31,0.65,77.7,2.24,0,1
2025-02-02,Organic Social,/products,Products,10,12,34,0.5887,106.1,2.83,0,0
2025-02-02,Organic Social,/pricing,Pricing,7,10,32,0.5958,52.6,3.2,0,0
2025-02-02,Organic Social,/blog,Blog,6,8,13,0.7572,120.0,1.63,0,1
2025-02-02,Organic Social,/product-a,Product A,3,5,10,0.5257,139.9,1.95,0,0
2025-02-02,Organic Social,/product-b,Product B,5,7,20,0.4456,115.0,2.92,0,0
2025-02-02,Organic Social,/contact,Contact,3,5,11,0.4534,78.2,2.28,0,0
2025-02-02,Organic Social,/signup,Signup,5,6,18,0.3454,97.5,2.98,0,0
2025-02-02,Organic Social,/checkout,Checkout,4,5,14,0.3716,142.8,2.81,0,0
2025-02-02,Organic Social,/thank-you,Thank You,1,2,2,0.2864,130.8,1.0,0,1
2025-02-02,Paid Social,/,Home,10,14,28,0.6468,52.2,2.02,0,0
2025-02-02,Paid Social,/products,Products,7,11,28,0.5894,73.5,2.54,0,0
2025-02-02,Paid Social,/pricing,Pricing,5,8,20,0.434,147.0,2.53,1,0
2025-02-02,Paid Social,/blog,Blog,7,8,10,0.6941,97.6,1.2,0,0
2025-02-02,Paid Social,/product-a,Product A,8,11,24,0.5871,118.1,2.18,0,1
2025-02-02,Paid Social,/product-b,Product B,5,6,12,0.6647,163.0,2.06,0,0
2025-02-02,Paid Social,/contact,Contact,5,7,15,0.5645,64.8,2.11,0,1
2025-02-02,Paid Social,/signup,Signup,4,6,14,0.3078,68.4,2.28,0,0
2025-02-02,Paid Social,/checkout,Checkout,3,4,7,0.4215,84.4,1.63,0,0
2025-02-02,Paid Social,/thank-you,Thank You,1,2,4,0.4296,110.6,1.76,0,0
2025-02-02,Email,/,Home,4,6,15,0.33,198.2,2.52,0,1
2025-02-02,Email,/products,Products,4,5,20,0.2454,235.8,3.96,1,0
2025-02-02,Email,/pricing,Pricing,3,4,13,0.1931,191.4,3.37,0,0
2025-02-02,Email,/blog,Blog,2,3,10,0.4308,231.3,3.17,0,1
2025-02-02,Email,/product-a,Product A,2,3,13,0.1202,174.4,4.29,1,0
2025-02-02,Email,/product-b,Product B,1,2,10,0.3235,282.4,4.92,0,0
2025-02-02,Email,/contact,Contact,2,3,11,0.0939,250.1,3.51,0,0
2025-02-02,Email,/signup,Signup,2,3,8,0.1508,198.5,2.7,1,0
2025-02-02,Email,/checkout,Checkout,1,2,6,0.1535,247.7,2.86,0,0
2025-02-02,Email,/thank-you,Thank You,1,2,5,0.08,228.4,2.44,0,1
2025-02-03,Organic Search,/,Home,33,38,90,0.3343,152.7,2.38,7,3
2025-02-03,Organic Search,/products,Products,38,42,160,0.2646,146.6,3.8,2,2
2025-02-03,Organic Search,/pricing,Pricing,18,26,81,0.3353,242.6,3.11,0,0
2025-02-03,Organic Search,/blog,Blog,21,25,64,0.3572,194.7,2.58,0,3
2025-02-03,Organic Search,/product-a,Product A,20,27,85,0.4345,184.9,3.14,2,2
2025-02-03,Organic Search,/product-b,Product B,25,30,89,0.3225,215.0,2.95,2,2
2025-02-03,Organic Search,/contact,Contact,11,13,54,0.242,140.8,4.17,0,0
2025-02-03,Organic Search,/signup,Signup,12,18,54,0.2047,197.2,3.0,5,3
2025-02-03,Organic Search,/checkout,Checkout,11,15,61,0.2465,161.1,4.05,2,2
2025-02-03,Organic Search,/thank-you,Thank You,8,10,25,0.1884,244.5,2.52,0,2
2025-02-03,Paid Search,/,Home,26,38,96,0.5257,143.5,2.51,2,2
2025-02-03,Paid Search,/products,Products,17,19,59,0.5351,117.7,3.13,0,2
2025-02-03,Paid Search,/pricing,Pricing,16,21,64,0.418,120.5,3.06,0,1
2025-02-03,Paid Search,/blog,Blog,21,23,49,0.4815,127.9,2.13,1,1
2025-02-03,Paid Search,/product-a,Product A,16,21,65,0.3986,190.1,3.12,1,2
2025-02-03,Paid Search,/product-b,Product B,9,11,19,0.4803,143.3,1.69,0,0
2025-02-03,Paid Search,/contact,Contact,8,10,27,0.409,123.7,2.69,0,1
2025-02-03,Paid Search,/signup,Signup,11,14,34,0.2373,169.8,2.4,2,1
2025-02-03,Paid Search,/checkout,Checkout,10,13,31,0.2959,223.4,2.41,1,1
2025-02-03,Paid Search,/thank-you,Thank You,6,8,18,0.304,134.1,2.25,0,2
2025-02-03,Direct,/,Home,34,47,161,0.4813,183.2,3.42,2,3
2025-02-03,Direct,/products,Products,19,25,104,0.3346,140.2,4.18,2,2
2025-02-03,Direct,/pricing,Pricing,17,21,64,0.3334,222.6,3.04,1,0
2025-02-03,Direct,/blog,Blog,23,28,69,0.4784,109.4,2.46,1,2
2025-02-03,Direct,/product-a,Product A,15,19,68,0.3826,172.1,3.57,2,2
2025-02-03,Direct,/product-b,Product B,12,17,77,0.4318,164.8,4.55,0,1
2025-02-03,Direct,/contact,Contact,8,12,36,0.3915,129.4,2.99,0,0
2025-02-03,Direct,/signup,Signup,15,18,39,0.2839,162.5,2.19,2,3
2025-02-03,Direct,/checkout,Checkout,5,8,14,0.2418,208.1,1.8,0,1
2025-02-03,Direct,/thank-you,Thank You,4,5,15,0.2117,170.3,3.0,1,0
2025-02-03,Referral,/,Home,17,22,75,0.4701,154.6,3.4,0,2
2025-02-03,Referral,/products,Products,10,11,37,0.4207,171.6,3.37,2,2
2025-02-03,Referral,/pricing,Pricing,11,14,53,0.3268,206.6,3.8,0,2
2025-02-03,Referral,/blog,Blog,11,15,39,0.4132,181.7,2.59,1,0
2025-02-03,Referral,/product-a,Product A,11,13,50,0.3063,197.3,3.82,1,2
2025-02-03,Referral,/product-b,Product B,7,9,39,0.3347,188.7,4.37,0,0
2025-02-03,Referral,/contact,Contact,5,6,18,0.2451,186.0,2.98,0,0
2025-02-03,Referral,/signup,Signup,7,8,24,0.1997,207.9,3.0,2,1
2025-02-03,Referral,/checkout,Checkout,5,6,16,0.1175,178.6,2.72,2,0
2025-02-03,Referral,/thank-you,Thank You,2,3,7,0.08,173.6,2.42,0,1
2025-02-03,Organic Social,/,Home,20,25,28,0.6805,130.9,1.11,1,0
2025-02-03,Organic Social,/products,Products,10,13,51,0.6141,126.4,3.92,0,0
2025-02-03,Organic Social,/pricing,Pricing,7,9,21,0.4941,69.6,2.34,0,0
2025-02-03,Organic Social,/blog,Blog,8,12,23,0.7946,100.2,1.92,2,1
2025-02-03,Organic Social,/product-a,Product A,7,10,19,0.5365,138.0,1.88,0,0
2025-02-03,Organic Social,/product-b,Product B,7,8,17,0.6338,85.9,2.11,0,0
2025-02-03,Organic Social,/contact,Contact,7,9,17,0.4016,104.7,1.9,0,0
2025-02-03,Organic Social,/signup,Signup,5,6,17,0.3308,139.3,2.88,2,1
2025-02-03,Organic Social,/checkout,Checkout,4,6,15,0.3943,115.3,2.46,0,0
2025-02-03,Organic Social,/thank-you,Thank You,3,4,10,0.3056,115.8,2.56,0,1
2025-02-03,Paid Social,/,Home,11,12,17,0.6116,125.2,1.44,0,0
2025-02-03,Paid Social,/products,Products,7,8,21,0.5367,142.4,2.58,0,0
2025-02-03,Paid Social,/pricing,Pricing,4,5,11,0.5612,135.9,2.19,0,0
2025-02-03,Paid Social,/blog,Blog,9,11,19,0.5597,90.2,1.74,0,0
2025-02-03,Paid Social,/product-a,Product A,8,9,31,0.5833,99.9,3.41,0,0
2025-02-03,Paid Social,/product-b,Product B,6,7,19,0.5399,149.7,2.77,0,0
2025-02-03,Paid Social,/contact,Contact,4,5,6,0.4442,104.4,1.13,0,0
2025-02-03,Paid Social,/signup,Signup,4,5,8,0.3968,96.2,1.63,1,0
2025-02-03,Paid Social,/checkout,Checkout,3,4,7,0.4596,116.2,1.74,1,0
2025-02-03,Paid Social,/thank-you,Thank You,1,2,3,0.292,74.6,1.3,0,0
2025-02-03,Email,/,Home,10,12,25,0.3802,196.0,2.12,1,1
2025-02-03,Email,/products,Products,5,8,39,0.2959,189.2,4.87,2,0
2025-02-03,Email,/pricing,Pricing,5,6,23,0.2508,212.9,3.82,0,1
2025-02-03,Email,/blog,Blog,6,9,24,0.4156,135.6,2.67,1,0
2025-02-03,Email,/product-a,Product A,2,3,11,0.2176,189.3,3.83,0,0
2025-02-03,Email,/product-b,Product B,3,4,13,0.3109,217.8,3.31,0,1
2025-02-03,Email,/contact,Contact,3,5,17,0.2441,265.5,3.43,1,0
2025-02-03,Email,/signup,Signup,3,5,17,0.1406,261.4,3.42,0,4
2025-02-03,Email,/checkout,Checkout,2,3,10,0.1269,228.0,3.43,0,1
2025-02-03,Email,/thank-you,Thank You,1,2,6,0.08,91.0,3.13,1,1
2025-02-04,Organic Search,/,Home,49,61,185,0.4697,195.5,3.03,4,1
2025-02-04,Organic Search,/products,Products,55,64,185,0.4554,172.6,2.89,6,2
2025-02-04,Organic Search,/pricing,Pricing,36,40,145,0.4336,149.5,3.63,3,0
2025-02-04,Organic Search,/blog,Blog,34,41,94,0.4545,204.9,2.29,3,1
2025-02-04,Organic Search,/product-a,Product A,34,44,173,0.3833,209.3,3.93,1,1
2025-02-04,Organic Search,/product-b,Product B,28,30,130,0.3793,223.7,4.33,2,1
2025-02-04,Organic Search,/contact,Contact,15,17,60,0.2367,118.3,3.54,0,2
2025-02-04,Organic Search,/signup,Signup,23,32,39,0.2596,132.5,1.23,3,1
2025-02-04,Organic Search,/checkout,Checkout,25,28,96,0.2468,261.1,3.42,1,5
2025-02-04,Organic Search,/thank-you,Thank You,8,10,28,0.08,251.9,2.83,1,3
2025-02-04,Paid Search,/,Home,55,63,172,0.5341,141.2,2.74,4,5
2025-02-04,Paid Search,/products,Products,22,30,71,0.5024,108.9,2.36,2,1
2025-02-04,Paid Search,/pricing,Pricing,18,24,76,0.3441,182.1,3.18,2,1
2025-02-04,Paid Search,/blog,Blog,30,44,119,0.5925,108.8,2.7,5,1
2025-02-04,Paid Search,/product-a,Product A,17,21,81,0.4229,169.2,3.85,0,3
2025-02-04,Paid Search,/product-b,Product B,18,25,74,0.4624,173.0,2.94,0,2
2025-02-04,Paid Search,/contact,Contact,11,15,38,0.2788,116.2,2.53,2,1
2025-02-04,Paid Search,/signup,Signup,24,28,45,0.3082,156.0,1.61,3,3
2025-02-04,Paid Search,/checkout,Checkout,17,25,51,0.3772,152.2,2.03,2,2
2025-02-04,Paid Search,/thank-you,Thank You,9,13,23,0.2582,150.9,1.76,2,1
2025-02-04,Direct,/,Home,69,80,152,0.4672,188.2,1.9,3,3
2025-02-04,Direct,/products,Products,20,28,99,0.2568,203.3,3.52,2,1
2025-02-04,Direct,/pricing,Pricing,15,22,76,0.3694,235.1,3.44,2,4
2025-02-04,Direct,/blog,Blog,25,30,98,0.4709,221.5,3.27,1,2
2025-02-04,Direct,/product-a,Product A,25,34,143,0.4697,132.5,4.19,1,0
2025-02-04,Direct,/product-b,Product B,18,21,86,0.3779,234.9,4.1,1,0
2025-02-04,Direct,/contact,Contact,22,24,68,0.3784,79.2,2.82,0,3
2025-02-04,Direct,/signup,Signup,23,34,70,0.2073,183.7,2.06,3,3
2025-02-04,Direct,/checkout,Checkout,18,22,56,0.1876,198.6,2.56,4,2
2025-02-04,Direct,/thank-you,Thank You,8,11,30,0.1417,139.4,2.72,1,1
2025-02-04,Referral,/,Home,37,49,121,0.4566,159.7,2.48,3,2
2025-02-04,Referral,/products,Products,18,20,84,0.3144,170.2,4.19,0,1
2025-02-04,Referral,/pricing,Pricing,17,25,74,0.1764,154.7,2.96,1,2
2025-02-04,Referral,/blog,Blog,22,28,84,0.4906,181.6,3.01,1,1
2025-02-04,Referral,/product-a,Product A,15,23,87,0.2891,242.4,3.79,1,0
2025-02-04,Referral,/product-b,Product B,12,16,61,0.4282,224.5,3.81,0,1
2025-02-04,Referral,/contact,Contact,8,12,38,0.2205,191.4,3.18,1,0
2025-02-04,Referral,/signup,Signup,15,16,69,0.2541,194.8,4.3,3,5
2025-02-04,Referral,/checkout,Checkout,5,8,23,0.0977,231.0,2.87,2,0
2025-02-04,Referral,/thank-you,Thank You,6,8,19,0.1825,196.4,2.36,1,1
2025-02-04,Organic Social,/,Home,34,39,82,0.7412,66.0,2.11,0,2
2025-02-04,Organic Social,/products,Products,17,25,72,0.5695,45.6,2.88,0,2
2025-02-04,Organic Social,/pricing,Pricing,11,15,33,0.5301,119.3,2.2,1,0
2025-02-04,Organic Social,/blog,Blog,19,22,37,0.7913,139.6,1.7,0,0
2025-02-04,Organic Social,/product-a,Product A,10,12,23,0.6408,72.3,1.88,0,0
2025-02-04,Organic Social,/product-b,Product B,10,15,42,0.6011,126.0,2.81,0,1
2025-02-04,Organic Social,/contact,Contact,5,7,16,0.4944,98.9,2.3,0,1
2025-02-04,Organic Social,/signup,Signup,12,15,30,0.3727,151.5,1.98,0,0
2025-02-04,Organic Social,/checkout,Checkout,6,8,8,0.4131,77.6,1.0,0,0
2025-02-04,Organic Social,/thank-you,Thank You,4,7,16,0.4356,144.5,2.28,1,0
2025-02-04,Paid Social,/,Home,13,16,24,0.7414,105.6,1.52,1,0
2025-02-04,Paid Social,/products,Products,10,11,25,0.6954,36.4,2.3,0,1
2025-02-04,Paid Social,/pricing,Pricing,7,8,17,0.474,117.1,2.13,0,0
2025-02-04,Paid Social,/blog,Blog,10,14,22,0.6821,54.5,1.59,0,0
2025-02-04,Paid Social,/product-a,Product A,9,11,39,0.4047,89.4,3.59,0,0
2025-02-04,Paid Social,/product-b,Product B,4,5,13,0.5135,130.9,2.52,0,0
2025-02-04,Paid Social,/contact,Contact,6,8,14,0.5464,64.5,1.75,0,0
2025-02-04,Paid Social,/signup,Signup,8,10,21,0.5424,120.9,2.11,2,0
2025-02-04,Paid Social,/checkout,Checkout,5,7,7,0.4182,104.0,1.0,0,0
2025-02-04,Paid Social,/thank-you,Thank You,2,4,10,0.4345,59.5,2.49,0,0
2025-02-04,Email,/,Home,8,9,34,0.3368,244.4,3.74,2,0
2025-02-04,Email,/products,Products,8,9,41,0.2545,256.3,4.6,1,0
2025-02-04,Email,/pricing,Pricing,2,4,15,0.2122,294.2,3.85,0,1
2025-02-04,Email,/blog,Blog,5,7,21,0.3543,185.0,2.95,1,1
2025-02-04,Email,/product-a,Product A,2,3,12,0.2629,322.4,4.02,0,0
2025-02-04,Email,/product-b,Product B,4,5,19,0.2712,247.1,3.81,1,1
2025-02-04,Email,/contact,Contact,2,3,11,0.3097,211.0,3.63,0,0
2025-02-04,Email,/signup,Signup,3,4,15,0.2574,198.4,3.75,0,1
2025-02-04,Email,/checkout,Checkout,2,3,10,0.1376,254.2,3.41,0,3
2025-02-04,Email,/thank-you,Thank You,1,2,8,0.1202,217.3,3.9,0,0
2025-02-05,Organic Search,/,Home,66,86,229,0.4755,186.1,2.66,4,5
2025-02-05,Organic Search,/products,Products,26,37,135,0.2722,114.7,3.66,3,1
2025-02-05,Organic Search,/pricing,Pricing,29,38,136,0.281,171.2,3.57,2,1
2025-02-05,Organic Search,/blog,Blog,40,44,141,0.5332,176.5,3.2,0,1
2025-02-05,Organic Search,/product-a,Product A,34,40,150,0.4509,259.7,3.75,3,5
2025-02-05,Organic Search,/product-b,Product B,26,32,122,0.3144,167.9,3.8,7,2
2025-02-05,Organic Search,/contact,Contact,12,18,50,0.3208,177.1,2.78,2,0
2025-02-05,Organic Search,/signup,Signup,16,20,59,0.1563,137.8,2.95,0,3
2025-02-05,Organic Search,/checkout,Checkout,14,16,56,0.2423,130.4,3.47,1,1
2025-02-05,Organic Search,/thank-you,Thank You,6,9,19,0.1902,173.4,2.11,0,0
2025-02-05,Paid Search,/,Home,30,38,104,0.5066,104.6,2.74,1,1
2025-02-05,Paid Search,/products,Products,24,32,93,0.4929,88.3,2.92,2,4
2025-02-05,Paid Search,/pricing,Pricing,14,18,60,0.3833,122.2,3.32,0,0
2025-02-05,Paid Search,/blog,Blog,21,29,81,0.5758,118.2,2.79,2,2
2025-02-05,Paid Search,/product-a,Product A,19,25,70,0.4624,207.3,2.79,2,4
2025-02-05,Paid Search,/product-b,Product B,8,12,32,0.3872,152.9,2.66,0,2
2025-02-05,Paid Search,/contact,Contact,14,16,34,0.3133,105.4,2.12,1,1
2025-02-05,Paid Search,/signup,Signup,12,15,43,0.2155,184.1,2.86,0,3
2025-02-05,Paid Search,/checkout,Checkout,8,11,20,0.2022,73.1,1.78,4,1
2025-02-05,Paid Search,/thank-you,Thank You,4,7,18,0.2467,140.4,2.5,3,0
2025-02-05,Direct,/,Home,41,50,142,0.4369,184.6,2.85,4,2
2025-02-05,Direct,/products,Products,36,40,142,0.4436,162.0,3.55,1,1
2025-02-05,Direct,/pricing,Pricing,25,34,137,0.2962,171.1,4.04,3,1
2025-02-05,Direct,/blog,Blog,16,20,57,0.5224,169.5,2.84,0,0
2025-02-05,Direct,/product-a,Product A,19,24,86,0.3629,209.2,3.6,1,1
2025-02-05,Direct,/product-b,Product B,14,16,49,0.3967,206.1,3.06,0,0
2025-02-05,Direct,/contact,Contact,12,14,23,0.2918,120.3,1.62,0,0
2025-02-05,Direct,/signup,Signup,14,16,34,0.3153,180.8,2.12,1,0
2025-02-05,Direct,/checkout,Checkout,16,20,60,0.173,138.8,2.99,2,2
2025-02-05,Direct,/thank-you,Thank You,9,12,35,0.08,119.7,2.88,0,2
2025-02-05,Referral,/,Home,34,43,147,0.4465,115.2,3.42,3,2
2025-02-05,Referral,/products,Products,17,22,82,0.3461,235.9,3.71,2,1
2025-02-05,Referral,/pricing,Pricing,15,21,76,0.203,214.8,3.62,2,0
2025-02-05,Referral,/blog,Blog,14,20,57,0.4437,205.6,2.83,1,1
2025-02-05,Referral,/product-a,Product A,13,19,74,0.2786,204.9,3.9,2,1
2025-02-05,Referral,/product-b,Product B,11,17,47,0.2296,230.3,2.74,1,0
2025-02-05,Referral,/contact,Contact,7,9,28,0.2332,228.6,3.16,0,1
2025-02-05,Referral,/signup,Signup,15,17,47,0.1682,186.9,2.76,2,2
2025-02-05,Referral,/checkout,Checkout,7,9,26,0.131,208.2,2.85,1,1
2025-02-05,Referral,/thank-you,Thank You,2,4,11,0.1029,172.0,2.77,0,0
2025-02-05,Organic Social,/,Home,14,22,35,0.6239,55.8,1.59,1,1
2025-02-05,Organic Social,/products,Products,9,13,28,0.5283,77.4,2.14,0,1
2025-02-05,Organic Social,/pricing,Pricing,10,14,45,0.4692,117.2,3.22,0,2
2025-02-05,Organic Social,/blog,Blog,8,10,19,0.6659,97.4,1.92,0,1
2025-02-05,Organic Social,/product-a,Product A,10,12,35,0.5327,70.4,2.92,0,0
2025-02-05,Organic Social,/product-b,Product B,6,8,18,0.4232,187.7,2.31,1,0
2025-02-05,Organic Social,/contact,Contact,7,10,18,0.4438,113.8,1.79,0,0
2025-02-05,Organic Social,/signup,Signup,5,6,7,0.484,58.6,1.25,0,0
2025-02-05,Organic Social,/checkout,Checkout,7,9,27,0.367,126.0,3.01,1,1
2025-02-05,Organic Social,/thank-you,Thank You,2,3,5,0.2044,96.1,1.54,0,0
2025-02-05,Paid Social,/,Home,18,25,44,0.6471,44.9,1.78,0,0
2025-02-05,Paid Social,/products,Products,12,16,38,0.5598,105.0,2.35,1,0
2025-02-05,Paid Social,/pricing,Pricing,4,7,17,0.4788,85.0,2.38,0,1
2025-02-05,Paid Social,/blog,Blog,11,14,14,0.7813,131.4,1.0,0,1
2025-02-05,Paid Social,/product-a,Product A,8,10,26,0.5368,106.3,2.64,0,1
2025-02-05,Paid Social,/product-b,Product B,2,4,10,0.5452,137.1,2.45,0,0
2025-02-05,Paid Social,/contact,Contact,5,6,7,0.547,86.2,1.09,1,0
2025-02-05,Paid Social,/signup,Signup,7,9,21,0.4723,97.5,2.36,0,1
2025-02-05,Paid Social,/checkout,Checkout,6,8,18,0.3889,97.7,2.22,1,0
2025-02-05,Paid Social,/thank-you,Thank You,3,4,9,0.3484,35.9,2.18,0,1
2025-02-05,Email,/,Home,10,15,51,0.4389,225.0,3.42,3,0
2025-02-05,Email,/products,Products,10,13,54,0.2797,222.7,4.12,2,1
2025-02-05,Email,/pricing,Pricing,4,5,20,0.2753,246.4,4.0,0,0
2025-02-05,Email,/blog,Blog,6,8,27,0.3808,240.6,3.4,3,0
2025-02-05,Email,/product-a,Product A,3,5,22,0.3138,273.0,4.34,1,1
2025-02-05,Email,/product-b,Product B,2,3,14,0.2485,296.6,4.65,0,0
2025-02-05,Email,/contact,Contact,4,6,15,0.2466,219.3,2.51,0,0
2025-02-05,Email,/signup,Signup,5,7,25,0.08,233.6,3.58,2,1
2025-02-05,Email,/checkout,Checkout,5,6,24,0.1312,230.0,3.93,2,1
2025-02-05,Email,/thank-you,Thank You,1,2,6,0.08,169.2,3.19,0,0
2025-02-06,Organic Search,/,Home,78,100,257,0.4451,150.6,2.57,4,4
2025-02-06,Organic Search,/products,Products,45,64,274,0.428,217.4,4.28,4,7
2025-02-06,Organic Search,/pricing,Pricing,35,46,181,0.3839,173.0,3.93,1,2
2025-02-06,Organic Search,/blog,Blog,49,57,224,0.3714,170.1,3.93,2,3
2025-02-06,Organic Search,/product-a,Product A,26,35,111,0.362,213.7,3.18,0,1
2025-02-06,Organic Search,/product-b,Product B,27,29,115,0.3701,212.5,3.98,1,1
2025-02-06,Organic Search,/contact,Contact,25,31,76,0.2844,201.7,2.44,1,3
2025-02-06,Organic Search,/signup,Signup,36,41,119,0.1399,120.2,2.91,1,4
2025-02-06,Organic Search,/checkout,Checkout,21,28,92,0.1453,256.3,3.27,2,5
2025-02-06,Organic Search,/thank-you,Thank You,17,19,54,0.1414,144.5,2.85,4,3
2025-02-06,Paid Search,/,Home,66,76,185,0.5391,158.5,2.43,3,1
2025-02-06,Paid Search,/products,Products,23,29,81,0.5243,96.1,2.78,1,2
2025-02-06,Paid Search,/pricing,Pricing,32,38,127,0.3826,213.5,3.35,2,4
2025-02-06,Paid Search,/blog,Blog,34,49,101,0.5147,129.0,2.06,2,1
2025-02-06,Paid Search,/product-a,Product A,18,21,70,0.3677,194.4,3.32,0,0
2025-02-06,Paid Search,/product-b,Product B,12,16,53,0.3846,182.9,3.3,0,0
2025-02-06,Paid Search,/contact,Contact,19,26,64,0.2552,127.1,2.46,1,1
2025-02-06,Paid Search,/signup,Signup,24,28,35,0.308,133.5,1.25,4,1
2025-02-06,Paid Search,/checkout,Checkout,12,19,29,0.2315,144.1,1.53,3,4
2025-02-06,Paid Search,/thank-you,Thank You,11,13,21,0.2471,118.2,1.65,0,1
2025-02-06,Direct,/,Home,36,45,105,0.4401,144.6,2.34,2,4
2025-02-06,Direct,/products,Products,20,27,77,0.449,127.0,2.85,2,1
2025-02-06,Direct,/pricing,Pricing,18,23,84,0.4063,213.0,3.66,1,1
2025-02-06,Direct,/blog,Blog,21,27,61,0.5875,151.0,2.26,0,2
2025-02-06,Direct,/product-a,Product A,15,16,67,0.3993,192.2,4.16,0,0
2025-02-06,Direct,/product-b,Product B,15,21,63,0.3987,130.4,2.99,2,1
2025-02-06,Direct,/contact,Contact,15,19,52,0.2057,109.4,2.72,2,1
2025-02-06,Direct,/signup,Signup,14,16,38,0.3214,216.1,2.39,1,1
2025-02-06,Direct,/checkout,Checkout,14,20,44,0.2954,184.0,2.18,1,3
2025-02-06,Direct,/thank-you,Thank You,8,10,17,0.1484,140.2,1.69,0,0
2025-02-06,Referral,/,Home,20,29,72,0.458,198.2,2.5,1,0
2025-02-06,Referral,/products,Products,28,34,97,0.3975,166.0,2.85,2,2
2025-02-06,Referral,/pricing,Pricing,14,19,68,0.3496,176.0,3.59,1,4
2025-02-06,Referral,/blog,Blog,14,18,60,0.5128,203.1,3.34,1,1
2025-02-06,Referral,/product-a,Product A,16,22,86,0.3233,197.7,3.9,1,2
2025-02-06,Referral,/product-b,Product B,7,10,41,0.336,193.4,4.14,0,0
2025-02-06,Referral,/contact,Contact,5,8,18,0.1132,101.2,2.25,0,1
2025-02-06,Referral,/signup,Signup,8,10,38,0.1456,178.4,3.82,1,0
2025-02-06,Referral,/checkout,Checkout,9,11,38,0.2041,246.5,3.44,0,2
2025-02-06,Referral,/thank-you,Thank You,6,8,23,0.08,192.8,2.89,0,1
2025-02-06,Organic Social,/,Home,25,34,90,0.5835,64.2,2.65,1,0
2025-02-06,Organic Social,/products,Products,12,17,49,0.6092,125.4,2.91,0,0
2025-02-06,Organic Social,/pricing,Pricing,15,20,71,0.3882,106.9,3.54,0,0
2025-02-06,Organic Social,/blog,Blog,17,22,66,0.6407,161.7,2.98,1,1
2025-02-06,Organic Social,/product-a,Product A,14,21,56,0.5477,130.0,2.67,1,1
2025-02-06,Organic Social,/product-b,Product B,8,9,23,0.4984,109.4,2.53,0,0
2025-02-06,Organic Social,/contact,Contact,12,14,26,0.4624,91.9,1.88,0,0
2025-02-06,Organic Social,/signup,Signup,11,13,20,0.3089,41.8,1.53,0,0
2025-02-06,Organic Social,/checkout,Checkout,11,15,34,0.329,103.7,2.27,0,1
2025-02-06,Organic Social,/thank-you,Thank You,3,4,8,0.2492,92.1,1.97,0,1
2025-02-06,Paid Social,/,Home,33,38,57,0.6299,62.9,1.5,0,0
2025-02-06,Paid Social,/products,Products,13,17,40,0.6138,56.0,2.33,0,1
2025-02-06,Paid Social,/pricing,Pricing,10,13,32,0.5392,153.7,2.48,0,0
2025-02-06,Paid Social,/blog,Blog,18,22,34,0.7529,20.0,1.56,0,0
2025-02-06,Paid Social,/product-a,Product A,14,16,30,0.6836,67.7,1.86,0,0
2025-02-06,Paid Social,/product-b,Product B,8,9,22,0.5714,106.4,2.49,0,0
2025-02-06,Paid Social,/contact,Contact,10,11,21,0.4587,133.4,1.95,0,0
2025-02-06,Paid Social,/signup,Signup,10,12,18,0.428,100.0,1.51,2,0
2025-02-06,Paid Social,/checkout,Checkout,9,10,17,0.3111,114.0,1.67,1,2
2025-02-06,Paid Social,/thank-you,Thank You,4,6,12,0.3886,123.5,1.98,0,0
2025-02-06,Email,/,Home,7,10,38,0.3573,217.7,3.78,2,0
2025-02-06,Email,/products,Products,9,12,52,0.2523,222.9,4.33,1,0
2025-02-06,Email,/pricing,Pricing,6,8,35,0.331,259.9,4.4,1,0
2025-02-06,Email,/blog,Blog,7,10,37,0.4432,226.9,3.75,0,1
2025-02-06,Email,/product-a,Product A,8,9,33,0.2584,292.5,3.64,1,0
2025-02-06,Email,/product-b,Product B,4,6,30,0.264,281.0,4.93,0,0
2025-02-06,Email,/contact,Contact,4,6,18,0.1866,280.0,3.05,1,1
2025-02-06,Email,/signup,Signup,4,5,18,0.2252,224.4,3.65,0,2
2025-02-06,Email,/checkout,Checkout,3,4,12,0.1082,271.3,2.92,0,0
2025-02-06,Email,/thank-you,Thank You,1,1,2,0.08,194.4,2.15,0,0
2025-02-07,Organic Search,/,Home,29,41,112,0.3873,190.3,2.74,1,3
2025-02-07,Organic Search,/products,Products,22,33,103,0.3736,192.3,3.12,3,2
2025-02-07,Organic Search,/pricing,Pricing,21,27,86,0.2861,231.9,3.2,0,2
2025-02-07,Organic Search,/blog,Blog,25,29,78,0.5277,124.9,2.7,1,1
2025-02-07,Organic Search,/product-a,Product A,16,21,59,0.258,176.2,2.79,0,2
2025-02-07,Organic Search,/product-b,Product B,15,22,82,0.3515,181.4,3.71,2,1
2025-02-07,Organic Search,/contact,Contact,15,22,68,0.2297,189.1,3.07,1,1
2025-02-07,Organic Search,/signup,Signup,14,16,49,0.1935,152.7,3.05,2,3
2025-02-07,Organic Search,/checkout,Checkout,11,13,45,0.0874,183.3,3.47,1,1
2025-02-07,Organic Search,/thank-you,Thank You,7,10,23,0.0977,148.2,2.28,1,1
2025-02-07,Paid Search,/,Home,39,48,111,0.5911,113.5,2.32,3,6
2025-02-07,Paid Search,/products,Products,16,20,62,0.4325,106.9,3.12,3,2
2025-02-07,Paid Search,/pricing,Pricing,11,14,36,0.4215,100.2,2.54,1,1
2025-02-07,Paid Search,/blog,Blog,13,18,29,0.5083,110.9,1.64,1,2
2025-02-07,Paid Search,/product-a,Product A,15,18,47,0.3177,144.0,2.62,1,3
2025-02-07,Paid Search,/product-b,Product B,9,14,49,0.4159,138.7,3.52,2,2
2025-02-07,Paid Search,/contact,Contact,11,15,43,0.3486,101.0,2.86,2,1
2025-02-07,Paid Search,/signup,Signup,9,13,32,0.333,155.9,2.43,2,3
2025-02-07,Paid Search,/checkout,Checkout,9,11,24,0.2986,113.2,2.15,0,3
2025-02-07,Paid Search,/thank-you,Thank You,10,11,17,0.2282,173.8,1.54,1,0
2025-02-07,Direct,/,Home,24,31,71,0.4324,131.8,2.28,1,1
2025-02-07,Direct,/products,Products,17,23,71,0.3181,199.1,3.09,0,0
2025-02-07,Direct,/pricing,Pricing,20,26,68,0.3552,181.2,2.62,1,0
2025-02-07,Direct,/blog,Blog,25,33,98,0.5731,131.5,2.96,3,2
2025-02-07,Direct,/product-a,Product A,24,30,87,0.4262,230.7,2.91,1,1
2025-02-07,Direct,/product-b,Product B,10,14,34,0.3781,214.3,2.45,2,0
2025-02-07,Direct,/contact,Contact,8,11,28,0.3336,196.4,2.58,2,1
2025-02-07,Direct,/signup,Signup,16,18,48,0.2424,188.2,2.66,5,1
2025-02-07,Direct,/checkout,Checkout,12,14,31,0.1163,226.7,2.18,0,1
2025-02-07,Direct,/thank-you,Thank You,7,9,20,0.1929,154.8,2.22,1,1
2025-02-07,Referral,/,Home,25,36,69,0.4206,151.6,1.91,0,3
2025-02-07,Referral,/products,Products,18,24,97,0.3251,245.0,4.04,0,2
2025-02-07,Referral,/pricing,Pricing,11,15,57,0.1955,199.3,3.79,1,2
2025-02-07,Referral,/blog,Blog,12,17,49,0.348,140.7,2.88,0,1
2025-02-07,Referral,/product-a,Product A,12,16,56,0.2604,169.4,3.51,1,2
2025-02-07,Referral,/product-b,Product B,12,14,64,0.4138,198.1,4.54,1,1
2025-02-07,Referral,/contact,Contact,9,12,25,0.162,137.3,2.11,1,1
2025-02-07,Referral,/signup,Signup,7,8,24,0.2491,187.3,2.99,0,2
2025-02-07,Referral,/checkout,Checkout,4,7,15,0.1656,213.2,2.2,1,0
2025-02-07,Referral,/thank-you,Thank You,3,5,20,0.08,158.7,4.06,0,1
2025-02-07,Organic Social,/,Home,18,22,43,0.6612,62.9,1.96,0,1
2025-02-07,Organic Social,/products,Products,11,16,53,0.5729,84.9,3.31,1,2
2025-02-07,Organic Social,/pricing,Pricing,8,10,33,0.4885,117.4,3.27,0,1
2025-02-07,Organic Social,/blog,Blog,5,7,16,0.66,87.3,2.33,0,1
2025-02-07,Organic Social,/product-a,Product A,9,11,34,0.515,75.4,3.11,0,0
2025-02-07,Organic Social,/product-b,Product B,7,10,32,0.5582,161.8,3.17,0,1
2025-02-07,Organic Social,/contact,Contact,6,7,17,0.3926,139.9,2.37,0,0
2025-02-07,Organic Social,/signup,Signup,7,9,16,0.2895,20.0,1.82,3,0
2025-02-07,Organic Social,/checkout,Checkout,3,4,9,0.3326,135.6,2.13,0,0
2025-02-07,Organic Social,/thank-you,Thank You,3,4,9,0.3285,90.1,2.19,0,0
2025-02-07,Paid Social,/,Home,12,18,34,0.6162,110.0,1.9,0,1
2025-02-07,Paid Social,/products,Products,8,10,27,0.5542,80.2,2.66,0,0
2025-02-07,Paid Social,/pricing,Pricing,6,9,20,0.6287,49.4,2.17,0,0
2025-02-07,Paid Social,/blog,Blog,9,14,14,0.6568,90.9,1.0,0,0
2025-02-07,Paid Social,/product-a,Product A,8,11,26,0.6122,81.6,2.35,0,0
2025-02-07,Paid Social,/product-b,Product B,5,7,16,0.6132,100.3,2.35,0,0
2025-02-07,Paid Social,/contact,Contact,5,7,16,0.5002,25.5,2.28,0,0
2025-02-07,Paid Social,/signup,Signup,8,9,12,0.3586,87.8,1.3,0,0
2025-02-07,Paid Social,/checkout,Checkout,5,7,19,0.3618,65.6,2.7,0,0
2025-02-07,Paid Social,/thank-you,Thank You,2,3,5,0.2789,55.6,1.53,0,0
2025-02-07,Email,/,Home,4,6,20,0.4301,219.0,3.26,1,1
2025-02-07,Email,/products,Products,5,7,27,0.2815,244.4,3.81,0,1
2025-02-07,Email,/pricing,Pricing,3,4,17,0.1683,213.2,4.37,0,0
2025-02-07,Email,/blog,Blog,2,4,13,0.4573,192.4,3.3,0,0
2025-02-07,Email,/product-a,Product A,2,3,13,0.2223,205.5,4.48,0,2
2025-02-07,Email,/product-b,Product B,2,3,13,0.3147,245.2,4.2,0,0
2025-02-07,Email,/contact,Contact,2,3,10,0.084,210.0,3.28,0,0
2025-02-07,Email,/signup,Signup,1,2,8,0.08,154.9,3.77,0,1
2025-02-07,Email,/checkout,Checkout,1,2,8,0.1219,259.4,3.93,1,0
2025-02-07,Email,/thank-you,Thank You,1,1,4,0.082,177.3,4.04,0,0
2025-02-08,Organic Search,/,Home,34,41,138,0.4081,147.0,3.36,2,2
2025-02-08,Organic Search,/products,Products,27,38,134,0.2257,238.3,3.53,2,0
2025-02-08,Organic Search,/pricing,Pricing,12,15,48,0.2781,176.8,3.19,0,0
2025-02-08,Organic Search,/blog,Blog,23,35,99,0.4789,125.6,2.84,1,1
2025-02-08,Organic Search,/product-a,Product A,19,25,87,0.2768,241.8,3.5,0,2
2025-02-08,Organic Search,/product-b,Product B,19,22,71,0.3636,174.7,3.25,3,0
2025-02-08,Organic Search,/contact,Contact,15,18,42,0.2623,194.4,2.31,0,0
2025-02-08,Organic Search,/signup,Signup,13,15,55,0.1949,159.2,3.69,3,2
2025-02-08,Organic Search,/checkout,Checkout,12,18,57,0.1064,214.2,3.15,1,1
2025-02-08,Organic Search,/thank-you,Thank You,8,10,31,0.1535,137.9,3.1,1,2
2025-02-08,Paid Search,/,Home,25,34,98,0.5293,174.5,2.89,0,3
2025-02-08,Paid Search,/products,Products,19,23,43,0.5222,151.3,1.86,2,2
2025-02-08,Paid Search,/pricing,Pricing,24,28,73,0.3861,181.7,2.61,1,1
2025-02-08,Paid Search,/blog,Blog,28,31,91,0.6445,127.2,2.95,2,1
2025-02-08,Paid Search,/product-a,Product A,19,24,69,0.4899,158.7,2.9,2,0
2025-02-08,Paid Search,/product-b,Product B,15,20,45,0.5692,163.5,2.26,3,1
2025-02-08,Paid Search,/contact,Contact,12,14,21,0.3763,139.6,1.48,0,0
2025-02-08,Paid Search,/signup,Signup,8,11,29,0.2267,159.8,2.67,0,1
2025-02-08,Paid Search,/checkout,Checkout,12,17,29,0.3725,155.9,1.7,3,5
2025-02-08,Paid Search,/thank-you,Thank You,4,5,15,0.18,138.1,3.08,1,1
2025-02-08,Direct,/,Home,45,55,130,0.3502,153.1,2.36,3,1
2025-02-08,Direct,/products,Products,22,30,116,0.4605,162.4,3.87,0,1
2025-02-08,Direct,/pricing,Pricing,21,23,68,0.402,179.8,2.94,1,1
2025-02-08,Direct,/blog,Blog,17,19,46,0.4799,176.5,2.4,0,0
2025-02-08,Direct,/product-a,Product A,13,15,50,0.3432,215.3,3.35,0,0
2025-02-08,Direct,/product-b,Product B,15,19,65,0.3556,248.5,3.41,0,0
2025-02-08,Direct,/contact,Contact,17,20,53,0.4237,164.0,2.67,0,2
2025-02-08,Direct,/signup,Signup,13,19,51,0.2241,142.5,2.67,2,1
2025-02-08,Direct,/checkout,Checkout,17,20,47,0.2429,210.1,2.33,4,1
2025-02-08,Direct,/thank-you,Thank You,5,7,24,0.1718,189.9,3.39,1,1
2025-02-08,Referral,/,Home,17,25,95,0.3954,160.2,3.79,1,1
2025-02-08,Referral,/products,Products,14,17,64,0.3948,224.8,3.76,2,0
2025-02-08,Referral,/pricing,Pricing,9,10,34,0.3425,227.4,3.37,0,1
2025-02-08,Referral,/blog,Blog,10,12,49,0.4195,129.1,4.07,1,1
2025-02-08,Referral,/product-a,Product A,10,12,50,0.295,203.7,4.15,0,2
2025-02-08,Referral,/product-b,Product B,9,13,53,0.3334,253.5,4.05,4,0
2025-02-08,Referral,/contact,Contact,4,7,24,0.1725,201.2,3.49,2,1
2025-02-08,Referral,/signup,Signup,5,8,25,0.3357,215.3,3.11,2,1
2025-02-08,Referral,/checkout,Checkout,9,10,27,0.1333,189.9,2.71,1,1
2025-02-08,Referral,/thank-you,Thank You,5,7,25,0.1254,163.3,3.62,0,2
2025-02-08,Organic Social,/,Home,17,20,41,0.6606,117.2,2.06,0,0
2025-02-08,Organic Social,/products,Products,8,11,30,0.5793,60.5,2.74,0,1
2025-02-08,Organic Social,/pricing,Pricing,5,7,20,0.5468,119.3,2.81,0,0
2025-02-08,Organic Social,/blog,Blog,8,12,17,0.6711,128.8,1.41,0,0
2025-02-08,Organic Social,/product-a,Product A,5,8,23,0.556,93.3,2.92,0,1
2025-02-08,Organic Social,/product-b,Product B,7,8,27,0.564,146.0,3.34,0,0
2025-02-08,Organic Social,/contact,Contact,4,6,10,0.5284,167.9,1.58,0,0
2025-02-08,Organic Social,/signup,Signup,7,8,21,0.37,20.0,2.57,0,0
2025-02-08,Organic Social,/checkout,Checkout,3,4,6,0.3844,128.4,1.44,0,0
2025-02-08,Organic Social,/thank-you,Thank You,3,4,6,0.2717,120.4,1.48,0,0
2025-02-08,Paid Social,/,Home,16,18,41,0.6083,109.1,2.26,1,0
2025-02-08,Paid Social,/products,Products,6,9,29,0.4622,110.5,3.22,0,0
2025-02-08,Paid Social,/pricing,Pricing,7,9,25,0.4868,152.0,2.82,0,0
2025-02-08,Paid Social,/blog,Blog,8,12,13,0.791,100.9,1.1,2,1
2025-02-08,Paid Social,/product-a,Product A,7,8,19,0.5992,95.5,2.33,1,0
2025-02-08,Paid Social,/product-b,Product B,6,9,29,0.598,87.3,3.19,0,1
2025-02-08,Paid Social,/contact,Contact,4,5,10,0.5145,40.5,2.01,1,1
2025-02-08,Paid Social,/signup,Signup,6,8,14,0.5914,125.4,1.74,0,0
2025-02-08,Paid Social,/checkout,Checkout,5,6,10,0.3301,117.3,1.67,0,2
2025-02-08,Paid Social,/thank-you,Thank You,2,3,6,0.3976,89.5,1.9,0,0
2025-02-08,Email,/,Home,8,10,28,0.3494,201.2,2.76,1,1
2025-02-08,Email,/products,Products,7,8,30,0.2535,219.2,3.79,1,0
2025-02-08,Email,/pricing,Pricing,4,5,20,0.1759,256.1,4.1,0,0
2025-02-08,Email,/blog,Blog,3,5,15,0.4931,190.6,2.98,0,0
2025-02-08,Email,/product-a,Product A,2,3,13,0.2565,213.0,4.29,0,1
2025-02-08,Email,/product-b,Product B,1,2,7,0.1466,272.1,3.73,1,1
2025-02-08,Email,/contact,Contact,2,3,6,0.2363,182.4,2.01,0,0
2025-02-08,Email,/signup,Signup,1,2,7,0.08,190.1,3.65,0,0
2025-02-08,Email,/checkout,Checkout,2,3,9,0.08,272.1,2.93,0,3
2025-02-08,Email,/thank-you,Thank You,1,1,4,0.0851,142.5,3.93,0,0
2025-02-09,Organic Search,/,Home,34,37,111,0.5074,201.8,2.99,2,5
2025-02-09,Organic Search,/products,Products,26,36,121,0.3759,182.7,3.37,1,1
2025-02-09,Organic Search,/pricing,Pricing,12,17,73,0.2972,220.8,4.32,1,1
2025-02-09,Organic Search,/blog,Blog,24,27,74,0.3937,166.2,2.74,2,3
2025-02-09,Organic Search,/product-a,Product A,15,17,69,0.386,282.4,4.03,0,2
2025-02-09,Organic Search,/product-b,Product B,16,19,60,0.4228,103.1,3.17,0,1
2025-02-09,Organic Search,/contact,Contact,7,11,31,0.2316,139.6,2.8,0,0
2025-02-09,Organic Search,/signup,Signup,7,10,28,0.1719,213.0,2.83,1,2
2025-02-09,Organic Search,/checkout,Checkout,7,10,28,0.1306,220.9,2.85,1,1
2025-02-09,Organic Search,/thank-you,Thank You,4,6,13,0.1762,151.1,2.22,0,0
2025-02-09,Paid Search,/,Home,22,31,88,0.4491,112.7,2.84,2,2
2025-02-09,Paid Search,/products,Products,10,14,36,0.4659,86.3,2.55,0,0
2025-02-09,Paid Search,/pricing,Pricing,8,11,32,0.4032,145.9,2.92,2,1
2025-02-09,Paid Search,/blog,Blog,12,14,32,0.5935,89.0,2.25,0,1
2025-02-09,Paid Search,/product-a,Product A,7,9,29,0.4437,198.8,3.18,0,1
2025-02-09,Paid Search,/product-b,Product B,8,11,32,0.4157,83.1,2.93,1,0
2025-02-09,Paid Search,/contact,Contact,4,6,19,0.2692,138.1,3.13,0,0
2025-02-09,Paid Search,/signup,Signup,8,11,37,0.2957,57.6,3.33,2,1
2025-02-09,Paid Search,/checkout,Checkout,4,5,12,0.3655,120.7,2.37,2,1
2025-02-09,Paid Search,/thank-you,Thank You,4,5,12,0.173,153.3,2.49,0,1
2025-02-09,Direct,/,Home,14,19,60,0.4751,141.0,3.15,0,1
2025-02-09,Direct,/products,Products,9,11,34,0.5262,158.9,3.06,0,0
2025-02-09,Direct,/pricing,Pricing,7,9,34,0.3761,195.4,3.72,0,1
2025-02-09,Direct,/blog,Blog,11,13,37,0.3812,184.2,2.86,0,0
2025-02-09,Direct,/product-a,Product A,6,8,29,0.3779,183.0,3.62,0,0
2025-02-09,Direct,/product-b,Product B,4,6,23,0.4431,150.2,3.84,0,0
2025-02-09,Direct,/contact,Contact,5,7,23,0.3236,185.3,3.35,0,0
2025-02-09,Direct,/signup,Signup,8,12,39,0.145,157.5,3.29,0,1
2025-02-09,Direct,/checkout,Checkout,4,6,13,0.0945,220.6,2.13,0,1
2025-02-09,Direct,/thank-you,Thank You,2,3,8,0.3154,185.0,2.72,1,0
2025-02-09,Referral,/,Home,11,16,51,0.3827,181.3,3.16,2,3
2025-02-09,Referral,/products,Products,4,7,23,0.3761,166.2,3.32,2,0
2025-02-09,Referral,/pricing,Pricing,5,6,23,0.2691,266.4,3.84,0,1
2025-02-09,Referral,/blog,Blog,9,10,36,0.5234,180.8,3.61,0,3
2025-02-09,Referral,/product-a,Product A,7,9,36,0.2239,285.3,4.02,1,1
2025-02-09,Referral,/product-b,Product B,5,6,30,0.43,210.0,5.02,0,0
2025-02-09,Referral,/contact,Contact,4,5,13,0.1907,176.0,2.51,0,1
2025-02-09,Referral,/signup,Signup,6,7,17,0.3018,104.4,2.39,2,1
2025-02-09,Referral,/checkout,Checkout,3,4,9,0.1253,173.1,2.3,1,2
2025-02-09,Referral,/thank-you,Thank You,2,3,9,0.08,150.6,2.84,0,0
2025-02-09,Organic Social,/,Home,6,9,17,0.6585,73.1,1.89,0,0
2025-02-09,Organic Social,/products,Products,8,11,32,0.6696,27.5,2.89,0,0
2025-02-09,Organic Social,/pricing,Pricing,3,5,10,0.4835,88.5,2.05,0,1
2025-02-09,Organic Social,/blog,Blog,5,8,13,0.7796,155.2,1.62,0,0
2025-02-09,Organic Social,/product-a,Product A,5,8,19,0.4803,122.7,2.32,0,1
2025-02-09,Organic Social,/product-b,Product B,2,3,7,0.6292,155.7,2.47,0,0
2025-02-09,Organic Social,/contact,Contact,3,4,7,0.4864,20.0,1.67,0,0
2025-02-09,Organic Social,/signup,Signup,5,6,8,0.3325,123.8,1.3,0,2
2025-02-09,Organic Social,/checkout,Checkout,3,5,11,0.3397,109.7,2.15,0,0
2025-02-09,Organic Social,/thank-you,Thank You,1,2,3,0.2328,124.9,1.6,1,0
2025-02-09,Paid Social,/,Home,6,9,11,0.7084,110.2,1.21,0,1
2025-02-09,Paid Social,/products,Products,9,13,31,0.6088,66.5,2.37,0,0
2025-02-09,Paid Social,/pricing,Pricing,8,9,19,0.5441,119.9,2.07,0,0
2025-02-09,Paid Social,/blog,Blog,6,7,12,0.7657,54.1,1.72,0,0
2025-02-09,Paid Social,/product-a,Product A,6,8,15,0.5891,126.6,1.86,0,0
2025-02-09,Paid Social,/product-b,Product B,2,3,7,0.6349,70.9,2.18,0,0
2025-02-09,Paid Social,/contact,Contact,3,5,5,0.3805,68.2,1.0,0,0
2025-02-09,Paid Social,/signup,Signup,4,6,6,0.4663,116.2,1.0,1,0
2025-02-09,Paid Social,/checkout,Checkout,3,5,9,0.2238,73.5,1.86,0,0
2025-02-09,Paid Social,/thank-you,Thank You,2,3,8,0.4203,68.2,2.69,0,0
2025-02-09,Email,/,Home,5,7,23,0.4079,203.8,3.3,0,1
2025-02-09,Email,/products,Products,3,4,19,0.2294,196.9,4.8,1,0
2025-02-09,Email,/pricing,Pricing,2,4,13,0.3119,260.9,3.32,0,0
2025-02-09,Email,/blog,Blog,3,4,11,0.3782,182.6,2.73,1,0
2025-02-09,Email,/product-a,Product A,2,3,14,0.2834,322.0,4.54,0,0
2025-02-09,Email,/product-b,Product B,1,1,4,0.3091,211.0,4.33,0,0
2025-02-09,Email,/contact,Contact,1,2,5,0.1247,217.7,2.34,0,0
2025-02-09,Email,/signup,Signup,1,1,3,0.2149,207.9,3.11,0,1
2025-02-09,Email,/checkout,Checkout,1,2,8,0.1159,259.1,3.94,1,1
2025-02-09,Email,/thank-you,Thank You,1,1,3,0.08,232.7,2.79,0,0
2025-02-10,Organic Search,/,Home,37,49,152,0.4904,189.5,3.11,2,3
2025-02-10,Organic Search,/products,Products,19,29,86,0.3399,110.2,2.98,1,2
2025-02-10,Organic Search,/pricing,Pricing,12,16,61,0.2589,167.8,3.82,2,0
2025-02-10,Organic Search,/blog,Blog,24,29,100,0.4833,223.2,3.44,1,0
2025-02-10,Organic Search,/product-a,Product A,9,12,43,0.3535,247.2,3.55,1,0
2025-02-10,Organic Search,/product-b,Product B,6,9,31,0.4187,271.3,3.5,0,0
2025-02-10,Organic Search,/contact,Contact,10,15,36,0.3669,160.4,2.38,0,2
2025-02-10,Organic Search,/signup,Signup,10,14,43,0.3477,236.1,3.09,2,0
2025-02-10,Organic Search,/checkout,Checkout,11,15,46,0.2873,155.8,3.09,1,3
2025-02-10,Organic Search,/thank-you,Thank You,6,7,21,0.1489,204.2,3.04,0,1
2025-02-10,Paid Search,/,Home,33,42,116,0.5968,140.1,2.77,3,2
2025-02-10,Paid Search,/products,Products,22,31,103,0.4478,149.5,3.33,0,2
2025-02-10,Paid Search,/pricing,Pricing,16,21,61,0.32,171.1,2.91,1,1
2025-02-10,Paid Search,/blog,Blog,20,26,45,0.6463,106.4,1.75,1,0
2025-02-10,Paid Search,/product-a,Product A,21,24,82,0.37,143.9,3.43,1,1
2025-02-10,Paid Search,/product-b,Product B,14,16,44,0.5023,154.7,2.76,1,1
2025-02-10,Paid Search,/contact,Contact,15,18,43,0.4491,99.3,2.38,2,1
2025-02-10,Paid Search,/signup,Signup,17,19,37,0.2786,115.6,1.95,1,2
2025-02-10,Paid Search,/checkout,Checkout,8,9,13,0.2593,194.4,1.41,1,1
2025-02-10,Paid Search,/thank-you,Thank You,9,10,19,0.2562,170.2,1.89,0,2
2025-02-10,Direct,/,Home,18,25,56,0.4942,175.1,2.25,1,3
2025-02-10,Direct,/products,Products,16,23,78,0.3946,210.7,3.41,1,0
2025-02-10,Direct,/pricing,Pricing,22,25,94,0.2657,174.6,3.75,1,3
2025-02-10,Direct,/blog,Blog,13,15,39,0.452,191.3,2.6,1,0
2025-02-10,Direct,/product-a,Product A,12,14,44,0.3804,153.3,3.16,0,1
2025-02-10,Direct,/product-b,Product B,8,10,35,0.3363,205.5,3.5,0,1
2025-02-10,Direct,/contact,Contact,14,16,42,0.3444,166.3,2.63,0,0
2025-02-10,Direct,/signup,Signup,7,10,23,0.327,182.0,2.29,1,1
2025-02-10,Direct,/checkout,Checkout,14,17,54,0.2497,200.0,3.16,3,1
2025-02-10,Direct,/thank-you,Thank You,3,5,10,0.08,151.6,2.06,0,1
2025-02-10,Referral,/,Home,15,21,61,0.3872,123.2,2.9,1,3
2025-02-10,Referral,/products,Products,12,18,76,0.3587,194.7,4.22,0,0
2025-02-10,Referral,/pricing,Pricing,7,10,38,0.3435,216.0,3.78,0,1
2025-02-10,Referral,/blog,Blog,6,8,32,0.3848,172.0,3.97,1,1
2025-02-10,Referral,/product-a,Product A,10,11,53,0.4494,198.9,4.8,0,0
2025-02-10,Referral,/product-b,Product B,3,5,16,0.2759,233.4,3.3,0,1
2025-02-10,Referral,/contact,Contact,3,4,13,0.2432,167.4,3.27,1,0
2025-02-10,Referral,/signup,Signup,4,5,15,0.1843,198.7,2.99,0,1
2025-02-10,Referral,/checkout,Checkout,6,8,22,0.1333,234.7,2.7,1,1
2025-02-10,Referral,/thank-you,Thank You,3,5,13,0.08,278.8,2.5,2,0
2025-02-10,Organic Social,/,Home,13,16,50,0.6556,106.1,3.14,1,3
2025-02-10,Organic Social,/products,Products,6,7,18,0.6604,61.0,2.51,0,0
2025-02-10,Organic Social,/pricing,Pricing,8,10,24,0.5761,104.8,2.43,0,0
2025-02-10,Organic Social,/blog,Blog,8,9,19,0.7165,114.9,2.1,0,1
2025-02-10,Organic Social,/product-a,Product A,6,8,18,0.5154,177.2,2.28,0,0
2025-02-10,Organic Social,/product-b,Product B,6,8,21,0.5334,148.2,2.6,1,0
2025-02-10,Organic Social,/contact,Contact,4,5,10,0.4658,93.5,1.96,0,0
2025-02-10,Organic Social,/signup,Signup,4,6,10,0.4738,112.3,1.7,0,1
2025-02-10,Organic Social,/checkout,Checkout,4,5,6,0.5011,99.6,1.24,0,0
2025-02-10,Organic Social,/thank-you,Thank You,3,4,8,0.2823,43.0,1.94,0,0
2025-02-10,Paid Social,/,Home,6,8,15,0.7288,132.2,1.93,0,0
2025-02-10,Paid Social,/products,Products,9,12,23,0.5699,113.3,1.91,1,0
2025-02-10,Paid Social,/pricing,Pricing,5,6,19,0.5788,144.8,3.17,0,0
2025-02-10,Paid Social,/blog,Blog,9,10,19,0.8159,53.6,1.92,0,0
2025-02-10,Paid Social,/product-a,Product A,4,5,11,0.5665,96.0,2.27,0,0
2025-02-10,Paid Social,/product-b,Product B,3,4,7,0.5159,143.4,1.76,0,0
2025-02-10,Paid Social,/contact,Contact,2,3,6,0.4263,39.0,2.0,0,0
2025-02-10,Paid Social,/signup,Signup,3,4,5,0.4017,95.6,1.2,1,0
2025-02-10,Paid Social,/checkout,Checkout,4,6,6,0.4983,164.3,1.0,0,1
2025-02-10,Paid Social,/thank-you,Thank You,1,1,1,0.4276,38.9,1.18,0,0
2025-02-10,Email,/,Home,5,7,25,0.4338,203.2,3.64,0,0
2025-02-10,Email,/products,Products,6,7,27,0.3637,256.5,3.88,0,1
2025-02-10,Email,/pricing,Pricing,3,5,18,0.2099,243.6,3.57,0,1
2025-02-10,Email,/blog,Blog,2,3,8,0.4258,244.5,2.57,1,0
2025-02-10,Email,/product-a,Product A,4,5,19,0.2686,196.8,3.74,0,2
2025-02-10,Email,/product-b,Product B,2,3,13,0.1568,256.7,4.4,0,0
2025-02-10,Email,/contact,Contact,2,3,9,0.1804,199.5,2.98,0,0
2025-02-10,Email,/signup,Signup,2,3,11,0.1523,166.4,3.67,0,0
2025-02-10,Email,/checkout,Checkout,1,2,6,0.2754,257.2,2.93,1,0
2025-02-10,Email,/thank-you,Thank You,1,1,3,0.08,220.1,3.3,1,0
2025-02-11,Organic Search,/,Home,45,61,126,0.4101,202.5,2.07,5,2
2025-02-11,Organic Search,/products,Products,28,37,142,0.2574,232.6,3.83,3,2
2025-02-11,Organic Search,/pricing,Pricing,23,28,109,0.2292,157.4,3.91,0,0
2025-02-11,Organic Search,/blog,Blog,44,51,132,0.5394,197.8,2.6,1,5
2025-02-11,Organic Search,/product-a,Product A,22,26,87,0.2945,191.6,3.35,2,6
2025-02-11,Organic Search,/product-b,Product B,22,27,116,0.3698,138.4,4.28,2,1
2025-02-11,Organic Search,/contact,Contact,10,14,38,0.0828,136.2,2.74,0,1
2025-02-11,Organic Search,/signup,Signup,22,30,74,0.3087,188.5,2.46,2,3
2025-02-11,Organic Search,/checkout,Checkout,16,18,58,0.254,290.7,3.22,1,2
2025-02-11,Organic Search,/thank-you,Thank You,9,14,42,0.2203,162.7,2.97,2,3
2025-02-11,Paid Search,/,Home,34,46,83,0.466,110.8,1.8,2,6
2025-02-11,Paid Search,/products,Products,21,26,76,0.4541,77.8,2.93,1,3
2025-02-11,Paid Search,/pricing,Pricing,19,24,82,0.4156,151.8,3.44,2,3
2025-02-11,Paid Search,/blog,Blog,27,34,53,0.4595,140.4,1.55,2,1
2025-02-11,Paid Search,/product-a,Product A,23,28,69,0.5121,141.3,2.46,2,3
2025-02-11,Paid Search,/product-b,Product B,8,11,32,0.4627,246.4,2.88,0,0
2025-02-11,Paid Search,/contact,Contact,8,12,29,0.3402,146.5,2.41,0,3
2025-02-11,Paid Search,/signup,Signup,14,16,27,0.3138,179.8,1.7,1,3
2025-02-11,Paid Search,/checkout,Checkout,13,17,49,0.2558,195.4,2.87,5,1
2025-02-11,Paid Search,/thank-you,Thank You,4,6,14,0.1425,115.3,2.26,1,1
2025-02-11,Direct,/,Home,30,36,101,0.5397,171.6,2.8,1,1
2025-02-11,Direct,/products,Products,19,27,86,0.3805,149.9,3.18,0,4
2025-02-11,Direct,/pricing,Pricing,24,34,100,0.4553,206.7,2.93,0,3
2025-02-11,Direct,/blog,Blog,37,43,106,0.539,111.5,2.46,1,3
2025-02-11,Direct,/product-a,Product A,25,31,87,0.2966,145.3,2.81,1,1
2025-02-11,Direct,/product-b,Product B,17,19,70,0.3799,158.7,3.67,2,1
2025-02-11,Direct,/contact,Contact,10,13,34,0.223,136.0,2.65,0,0
2025-02-11,Direct,/signup,Signup,27,30,112,0.1824,208.8,3.73,3,6
2025-02-11,Direct,/checkout,Checkout,8,12,28,0.187,163.0,2.35,0,1
2025-02-11,Direct,/thank-you,Thank You,13,15,39,0.1279,185.7,2.58,1,0
2025-02-11,Referral,/,Home,24,31,67,0.4093,160.3,2.16,1,4
2025-02-11,Referral,/products,Products,12,18,64,0.3334,227.3,3.56,1,2
2025-02-11,Referral,/pricing,Pricing,13,15,55,0.184,226.5,3.64,0,1
2025-02-11,Referral,/blog,Blog,13,16,52,0.4571,230.7,3.26,0,1
2025-02-11,Referral,/product-a,Product A,15,18,68,0.3036,193.0,3.8,0,0
2025-02-11,Referral,/product-b,Product B,5,8,37,0.3763,233.5,4.61,0,0
2025-02-11,Referral,/contact,Contact,5,8,20,0.2091,166.8,2.46,0,0
2025-02-11,Referral,/signup,Signup,8,11,35,0.08,185.2,3.22,3,2
2025-02-11,Referral,/checkout,Checkout,6,8,24,0.1968,199.4,3.04,1,1
2025-02-11,Referral,/thank-you,Thank You,3,5,18,0.08,199.9,3.54,0,0
2025-02-11,Organic Social,/,Home,21,26,47,0.6829,50.1,1.8,0,0
2025-02-11,Organic Social,/products,Products,12,18,50,0.5046,123.0,2.76,1,1
2025-02-11,Organic Social,/pricing,Pricing,8,10,17,0.4862,101.1,1.66,0,0
2025-02-11,Organic Social,/blog,Blog,12,14,23,0.6557,111.4,1.64,0,0
2025-02-11,Organic Social,/product-a,Product A,10,13,28,0.5341,118.6,2.16,0,0
2025-02-11,Organic Social,/product-b,Product B,6,7,19,0.5449,140.3,2.77,0,0
2025-02-11,Organic Social,/contact,Contact,5,6,15,0.5112,100.9,2.48,0,1
2025-02-11,Organic Social,/signup,Signup,10,12,21,0.4267,87.2,1.75,0,0
2025-02-11,Organic Social,/checkout,Checkout,11,12,24,0.2594,94.0,1.96,1,0
2025-02-11,Organic Social,/thank-you,Thank You,3,5,8,0.3158,103.8,1.57,0,0
2025-02-11,Paid Social,/,Home,17,21,30,0.6227,96.7,1.43,1,0
2025-02-11,Paid Social,/products,Products,10,13,22,0.7352,103.1,1.73,0,0
2025-02-11,Paid Social,/pricing,Pricing,11,12,29,0.4587,53.8,2.38,0,0
2025-02-11,Paid Social,/blog,Blog,10,14,33,0.7112,123.4,2.36,1,0
2025-02-11,Paid Social,/product-a,Product A,9,12,30,0.5868,142.2,2.47,1,0
2025-02-11,Paid Social,/product-b,Product B,6,7,22,0.5579,95.4,3.08,0,0
2025-02-11,Paid Social,/contact,Contact,7,9,11,0.4851,127.3,1.26,1,0
2025-02-11,Paid Social,/signup,Signup,7,10,21,0.3473,20.0,2.06,0,1
2025-02-11,Paid Social,/checkout,Checkout,6,9,16,0.4714,129.3,1.76,1,0
2025-02-11,Paid Social,/thank-you,Thank You,3,4,5,0.3009,66.2,1.23,0,0
2025-02-11,Email,/,Home,7,9,29,0.4027,172.7,3.2,0,2
2025-02-11,Email,/products,Products,3,4,17,0.2613,164.0,4.22,0,0
2025-02-11,Email,/pricing,Pricing,2,4,15,0.1804,214.5,3.72,0,1
2025-02-11,Email,/blog,Blog,3,4,12,0.3324,191.4,2.95,0,0
2025-02-11,Email,/product-a,Product A,2,3,13,0.2536,232.2,4.38,0,1
2025-02-11,Email,/product-b,Product B,1,2,8,0.228,202.0,4.23,0,0
2025-02-11,Email,/contact,Contact,2,3,9,0.2039,193.6,2.97,1,0
2025-02-11,Email,/signup,Signup,2,3,10,0.119,200.1,3.42,2,1
2025-02-11,Email,/checkout,Checkout,2,3,8,0.1633,193.0,2.71,1,1
2025-02-11,Email,/thank-you,Thank You,1,1,4,0.1336,229.0,3.83,0,1
2025-02-12,Organic Search,/,Home,36,52,168,0.3852,147.1,3.24,2,2
2025-02-12,Organic Search,/products,Products,29,34,118,0.3512,157.3,3.46,1,4
2025-02-12,Organic Search,/pricing,Pricing,33,38,129,0.2924,177.4,3.4,3,2
2025-02-12,Organic Search,/blog,Blog,25,31,78,0.4835,155.2,2.51,3,0
2025-02-12,Organic Search,/product-a,Product A,32,41,158,0.3023,184.2,3.85,3,0
2025-02-12,Organic Search,/product-b,Product B,13,17,63,0.4074,205.5,3.69,3,2
2025-02-12,Organic Search,/contact,Contact,13,17,54,0.2327,159.3,3.19,4,0
2025-02-12,Organic Search,/signup,Signup,14,19,50,0.2499,222.1,2.66,1,1
2025-02-12,Organic Search,/checkout,Checkout,22,26,58,0.156,162.7,2.23,1,5
2025-02-12,Organic Search,/thank-you,Thank You,7,8,21,0.118,133.0,2.67,1,1
2025-02-12,Paid Search,/,Home,26,37,83,0.5224,70.0,2.25,3,2
2025-02-12,Paid Search,/products,Products,22,25,66,0.5296,88.9,2.63,0,1
2025-02-12,Paid Search,/pricing,Pricing,10,12,33,0.3511,162.4,2.74,0,1
2025-02-12,Paid Search,/blog,Blog,17,19,38,0.5916,85.9,1.99,1,0
2025-02-12,Paid Search,/product-a,Product A,12,17,51,0.4364,164.3,2.99,1,0
2025-02-12,Paid Search,/product-b,Product B,13,15,43,0.4359,129.8,2.88,0,3
2025-02-12,Paid Search,/contact,Contact,9,13,31,0.357,134.7,2.41,0,0
2025-02-12,Paid Search,/signup,Signup,6,9,20,0.2617,50.2,2.28,1,1
2025-02-12,Paid Search,/checkout,Checkout,9,10,26,0.3128,118.1,2.59,1,1
2025-02-12,Paid Search,/thank-you,Thank You,6,7,16,0.2966,117.9,2.34,0,1
2025-02-12,Direct,/,Home,40,49,70,0.5573,175.0,1.43,1,2
2025-02-12,Direct,/products,Products,28,37,167,0.4897,112.2,4.52,1,3
2025-02-12,Direct,/pricing,Pricing,21,23,84,0.379,158.1,3.65,2,0
2025-02-12,Direct,/blog,Blog,26,29,72,0.5832,129.8,2.49,2,1
2025-02-12,Direct,/product-a,Product A,24,26,89,0.4441,169.4,3.41,1,1
2025-02-12,Direct,/product-b,Product B,13,17,57,0.3928,129.6,3.36,0,1
2025-02-12,Direct,/contact,Contact,16,21,50,0.2724,110.9,2.4,0,1
2025-02-12,Direct,/signup,Signup,20,22,66,0.1441,120.9,2.98,1,5
2025-02-12,Direct,/checkout,Checkout,14,16,39,0.2151,163.0,2.45,2,2
2025-02-12,Direct,/thank-you,Thank You,7,9,26,0.1609,127.4,2.87,0,1
2025-02-12,Referral,/,Home,18,21,64,0.4432,184.9,3.06,1,2
2025-02-12,Referral,/products,Products,10,11,42,0.3578,180.8,3.78,0,1
2025-02-12,Referral,/pricing,Pricing,10,14,53,0.2172,243.5,3.77,1,2
2025-02-12,Referral,/blog,Blog,10,13,29,0.4645,205.8,2.22,0,1
2025-02-12,Referral,/product-a,Product A,10,12,45,0.3353,203.7,3.74,1,0
2025-02-12,Referral,/product-b,Product B,4,6,22,0.3494,184.7,3.69,0,1
2025-02-12,Referral,/contact,Contact,5,7,23,0.2357,197.0,3.25,0,1
2025-02-12,Referral,/signup,Signup,5,7,22,0.1473,211.7,3.19,1,2
2025-02-12,Referral,/checkout,Checkout,7,9,23,0.1432,232.5,2.53,2,2
2025-02-12,Referral,/thank-you,Thank You,3,5,17,0.1068,193.7,3.41,0,0
2025-02-12,Organic Social,/,Home,9,13,27,0.6299,33.1,2.09,0,0
2025-02-12,Organic Social,/products,Products,8,13,29,0.527,103.1,2.21,0,0
2025-02-12,Organic Social,/pricing,Pricing,11,13,32,0.4641,131.3,2.49,0,0
2025-02-12,Organic Social,/blog,Blog,10,13,30,0.7189,131.3,2.34,0,1
2025-02-12,Organic Social,/product-a,Product A,6,8,15,0.4627,108.9,1.85,0,0
2025-02-12,Organic Social,/product-b,Product B,6,9,19,0.4357,139.5,2.06,0,0
2025-02-12,Organic Social,/contact,Contact,4,5,8,0.4072,92.4,1.62,0,0
2025-02-12,Organic Social,/signup,Signup,6,9,17,0.3107,86.8,1.9,0,0
2025-02-12,Organic Social,/checkout,Checkout,5,7,11,0.3396,183.9,1.54,2,0
2025-02-12,Organic Social,/thank-you,Thank You,1,2,3,0.34,33.9,1.45,0,0
2025-02-12,Paid Social,/,Home,22,25,35,0.7232,83.3,1.41,1,0
2025-02-12,Paid Social,/products,Products,10,15,40,0.4987,83.1,2.69,0,0
2025-02-12,Paid Social,/pricing,Pricing,6,8,23,0.5333,142.7,2.92,0,1
2025-02-12,Paid Social,/blog,Blog,7,9,17,0.6674,65.7,1.94,0,0
2025-02-12,Paid Social,/product-a,Product A,7,9,23,0.5819,108.6,2.6,0,0
2025-02-12,Paid Social,/product-b,Product B,4,7,18,0.7199,119.2,2.5,0,1
2025-02-12,Paid Social,/contact,Contact,6,7,13,0.4782,55.7,1.84,0,0
2025-02-12,Paid Social,/signup,Signup,5,6,7,0.4199,133.9,1.13,2,1
2025-02-12,Paid Social,/checkout,Checkout,6,8,8,0.4631,111.9,1.0,2,0
2025-02-12,Paid Social,/thank-you,Thank You,3,4,8,0.3762,59.6,2.01,0,0
2025-02-12,Email,/,Home,7,10,28,0.3448,141.3,2.77,0,3
2025-02-12,Email,/products,Products,4,6,23,0.3083,133.6,3.82,2,0
2025-02-12,Email,/pricing,Pricing,2,3,14,0.2403,239.7,4.53,0,0
2025-02-12,Email,/blog,Blog,4,6,18,0.4497,265.9,2.96,0,1
2025-02-12,Email,/product-a,Product A,3,4,17,0.1922,237.2,4.3,0,1
2025-02-12,Email,/product-b,Product B,1,2,7,0.3621,241.1,3.69,0,0
2025-02-12,Email,/contact,Contact,3,4,9,0.2694,229.0,2.24,0,1
2025-02-12,Email,/signup,Signup,2,3,10,0.1011,226.4,3.22,0,0
2025-02-12,Email,/checkout,Checkout,2,3,12,0.1427,243.3,3.97,0,1
2025-02-12,Email,/thank-you,Thank You,1,1,4,0.08,174.9,3.88,0,0
2025-02-13,Organic Search,/,Home,30,37,97,0.3899,109.3,2.63,0,2
2025-02-13,Organic Search,/products,Products,28,37,116,0.3743,156.1,3.13,4,4
2025-02-13,Organic Search,/pricing,Pricing,17,22,64,0.2563,206.0,2.91,0,0
2025-02-13,Organic Search,/blog,Blog,29,35,115,0.4165,152.2,3.28,2,4
2025-02-13,Organic Search,/product-a,Product A,21,24,79,0.3561,152.9,3.27,0,1
2025-02-13,Organic Search,/product-b,Product B,16,24,83,0.2404,166.8,3.44,1,0
2025-02-13,Organic Search,/contact,Contact,15,21,46,0.2814,164.2,2.2,1,3
2025-02-13,Organic Search,/signup,Signup,16,20,64,0.2263,179.7,3.18,3,1
2025-02-13,Organic Search,/checkout,Checkout,12,16,46,0.2293,126.4,2.86,1,3
2025-02-13,Organic Search,/thank-you,Thank You,7,11,33,0.08,221.5,2.97,2,1
2025-02-13,Paid Search,/,Home,32,35,91,0.5213,143.5,2.59,2,1
2025-02-13,Paid Search,/products,Products,30,34,126,0.5034,61.5,3.71,1,1
2025-02-13,Paid Search,/pricing,Pricing,20,26,84,0.4306,158.7,3.23,1,1
2025-02-13,Paid Search,/blog,Blog,20,24,47,0.3887,110.5,1.96,2,3
2025-02-13,Paid Search,/product-a,Product A,20,26,82,0.467,182.3,3.16,1,1
2025-02-13,Paid Search,/product-b,Product B,17,19,65,0.4792,181.0,3.44,0,0
2025-02-13,Paid Search,/contact,Contact,19,21,39,0.4036,115.4,1.84,2,3
2025-02-13,Paid Search,/signup,Signup,12,14,44,0.36,133.1,3.11,0,4
2025-02-13,Paid Search,/checkout,Checkout,13,16,24,0.2796,176.2,1.49,4,2
2025-02-13,Paid Search,/thank-you,Thank You,10,12,21,0.2447,81.7,1.74,3,0
2025-02-13,Direct,/,Home,59,65,164,0.5707,169.0,2.52,2,6
2025-02-13,Direct,/products,Products,19,28,90,0.4339,163.6,3.21,0,4
2025-02-13,Direct,/pricing,Pricing,24,26,101,0.2417,172.6,3.87,1,0
2025-02-13,Direct,/blog,Blog,15,19,50,0.4745,124.0,2.65,0,1
2025-02-13,Direct,/product-a,Product A,26,30,94,0.2948,173.1,3.14,2,3
2025-02-13,Direct,/product-b,Product B,16,20,73,0.3758,147.7,3.65,0,2
2025-02-13,Direct,/contact,Contact,14,20,62,0.2155,177.4,3.12,1,0
2025-02-13,Direct,/signup,Signup,13,16,40,0.3602,212.8,2.5,1,3
2025-02-13,Direct,/checkout,Checkout,9,11,34,0.2382,188.3,3.11,0,2
2025-02-13,Direct,/thank-you,Thank You,6,7,20,0.1492,111.7,2.81,0,0
2025-02-13,Referral,/,Home,10,16,45,0.5012,205.8,2.79,2,1
2025-02-13,Referral,/products,Products,10,13,57,0.3737,224.0,4.39,1,3
2025-02-13,Referral,/pricing,Pricing,12,13,38,0.311,207.7,2.89,1,0
2025-02-13,Referral,/blog,Blog,7,10,25,0.4228,202.6,2.49,0,0
2025-02-13,Referral,/product-a,Product A,8,9,35,0.2773,221.4,3.91,2,1
2025-02-13,Referral,/product-b,Product B,9,12,44,0.3351,232.1,3.68,1,1
2025-02-13,Referral,/contact,Contact,5,7,14,0.2425,152.2,1.97,1,0
2025-02-13,Referral,/signup,Signup,10,12,42,0.1391,217.4,3.5,2,1
2025-02-13,Referral,/checkout,Checkout,8,9,28,0.08,160.0,3.1,1,1
2025-02-13,Referral,/thank-you,Thank You,4,6,17,0.1576,244.2,2.76,2,1
2025-02-13,Organic Social,/,Home,24,26,32,0.5798,95.7,1.22,1,2
2025-02-13,Organic Social,/products,Products,8,11,27,0.5267,25.0,2.5,0,0
2025-02-13,Organic Social,/pricing,Pricing,8,11,24,0.4982,126.3,2.21,0,0
2025-02-13,Organic Social,/blog,Blog,8,9,13,0.6673,90.0,1.49,1,0
2025-02-13,Organic Social,/product-a,Product A,4,6,18,0.4783,125.5,3.06,0,0
2025-02-13,Organic Social,/product-b,Product B,6,9,26,0.5694,139.1,2.92,0,0
2025-02-13,Organic Social,/contact,Contact,5,7,12,0.4706,107.1,1.66,0,0
2025-02-13,Organic Social,/signup,Signup,8,10,14,0.2975,106.8,1.42,0,2
2025-02-13,Organic Social,/checkout,Checkout,3,5,5,0.4021,164.3,1.0,0,0
2025-02-13,Organic Social,/thank-you,Thank You,2,3,4,0.5006,86.6,1.18,0,0
2025-02-13,Paid Social,/,Home,10,15,17,0.6937,76.1,1.16,0,1
2025-02-13,Paid Social,/products,Products,9,13,20,0.6286,73.9,1.52,0,0
2025-02-13,Paid Social,/pricing,Pricing,8,10,22,0.4825,140.7,2.21,0,0
2025-02-13,Paid Social,/blog,Blog,4,6,10,0.7497,55.8,1.7,1,0
2025-02-13,Paid Social,/product-a,Product A,5,7,13,0.5624,96.6,1.91,0,0
2025-02-13,Paid Social,/product-b,Product B,3,4,8,0.6446,79.2,1.93,0,0
2025-02-13,Paid Social,/contact,Contact,4,5,10,0.4815,134.8,1.94,0,0
2025-02-13,Paid Social,/signup,Signup,4,5,11,0.5966,73.3,2.15,1,1
2025-02-13,Paid Social,/checkout,Checkout,4,6,11,0.5534,150.3,1.84,0,1
2025-02-13,Paid Social,/thank-you,Thank You,1,2,5,0.4117,75.7,2.43,0,0
2025-02-13,Email,/,Home,11,15,49,0.2953,188.3,3.25,2,0
2025-02-13,Email,/products,Products,5,7,24,0.1182,196.1,3.4,0,0
2025-02-13,Email,/pricing,Pricing,3,4,15,0.2698,215.4,3.71,0,1
2025-02-13,Email,/blog,Blog,4,6,26,0.4097,249.2,4.25,0,1
2025-02-13,Email,/product-a,Product A,5,7,35,0.3189,249.0,5.06,1,1
2025-02-13,Email,/product-b,Product B,4,5,18,0.2266,286.3,3.62,1,1
2025-02-13,Email,/contact,Contact,1,2,5,0.1683,223.5,2.73,0,0
2025-02-13,Email,/signup,Signup,2,3,12,0.1331,177.2,4.06,0,1
2025-02-13,Email,/checkout,Checkout,3,4,8,0.08,271.4,2.07,1,0
2025-02-13,Email,/thank-you,Thank You,2,3,10,0.08,238.5,3.44,0,1
2025-02-14,Organic Search,/,Home,65,95,313,0.3772,144.5,3.29,4,9
2025-02-14,Organic Search,/products,Products,57,70,321,0.4382,171.1,4.59,1,4
2025-02-14,Organic Search,/pricing,Pricing,21,31,119,0.3368,263.0,3.85,3,1
2025-02-14,Organic Search,/blog,Blog,33,46,94,0.5608,209.6,2.05,1,4
2025-02-14,Organic Search,/product-a,Product A,28,35,150,0.4277,231.2,4.27,3,1
2025-02-14,Organic Search,/product-b,Product B,26,39,166,0.3698,233.6,4.26,3,1
2025-02-14,Organic Search,/contact,Contact,26,35,71,0.35,164.1,2.04,0,2
2025-02-14,Organic Search,/signup,Signup,19,24,73,0.201,189.0,3.05,1,3
2025-02-14,Organic Search,/checkout,Checkout,34,37,82,0.2337,181.6,2.22,6,1
2025-02-14,Organic Search,/thank-you,Thank You,6,10,27,0.08,170.7,2.67,1,3
2025-02-14,Paid Search,/,Home,48,66,155,0.5162,171.6,2.34,3,3
2025-02-14,Paid Search,/products,Products,37,44,103,0.3968,130.3,2.33,0,5
2025-02-14,Paid Search,/pricing,Pricing,21,30,87,0.351,212.3,2.91,3,1
2025-02-14,Paid Search,/blog,Blog,24,34,66,0.5993,153.1,1.95,0,3
2025-02-14,Paid Search,/product-a,Product A,19,22,65,0.4612,156.2,2.94,1,2
2025-02-14,Paid Search,/product-b,Product B,14,20,61,0.4117,180.5,3.07,0,0
2025-02-14,Paid Search,/contact,Contact,12,16,33,0.4052,155.8,2.04,2,2
2025-02-14,Paid Search,/signup,Signup,18,21,43,0.2417,92.9,2.04,3,1
2025-02-14,Paid Search,/checkout,Checkout,14,20,40,0.3215,223.3,2.02,1,4
2025-02-14,Paid Search,/thank-you,Thank You,6,9,24,0.1262,74.0,2.71,1,2
2025-02-14,Direct,/,Home,68,80,218,0.3905,96.5,2.73,0,2
2025-02-14,Direct,/products,Products,42,46,145,0.3927,140.1,3.15,4,3
2025-02-14,Direct,/pricing,Pricing,21,27,111,0.3702,207.8,4.11,0,0
2025-02-14,Direct,/blog,Blog,28,31,74,0.6009,102.0,2.4,4,2
2025-02-14,Direct,/product-a,Product A,34,42,162,0.387,223.0,3.86,2,0
2025-02-14,Direct,/product-b,Product B,15,17,49,0.3406,215.1,2.89,0,0
2025-02-14,Direct,/contact,Contact,19,22,51,0.3003,136.2,2.3,2,0
2025-02-14,Direct,/signup,Signup,14,18,54,0.2225,132.0,3.03,4,4
2025-02-14,Direct,/checkout,Checkout,21,25,52,0.2566,181.7,2.09,2,1
2025-02-14,Direct,/thank-you,Thank You,13,16,32,0.1424,67.8,1.99,1,2
2025-02-14,Referral,/,Home,29,31,76,0.2503,179.5,2.46,1,3
2025-02-14,Referral,/products,Products,14,17,61,0.3311,210.5,3.6,0,1
2025-02-14,Referral,/pricing,Pricing,8,11,36,0.1609,226.8,3.31,1,0
2025-02-14,Referral,/blog,Blog,18,21,53,0.5031,210.6,2.54,0,1
2025-02-14,Referral,/product-a,Product A,10,12,48,0.2249,193.0,3.99,0,1
2025-02-14,Referral,/product-b,Product B,9,12,41,0.3055,164.3,3.38,1,0
2025-02-14,Referral,/contact,Contact,6,9,23,0.291,182.5,2.51,0,0
2025-02-14,Referral,/signup,Signup,6,9,24,0.1541,204.3,2.63,1,1
2025-02-14,Referral,/checkout,Checkout,6,9,20,0.1896,166.9,2.23,0,1
2025-02-14,Referral,/thank-you,Thank You,4,6,19,0.1448,190.5,3.12,1,0
2025-02-14,Organic Social,/,Home,34,41,78,0.6206,132.3,1.91,1,1
2025-02-14,Organic Social,/products,Products,18,21,56,0.5606,58.6,2.65,0,0
2025-02-14,Organic Social,/pricing,Pricing,17,20,36,0.3433,188.6,1.78,1,0
2025-02-14,Organic Social,/blog,Blog,9,13,21,0.7236,67.1,1.6,0,1
2025-02-14,Organic Social,/product-a,Product A,18,21,41,0.5231,167.7,1.96,0,1
2025-02-14,Organic Social,/product-b,Product B,14,17,60,0.5672,146.0,3.51,0,0
2025-02-14,Organic Social,/contact,Contact,7,11,15,0.4434,108.0,1.39,0,0
2025-02-14,Organic Social,/signup,Signup,9,11,30,0.3308,60.4,2.75,0,0
2025-02-14,Organic Social,/checkout,Checkout,7,11,20,0.4508,152.8,1.8,0,3
2025-02-14,Organic Social,/thank-you,Thank You,5,7,14,0.3339,181.3,1.94,1,1
2025-02-14,Paid Social,/,Home,10,13,24,0.728,69.7,1.82,0,0
2025-02-14,Paid Social,/products,Products,11,13,43,0.6831,74.1,3.32,1,0
2025-02-14,Paid Social,/pricing,Pricing,8,10,35,0.4112,147.8,3.5,0,0
2025-02-14,Paid Social,/blog,Blog,11,13,13,0.7076,91.4,1.0,2,0
2025-02-14,Paid Social,/product-a,Product A,6,8,22,0.4752,65.3,2.69,0,0
2025-02-14,Paid Social,/product-b,Product B,6,8,15,0.5779,133.8,1.88,0,0
2025-02-14,Paid Social,/contact,Contact,5,6,11,0.4685,109.1,1.84,0,0
2025-02-14,Paid Social,/signup,Signup,5,7,7,0.4353,100.1,1.0,0,0
2025-02-14,Paid Social,/checkout,Checkout,5,7,16,0.5244,79.5,2.22,0,1
2025-02-14,Paid Social,/thank-you,Thank You,3,4,6,0.3709,61.2,1.39,0,0
2025-02-14,Email,/,Home,17,23,72,0.3284,139.7,3.12,1,3
2025-02-14,Email,/products,Products,6,10,41,0.363,183.0,4.08,1,1
2025-02-14,Email,/pricing,Pricing,6,10,32,0.2612,238.6,3.18,0,3
2025-02-14,Email,/blog,Blog,9,12,32,0.4287,206.6,2.68,0,1
2025-02-14,Email,/product-a,Product A,5,6,25,0.1942,308.3,4.1,0,0
2025-02-14,Email,/product-b,Product B,6,8,33,0.2853,277.3,4.11,1,0
2025-02-14,Email,/contact,Contact,6,7,22,0.2534,210.6,3.15,1,1
2025-02-14,Email,/signup,Signup,4,6,19,0.174,195.3,3.15,1,0
2025-02-14,Email,/checkout,Checkout,2,3,10,0.08,233.2,3.45,1,0
2025-02-14,Email,/thank-you,Thank You,2,3,9,0.08,243.7,3.06,0,0
2025-02-15,Organic Search,/,Home,30,39,133,0.5853,173.7,3.41,1,2
2025-02-15,Organic Search,/products,Products,20,25,93,0.4108,166.4,3.73,0,1
2025-02-15,Organic Search,/pricing,Pricing,14,18,75,0.4044,157.8,4.17,1,2
2025-02-15,Organic Search,/blog,Blog,21,28,103,0.4705,104.4,3.67,1,1
2025-02-15,Organic Search,/product-a,Product A,31,35,106,0.3277,179.2,3.02,1,6
2025-02-15,Organic Search,/product-b,Product B,20,27,104,0.2012,181.7,3.83,1,2
2025-02-15,Organic Search,/contact,Contact,17,20,47,0.2593,193.9,2.36,1,2
2025-02-15,Organic Search,/signup,Signup,21,26,79,0.1352,159.4,3.02,4,3
2025-02-15,Organic Search,/checkout,Checkout,18,24,75,0.1487,161.3,3.11,1,4
2025-02-15,Organic Search,/thank-you,Thank You,6,9,31,0.1944,144.2,3.4,1,1
2025-02-15,Paid Search,/,Home,23,33,54,0.5545,124.2,1.64,4,1
2025-02-15,Paid Search,/products,Products,24,28,79,0.4962,100.8,2.83,2,2
2025-02-15,Paid Search,/pricing,Pricing,11,17,46,0.4482,151.7,2.7,0,0
2025-02-15,Paid Search,/blog,Blog,19,22,44,0.5458,132.6,1.98,0,1
2025-02-15,Paid Search,/product-a,Product A,16,18,62,0.5317,164.1,3.42,1,1
2025-02-15,Paid Search,/product-b,Product B,9,13,46,0.3589,156.7,3.55,0,1
2025-02-15,Paid Search,/contact,Contact,13,16,52,0.4549,91.3,3.25,1,0
2025-02-15,Paid Search,/signup,Signup,12,17,27,0.3078,176.9,1.6,1,0
2025-02-15,Paid Search,/checkout,Checkout,5,7,16,0.2582,166.1,2.35,1,1
2025-02-15,Paid Search,/thank-you,Thank You,5,7,14,0.291,92.0,2.01,0,1
2025-02-15,Direct,/,Home,27,35,82,0.4798,167.7,2.35,2,3
2025-02-15,Direct,/products,Products,23,29,110,0.2735,161.1,3.78,4,1
2025-02-15,Direct,/pricing,Pricing,14,19,62,0.4447,186.3,3.29,1,0
2025-02-15,Direct,/blog,Blog,19,23,53,0.5368,127.1,2.31,0,3
2025-02-15,Direct,/product-a,Product A,8,11,38,0.3944,253.0,3.43,1,1
2025-02-15,Direct,/product-b,Product B,11,13,50,0.4875,218.6,3.87,0,3
2025-02-15,Direct,/contact,Contact,9,13,38,0.2831,99.3,2.9,0,2
2025-02-15,Direct,/signup,Signup,7,10,24,0.1682,144.9,2.41,1,2
2025-02-15,Direct,/checkout,Checkout,10,13,33,0.2367,161.6,2.55,0,1
2025-02-15,Direct,/thank-you,Thank You,5,7,16,0.2339,161.6,2.28,2,0
2025-02-15,Referral,/,Home,18,27,86,0.3317,194.8,3.19,2,0
2025-02-15,Referral,/products,Products,16,18,72,0.345,203.4,4.0,0,1
2025-02-15,Referral,/pricing,Pricing,9,10,41,0.2122,251.1,4.14,1,1
2025-02-15,Referral,/blog,Blog,15,17,38,0.4188,123.9,2.24,1,1
2025-02-15,Referral,/product-a,Product A,9,12,46,0.2753,246.0,3.83,0,2
2025-02-15,Referral,/product-b,Product B,11,13,45,0.3251,190.0,3.43,1,1
2025-02-15,Referral,/contact,Contact,8,10,27,0.2725,155.4,2.73,1,0
2025-02-15,Referral,/signup,Signup,8,12,30,0.1453,124.0,2.47,1,4
2025-02-15,Referral,/checkout,Checkout,5,8,27,0.08,226.9,3.36,0,2
2025-02-15,Referral,/thank-you,Thank You,3,4,12,0.08,181.1,3.04,0,0
2025-02-15,Organic Social,/,Home,8,12,31,0.5271,91.3,2.61,0,1
2025-02-15,Organic Social,/products,Products,9,12,37,0.6307,111.5,3.05,0,0
2025-02-15,Organic Social,/pricing,Pricing,5,7,22,0.4798,80.5,3.08,1,0
2025-02-15,Organic Social,/blog,Blog,5,7,15,0.6858,125.9,2.13,0,0
2025-02-15,Organic Social,/product-a,Product A,5,8,23,0.5748,127.1,2.83,0,0
2025-02-15,Organic Social,/product-b,Product B,6,8,24,0.5015,174.0,2.96,0,0
2025-02-15,Organic Social,/contact,Contact,2,4,6,0.4242,121.3,1.56,0,0
2025-02-15,Organic Social,/signup,Signup,4,6,13,0.3453,45.7,2.23,1,1
2025-02-15,Organic Social,/checkout,Checkout,5,7,14,0.3131,72.8,1.99,0,1
2025-02-15,Organic Social,/thank-you,Thank You,2,3,7,0.3506,116.8,2.37,0,0
2025-02-15,Paid Social,/,Home,7,10,17,0.6446,67.3,1.75,0,1
2025-02-15,Paid Social,/products,Products,8,11,30,0.6015,49.9,2.68,1,0
2025-02-15,Paid Social,/pricing,Pricing,7,9,18,0.5529,119.6,2.05,0,0
2025-02-15,Paid Social,/blog,Blog,6,8,12,0.7215,53.4,1.54,0,0
2025-02-15,Paid Social,/product-a,Product A,3,4,10,0.4913,188.2,2.38,0,0
2025-02-15,Paid Social,/product-b,Product B,2,4,7,0.5485,151.8,1.71,0,0
2025-02-15,Paid Social,/contact,Contact,2,4,7,0.431,26.1,1.87,0,0
2025-02-15,Paid Social,/signup,Signup,5,6,14,0.4536,73.8,2.3,0,0
2025-02-15,Paid Social,/checkout,Checkout,3,5,8,0.3771,90.9,1.7,0,1
2025-02-15,Paid Social,/thank-you,Thank You,2,3,4,0.3815,108.1,1.22,1,0
2025-02-15,Email,/,Home,5,7,20,0.3058,294.2,2.82,1,2
2025-02-15,Email,/products,Products,3,4,21,0.2145,107.1,5.35,1,1
2025-02-15,Email,/pricing,Pricing,2,3,12,0.1771,215.2,4.09,1,0
2025-02-15,Email,/blog,Blog,3,4,13,0.3863,150.0,3.19,0,0
2025-02-15,Email,/product-a,Product A,3,4,17,0.2919,230.4,4.36,2,1
2025-02-15,Email,/product-b,Product B,3,4,19,0.1995,275.0,4.67,0,0
2025-02-15,Email,/contact,Contact,1,1,3,0.1605,250.9,3.24,0,0
2025-02-15,Email,/signup,Signup,1,2,7,0.0917,209.1,3.5,1,0
2025-02-15,Email,/checkout,Checkout,1,2,7,0.1177,235.9,3.26,1,0
2025-02-15,Email,/thank-you,Thank You,1,1,4,0.08,183.6,3.72,0,0
2025-02-16,Organic Search,/,Home,18,20,60,0.4402,78.3,3.0,3,1
2025-02-16,Organic Search,/products,Products,11,13,52,0.2804,127.3,3.99,0,0
2025-02-16,Organic Search,/pricing,Pricing,9,11,46,0.2976,145.2,4.22,0,0
2025-02-16,Organic Search,/blog,Blog,13,19,60,0.4614,165.6,3.16,1,2
2025-02-16,Organic Search,/product-a,Product A,7,10,32,0.3338,195.1,3.16,0,2
2025-02-16,Organic Search,/product-b,Product B,9,10,37,0.38,250.1,3.7,0,0
2025-02-16,Organic Search,/contact,Contact,6,8,23,0.243,184.9,2.85,0,0
2025-02-16,Organic Search,/signup,Signup,8,10,35,0.2001,228.3,3.47,1,2
2025-02-16,Organic Search,/checkout,Checkout,7,9,34,0.17,187.6,3.74,2,2
2025-02-16,Organic Search,/thank-you,Thank You,4,6,15,0.2011,128.2,2.54,0,0
2025-02-16,Paid Search,/,Home,22,24,45,0.5228,190.2,1.87,1,1
2025-02-16,Paid Search,/products,Products,8,11,21,0.5146,146.1,1.94,0,1
2025-02-16,Paid Search,/pricing,Pricing,6,8,22,0.4647,129.1,2.77,1,2
2025-02-16,Paid Search,/blog,Blog,13,17,44,0.4766,114.0,2.56,1,2
2025-02-16,Paid Search,/product-a,Product A,8,9,14,0.5217,155.5,1.51,2,0
2025-02-16,Paid Search,/product-b,Product B,7,11,36,0.3645,162.6,3.27,2,0
2025-02-16,Paid Search,/contact,Contact,5,6,14,0.3225,120.2,2.35,0,1
2025-02-16,Paid Search,/signup,Signup,9,10,23,0.3156,150.7,2.32,2,2
2025-02-16,Paid Search,/checkout,Checkout,5,6,6,0.2556,96.1,1.06,1,0
2025-02-16,Paid Search,/thank-you,Thank You,4,6,17,0.1669,97.6,2.88,0,2
2025-02-16,Direct,/,Home,21,24,73,0.4595,162.5,3.05,0,0
2025-02-16,Direct,/products,Products,15,19,66,0.4745,128.4,3.45,2,2
2025-02-16,Direct,/pricing,Pricing,12,15,60,0.279,220.8,4.03,1,0
2025-02-16,Direct,/blog,Blog,12,16,40,0.5247,147.9,2.5,0,0
2025-02-16,Direct,/product-a,Product A,7,10,31,0.3179,139.8,3.14,1,0
2025-02-16,Direct,/product-b,Product B,6,7,29,0.3726,185.6,4.1,1,0
2025-02-16,Direct,/contact,Contact,8,12,33,0.371,138.7,2.74,0,1
2025-02-16,Direct,/signup,Signup,11,14,31,0.2807,186.7,2.19,1,3
2025-02-16,Direct,/checkout,Checkout,6,9,21,0.2701,184.6,2.33,1,0
2025-02-16,Direct,/thank-you,Thank You,2,3,6,0.1639,154.3,1.92,0,0
2025-02-16,Referral,/,Home,10,11,35,0.3642,166.2,3.15,0,1
2025-02-16,Referral,/products,Products,6,7,24,0.3515,221.5,3.42,1,1
2025-02-16,Referral,/pricing,Pricing,4,5,20,0.2628,180.4,4.02,0,0
2025-02-16,Referral,/blog,Blog,5,7,19,0.4222,227.6,2.79,0,0
2025-02-16,Referral,/product-a,Product A,6,8,28,0.3382,192.7,3.46,1,1
2025-02-16,Referral,/product-b,Product B,7,8,33,0.3433,233.2,4.14,0,0
2025-02-16,Referral,/contact,Contact,3,5,11,0.2359,173.2,2.11,0,0
2025-02-16,Referral,/signup,Signup,5,7,21,0.2029,159.7,3.04,2,0
2025-02-16,Referral,/checkout,Checkout,4,6,20,0.0949,170.6,3.25,0,1
2025-02-16,Referral,/thank-you,Thank You,1,2,5,0.1106,162.7,2.68,0,0
2025-02-16,Organic Social,/,Home,8,13,18,0.658,144.0,1.39,0,0
2025-02-16,Organic Social,/products,Products,6,7,23,0.4763,88.1,3.27,0,0
2025-02-16,Organic Social,/pricing,Pricing,2,3,10,0.4774,96.9,3.46,0,0
2025-02-16,Organic Social,/blog,Blog,5,7,14,0.5948,60.0,2.06,0,0
2025-02-16,Organic Social,/product-a,Product A,4,6,15,0.5679,122.9,2.48,0,0
2025-02-16,Organic Social,/product-b,Product B,2,3,7,0.4713,155.0,2.45,1,0
2025-02-16,Organic Social,/contact,Contact,1,2,6,0.474,115.1,3.0,0,0
2025-02-16,Organic Social,/signup,Signup,2,3,5,0.4245,62.3,1.53,0,0
2025-02-16,Organic Social,/checkout,Checkout,1,2,4,0.2988,164.4,2.04,0,0
2025-02-16,Organic Social,/thank-you,Thank You,1,2,3,0.4168,93.0,1.37,0,0
2025-02-16,Paid Social,/,Home,10,14,29,0.7522,115.4,2.09,0,1
2025-02-16,Paid Social,/products,Products,4,5,14,0.5179,92.6,2.8,0,0
2025-02-16,Paid Social,/pricing,Pricing,4,6,16,0.436,111.7,2.71,0,1
2025-02-16,Paid Social,/blog,Blog,2,4,7,0.7407,43.2,1.8,0,0
2025-02-16,Paid Social,/product-a,Product A,3,5,13,0.5648,157.6,2.52,0,0
2025-02-16,Paid Social,/product-b,Product B,3,4,8,0.5764,87.8,2.09,0,0
2025-02-16,Paid Social,/contact,Contact,1,2,5,0.499,44.2,2.69,0,0
2025-02-16,Paid Social,/signup,Signup,2,3,3,0.4735,67.2,1.0,0,0
2025-02-16,Paid Social,/checkout,Checkout,3,4,6,0.441,113.9,1.56,0,0
2025-02-16,Paid Social,/thank-you,Thank You,1,1,2,0.2807,152.5,1.87,0,0
2025-02-16,Email,/,Home,5,7,29,0.3973,157.7,4.07,0,2
2025-02-16,Email,/products,Products,2,3,13,0.1998,263.7,4.34,0,0
2025-02-16,Email,/pricing,Pricing,1,2,7,0.249,240.9,3.6,1,0
2025-02-16,Email,/blog,Blog,1,2,9,0.4521,237.4,4.66,0,0
2025-02-16,Email,/product-a,Product A,2,3,10,0.1372,267.7,3.47,0,0
2025-02-16,Email,/product-b,Product B,1,1,4,0.3532,282.3,4.09,0,0
2025-02-16,Email,/contact,Contact,1,2,6,0.2099,247.6,3.1,0,0
2025-02-16,Email,/signup,Signup,2,3,8,0.1042,169.0,2.57,0,2
2025-02-16,Email,/checkout,Checkout,1,2,8,0.08,234.2,3.8,0,1
2025-02-16,Email,/thank-you,Thank You,1,1,3,0.1466,201.5,2.94,1,0
2025-02-17,Organic Search,/,Home,66,80,231,0.5237,132.0,2.88,2,4
2025-02-17,Organic Search,/products,Products,37,41,179,0.3716,198.5,4.36,1,2
2025-02-17,Organic Search,/pricing,Pricing,33,36,131,0.3297,204.8,3.64,1,3
2025-02-17,Organic Search,/blog,Blog,36,40,133,0.4946,226.4,3.33,0,2
2025-02-17,Organic Search,/product-a,Product A,21,29,106,0.4335,172.9,3.64,0,2
2025-02-17,Organic Search,/product-b,Product B,26,31,120,0.3672,169.6,3.89,1,2
2025-02-17,Organic Search,/contact,Contact,21,23,72,0.373,195.6,3.14,0,1
2025-02-17,Organic Search,/signup,Signup,24,28,96,0.1358,153.4,3.45,1,4
2025-02-17,Organic Search,/checkout,Checkout,23,29,88,0.2091,234.6,3.03,1,2
2025-02-17,Organic Search,/thank-you,Thank You,10,16,48,0.0941,164.2,2.99,1,4
2025-02-17,Paid Search,/,Home,47,57,93,0.5706,186.5,1.64,1,5
2025-02-17,Paid Search,/products,Products,26,32,133,0.4073,137.0,4.15,1,1
2025-02-17,Paid Search,/pricing,Pricing,16,22,51,0.5058,143.5,2.31,0,3
2025-02-17,Paid Search,/blog,Blog,25,29,56,0.6138,82.7,1.92,1,0
2025-02-17,Paid Search,/product-a,Product A,14,16,52,0.423,185.5,3.26,3,0
2025-02-17,Paid Search,/product-b,Product B,15,17,48,0.4783,243.0,2.83,0,0
2025-02-17,Paid Search,/contact,Contact,9,13,31,0.3999,150.8,2.35,1,2
2025-02-17,Paid Search,/signup,Signup,9,14,44,0.2223,172.5,3.12,1,1
2025-02-17,Paid Search,/checkout,Checkout,12,15,36,0.2444,195.8,2.41,2,5
2025-02-17,Paid Search,/thank-you,Thank You,5,6,7,0.1722,161.9,1.14,1,0
2025-02-17,Direct,/,Home,46,56,141,0.5184,176.4,2.51,1,4
2025-02-17,Direct,/products,Products,22,30,87,0.38,162.7,2.91,0,1
2025-02-17,Direct,/pricing,Pricing,10,15,53,0.3309,181.6,3.54,0,0
2025-02-17,Direct,/blog,Blog,22,32,94,0.5787,194.2,2.93,2,1
2025-02-17,Direct,/product-a,Product A,22,31,104,0.3909,154.9,3.35,1,0
2025-02-17,Direct,/product-b,Product B,13,16,59,0.4615,208.4,3.67,0,1
2025-02-17,Direct,/contact,Contact,8,10,29,0.2843,184.2,2.87,1,0
2025-02-17,Direct,/signup,Signup,11,12,33,0.242,175.0,2.75,0,1
2025-02-17,Direct,/checkout,Checkout,8,10,30,0.2036,203.1,2.98,1,1
2025-02-17,Direct,/thank-you,Thank You,5,8,21,0.1359,164.6,2.65,0,0
2025-02-17,Referral,/,Home,14,18,63,0.5167,203.0,3.47,1,1
2025-02-17,Referral,/products,Products,16,20,70,0.3187,183.8,3.49,1,3
2025-02-17,Referral,/pricing,Pricing,6,8,34,0.222,228.2,4.29,0,0
2025-02-17,Referral,/blog,Blog,10,14,45,0.3853,177.0,3.19,1,1
2025-02-17,Referral,/product-a,Product A,13,14,45,0.3195,223.5,3.2,1,3
2025-02-17,Referral,/product-b,Product B,9,11,46,0.2714,207.6,4.15,0,1
2025-02-17,Referral,/contact,Contact,8,11,38,0.1808,203.7,3.49,1,1
2025-02-17,Referral,/signup,Signup,10,13,35,0.08,183.4,2.71,2,2
2025-02-17,Referral,/checkout,Checkout,6,9,27,0.1964,203.6,2.96,0,1
2025-02-17,Referral,/thank-you,Thank You,3,4,12,0.0847,202.7,3.05,0,0
2025-02-17,Organic Social,/,Home,11,15,18,0.6373,77.0,1.2,0,1
2025-02-17,Organic Social,/products,Products,11,13,48,0.5789,131.2,3.71,0,0
2025-02-17,Organic Social,/pricing,Pricing,9,13,46,0.4209,139.9,3.56,0,1
2025-02-17,Organic Social,/blog,Blog,9,12,23,0.5662,35.7,1.88,1,1
2025-02-17,Organic Social,/product-a,Product A,8,9,26,0.5169,132.1,2.89,0,0
2025-02-17,Organic Social,/product-b,Product B,6,9,26,0.4884,181.3,2.92,0,0
2025-02-17,Organic Social,/contact,Contact,4,5,12,0.5011,143.4,2.41,0,0
2025-02-17,Organic Social,/signup,Signup,3,5,8,0.4045,135.1,1.62,0,0
2025-02-17,Organic Social,/checkout,Checkout,5,7,7,0.3577,168.7,1.0,0,1
2025-02-17,Organic Social,/thank-you,Thank You,3,4,7,0.2523,62.9,1.73,0,1
2025-02-17,Paid Social,/,Home,16,20,33,0.5887,123.6,1.63,0,0
2025-02-17,Paid Social,/products,Products,12,17,32,0.5184,129.2,1.89,1,0
2025-02-17,Paid Social,/pricing,Pricing,8,11,22,0.7089,116.5,1.99,0,1
2025-02-17,Paid Social,/blog,Blog,11,12,21,0.7002,146.8,1.77,0,0
2025-02-17,Paid Social,/product-a,Product A,9,11,30,0.5265,131.0,2.71,0,0
2025-02-17,Paid Social,/product-b,Product B,6,9,17,0.5591,167.5,1.85,1,0
2025-02-17,Paid Social,/contact,Contact,6,7,11,0.4504,145.5,1.61,0,1
2025-02-17,Paid Social,/signup,Signup,4,6,11,0.3501,168.0,1.8,0,0
2025-02-17,Paid Social,/checkout,Checkout,4,6,9,0.4133,142.7,1.58,0,0
2025-02-17,Paid Social,/thank-you,Thank You,2,3,6,0.3901,110.7,1.92,0,0
2025-02-17,Email,/,Home,10,11,32,0.303,275.5,2.91,0,0
2025-02-17,Email,/products,Products,7,8,27,0.3345,159.9,3.38,0,0
2025-02-17,Email,/pricing,Pricing,3,4,19,0.2678,236.8,4.77,0,0
2025-02-17,Email,/blog,Blog,7,9,29,0.4701,224.3,3.23,1,1
2025-02-17,Email,/product-a,Product A,4,6,25,0.2533,210.9,4.14,1,0
2025-02-17,Email,/product-b,Product B,4,5,22,0.1321,228.8,4.45,0,0
2025-02-17,Email,/contact,Contact,3,5,16,0.1911,168.9,3.25,0,1
2025-02-17,Email,/signup,Signup,4,6,20,0.1503,183.1,3.41,1,2
2025-02-17,Email,/checkout,Checkout,4,6,18,0.08,223.0,3.05,1,1
2025-02-17,Email,/thank-you,Thank You,1,2,8,0.08,215.3,3.82,0,1
2025-02-18,Organic Search,/,Home,35,50,116,0.4862,163.3,2.31,1,1
2025-02-18,Organic Search,/products,Products,21,23,94,0.466,159.5,4.09,0,0
2025-02-18,Organic Search,/pricing,Pricing,14,16,52,0.2893,199.5,3.24,1,1
2025-02-18,Organic Search,/blog,Blog,15,17,48,0.4747,166.8,2.8,3,2
2025-02-18,Organic Search,/product-a,Product A,12,16,53,0.387,186.6,3.32,0,1
2025-02-18,Organic Search,/product-b,Product B,9,14,44,0.2295,166.7,3.17,0,1
2025-02-18,Organic Search,/contact,Contact,9,11,35,0.2523,153.7,3.21,0,0
2025-02-18,Organic Search,/signup,Signup,12,17,55,0.2248,201.0,3.21,2,2
2025-02-18,Organic Search,/checkout,Checkout,10,13,34,0.3021,191.5,2.62,0,2
2025-02-18,Organic Search,/thank-you,Thank You,9,11,32,0.1828,146.6,2.89,2,0
2025-02-18,Paid Search,/,Home,31,37,76,0.4918,128.6,2.05,1,2
2025-02-18,Paid Search,/products,Products,19,25,45,0.4805,130.1,1.79,0,0
2025-02-18,Paid Search,/pricing,Pricing,14,18,66,0.4145,171.0,3.68,1,2
2025-02-18,Paid Search,/blog,Blog,9,13,26,0.5089,124.6,2.01,0,1
2025-02-18,Paid Search,/product-a,Product A,7,9,28,0.3934,161.5,3.06,0,1
2025-02-18,Paid Search,/product-b,Product B,11,13,32,0.4198,219.5,2.49,0,0
2025-02-18,Paid Search,/contact,Contact,7,11,22,0.4024,124.3,2.04,0,0
2025-02-18,Paid Search,/signup,Signup,11,12,29,0.3484,123.6,2.42,0,1
2025-02-18,Paid Search,/checkout,Checkout,5,7,18,0.2591,143.6,2.52,1,0
2025-02-18,Paid Search,/thank-you,Thank You,4,5,13,0.2276,105.7,2.53,0,0
2025-02-18,Direct,/,Home,24,36,89,0.5724,104.5,2.46,1,5
2025-02-18,Direct,/products,Products,22,29,80,0.4539,180.5,2.76,3,0
2025-02-18,Direct,/pricing,Pricing,13,17,69,0.3449,223.6,4.05,1,3
2025-02-18,Direct,/blog,Blog,16,22,67,0.5354,163.7,3.05,0,1
2025-02-18,Direct,/product-a,Product A,16,19,56,0.3946,192.0,2.97,0,0
2025-02-18,Direct,/product-b,Product B,12,15,56,0.4248,183.1,3.74,0,1
2025-02-18,Direct,/contact,Contact,12,18,40,0.4044,165.0,2.25,0,0
2025-02-18,Direct,/signup,Signup,20,23,88,0.1904,120.6,3.82,2,3
2025-02-18,Direct,/checkout,Checkout,18,21,54,0.1817,146.7,2.58,1,2
2025-02-18,Direct,/thank-you,Thank You,7,10,27,0.1418,128.7,2.74,2,1
2025-02-18,Referral,/,Home,15,17,55,0.4136,214.5,3.23,2,0
2025-02-18,Referral,/products,Products,16,18,71,0.3126,210.5,3.94,2,4
2025-02-18,Referral,/pricing,Pricing,7,9,31,0.4007,207.9,3.46,0,1
2025-02-18,Referral,/blog,Blog,10,13,41,0.4684,222.0,3.14,2,1
2025-02-18,Referral,/product-a,Product A,10,15,55,0.3163,226.0,3.69,0,1
2025-02-18,Referral,/product-b,Product B,5,7,27,0.2517,234.1,3.86,0,0
2025-02-18,Referral,/contact,Contact,4,7,21,0.3007,196.4,2.98,1,0
2025-02-18,Referral,/signup,Signup,7,9,22,0.1954,164.5,2.43,1,0
2025-02-18,Referral,/checkout,Checkout,5,7,22,0.1131,245.9,3.12,0,0
2025-02-18,Referral,/thank-you,Thank You,4,6,18,0.122,181.3,3.05,1,1
2025-02-18,Organic Social,/,Home,10,15,35,0.5264,125.1,2.33,0,0
2025-02-18,Organic Social,/products,Products,19,21,55,0.5424,98.1,2.64,0,1
2025-02-18,Organic Social,/pricing,Pricing,11,12,27,0.4553,208.9,2.28,1,1
2025-02-18,Organic Social,/blog,Blog,11,13,32,0.7027,87.8,2.49,0,1
2025-02-18,Organic Social,/product-a,Product A,11,14,35,0.5494,125.5,2.47,0,1
2025-02-18,Organic Social,/product-b,Product B,6,9,25,0.6308,104.8,2.74,0,0
2025-02-18,Organic Social,/contact,Contact,6,8,12,0.5622,58.6,1.52,0,1
2025-02-18,Organic Social,/signup,Signup,10,12,26,0.3774,118.7,2.14,1,1
2025-02-18,Organic Social,/checkout,Checkout,8,9,13,0.4471,135.5,1.45,0,0
2025-02-18,Organic Social,/thank-you,Thank You,2,3,6,0.2718,109.0,2.07,0,0
2025-02-18,Paid Social,/,Home,14,18,20,0.6891,62.5,1.11,0,1
2025-02-18,Paid Social,/products,Products,10,11,22,0.6874,74.0,2.0,0,0
2025-02-18,Paid Social,/pricing,Pricing,9,11,22,0.7039,149.9,2.03,0,0
2025-02-18,Paid Social,/blog,Blog,8,10,10,0.8011,20.0,1.0,0,0
2025-02-18,Paid Social,/product-a,Product A,8,10,24,0.4965,42.8,2.42,1,0
2025-02-18,Paid Social,/product-b,Product B,4,5,10,0.5213,165.6,1.96,0,0
2025-02-18,Paid Social,/contact,Contact,5,7,11,0.5487,61.7,1.52,0,0
2025-02-18,Paid Social,/signup,Signup,5,6,16,0.4486,77.9,2.66,0,0
2025-02-18,Paid Social,/checkout,Checkout,4,5,5,0.4678,107.4,1.0,1,0
2025-02-18,Paid Social,/thank-you,Thank You,1,2,3,0.4166,48.8,1.33,0,0
2025-02-18,Email,/,Home,7,9,31,0.3855,198.0,3.47,1,2
2025-02-18,Email,/products,Products,2,4,11,0.2233,217.1,2.79,1,0
2025-02-18,Email,/pricing,Pricing,2,3,11,0.2168,226.1,3.61,0,1
2025-02-18,Email,/blog,Blog,4,6,21,0.4582,189.9,3.48,1,1
2025-02-18,Email,/product-a,Product A,2,3,15,0.1862,266.8,4.9,0,0
2025-02-18,Email,/product-b,Product B,2,3,11,0.2594,238.2,3.6,0,0
2025-02-18,Email,/contact,Contact,3,4,15,0.174,171.9,3.69,0,0
2025-02-18,Email,/signup,Signup,3,4,10,0.08,215.1,2.48,0,0
2025-02-18,Email,/checkout,Checkout,1,2,8,0.08,173.3,3.81,0,1
2025-02-18,Email,/thank-you,Thank You,1,1,3,0.08,197.9,3.25,0,0
2025-02-19,Organic Search,/,Home,46,55,189,0.4314,150.8,3.44,2,2
2025-02-19,Organic Search,/products,Products,26,32,99,0.4855,166.8,3.1,1,2
2025-02-19,Organic Search,/pricing,Pricing,15,18,75,0.2527,185.4,4.16,0,0
2025-02-19,Organic Search,/blog,Blog,24,31,93,0.4276,139.4,3.0,3,1
2025-02-19,Organic Search,/product-a,Product A,23,31,84,0.4183,178.1,2.72,1,5
2025-02-19,Organic Search,/product-b,Product B,26,30,86,0.2881,173.6,2.86,2,3
2025-02-19,Organic Search,/contact,Contact,18,24,60,0.2966,111.0,2.49,1,0
2025-02-19,Organic Search,/signup,Signup,17,26,73,0.1654,202.2,2.79,1,4
2025-02-19,Organic Search,/checkout,Checkout,20,24,69,0.1416,205.7,2.89,0,4
2025-02-19,Organic Search,/thank-you,Thank You,7,8,27,0.2477,148.2,3.38,1,1
2025-02-19,Paid Search,/,Home,27,37,48,0.546,70.2,1.29,1,1
2025-02-19,Paid Search,/products,Products,11,14,44,0.4696,85.1,3.18,0,1
2025-02-19,Paid Search,/pricing,Pricing,9,12,37,0.3101,195.7,3.11,0,0
2025-02-19,Paid Search,/blog,Blog,13,17,44,0.533,103.4,2.61,0,2
2025-02-19,Paid Search,/product-a,Product A,14,17,49,0.4663,131.8,2.86,0,2
2025-02-19,Paid Search,/product-b,Product B,6,9,34,0.6237,161.6,3.75,0,1
2025-02-19,Paid Search,/contact,Contact,8,11,17,0.3922,149.3,1.56,1,0
2025-02-19,Paid Search,/signup,Signup,10,12,27,0.2957,120.8,2.29,1,0
2025-02-19,Paid Search,/checkout,Checkout,10,13,26,0.3357,141.0,2.0,2,2
2025-02-19,Paid Search,/thank-you,Thank You,2,4,6,0.2944,87.5,1.49,0,0
2025-02-19,Direct,/,Home,23,31,97,0.4536,162.1,3.12,0,3
2025-02-19,Direct,/products,Products,17,25,81,0.398,80.7,3.25,0,3
2025-02-19,Direct,/pricing,Pricing,9,14,49,0.3118,210.9,3.53,0,2
2025-02-19,Direct,/blog,Blog,19,26,87,0.555,113.5,3.33,0,1
2025-02-19,Direct,/product-a,Product A,18,24,81,0.4033,170.6,3.37,2,2
2025-02-19,Direct,/product-b,Product B,18,21,87,0.4883,186.2,4.16,1,0
2025-02-19,Direct,/contact,Contact,6,9,34,0.3659,193.4,3.74,0,1
2025-02-19,Direct,/signup,Signup,12,17,50,0.2376,109.6,2.92,0,4
2025-02-19,Direct,/checkout,Checkout,9,11,37,0.2172,250.4,3.38,0,4
2025-02-19,Direct,/thank-you,Thank You,6,9,20,0.1727,148.2,2.28,0,0
2025-02-19,Referral,/,Home,11,13,45,0.3545,174.3,3.46,0,0
2025-02-19,Referral,/products,Products,9,14,43,0.3815,209.5,3.1,1,0
2025-02-19,Referral,/pricing,Pricing,7,9,31,0.2639,274.6,3.45,0,2
2025-02-19,Referral,/blog,Blog,7,8,29,0.2738,162.4,3.57,1,1
2025-02-19,Referral,/product-a,Product A,7,10,40,0.3701,299.7,4.0,0,1
2025-02-19,Referral,/product-b,Product B,6,8,29,0.281,275.1,3.66,0,0
2025-02-19,Referral,/contact,Contact,4,5,12,0.1689,209.9,2.43,1,0
2025-02-19,Referral,/signup,Signup,6,7,18,0.2327,179.1,2.54,1,2
2025-02-19,Referral,/checkout,Checkout,5,8,30,0.1092,231.3,3.79,0,0
2025-02-19,Referral,/thank-you,Thank You,3,4,9,0.1065,165.1,2.26,0,2
2025-02-19,Organic Social,/,Home,15,20,32,0.5358,118.6,1.6,0,1
2025-02-19,Organic Social,/products,Products,8,10,31,0.5381,112.8,3.12,0,0
2025-02-19,Organic Social,/pricing,Pricing,6,9,28,0.4455,125.5,3.12,0,0
2025-02-19,Organic Social,/blog,Blog,4,6,18,0.7359,66.9,2.94,0,0
2025-02-19,Organic Social,/product-a,Product A,6,9,21,0.6013,61.6,2.38,0,1
2025-02-19,Organic Social,/product-b,Product B,7,9,14,0.6037,146.6,1.53,0,1
2025-02-19,Organic Social,/contact,Contact,4,6,6,0.4528,56.3,1.0,0,0
2025-02-19,Organic Social,/signup,Signup,6,9,14,0.4151,59.0,1.53,1,0
2025-02-19,Organic Social,/checkout,Checkout,4,6,11,0.3939,85.4,1.91,0,0
2025-02-19,Organic Social,/thank-you,Thank You,2,3,7,0.3748,122.7,2.25,1,0
2025-02-19,Paid Social,/,Home,8,11,20,0.6573,78.9,1.78,1,0
2025-02-19,Paid Social,/products,Products,5,6,14,0.5498,46.9,2.34,0,0
2025-02-19,Paid Social,/pricing,Pricing,6,8,19,0.5248,145.5,2.31,0,1
2025-02-19,Paid Social,/blog,Blog,6,8,13,0.6961,53.7,1.66,0,0
2025-02-19,Paid Social,/product-a,Product A,3,4,11,0.5087,95.9,2.67,0,0
2025-02-19,Paid Social,/product-b,Product B,4,5,13,0.5721,187.9,2.68,0,0
2025-02-19,Paid Social,/contact,Contact,1,2,2,0.4547,152.8,1.03,0,0
2025-02-19,Paid Social,/signup,Signup,3,4,5,0.5053,107.1,1.25,0,0
2025-02-19,Paid Social,/checkout,Checkout,2,3,6,0.4479,137.7,1.85,0,0
2025-02-19,Paid Social,/thank-you,Thank You,1,2,3,0.4781,110.0,1.62,0,0
2025-02-19,Email,/,Home,5,8,30,0.4306,146.3,3.74,1,1
2025-02-19,Email,/products,Products,4,5,21,0.2793,207.8,4.14,1,0
2025-02-19,Email,/pricing,Pricing,3,5,18,0.2062,334.1,3.64,0,0
2025-02-19,Email,/blog,Blog,4,6,17,0.4361,222.7,2.77,0,0
2025-02-19,Email,/product-a,Product A,2,3,9,0.2476,288.0,3.11,0,0
2025-02-19,Email,/product-b,Product B,3,4,18,0.328,236.2,4.61,1,0
2025-02-19,Email,/contact,Contact,2,3,10,0.2811,148.1,3.27,0,0
2025-02-19,Email,/signup,Signup,2,3,14,0.2118,202.5,4.52,0,0
2025-02-19,Email,/checkout,Checkout,2,3,7,0.1805,199.1,2.4,0,1
2025-02-19,Email,/thank-you,Thank You,1,2,7,0.0815,153.2,3.44,0,0
2025-02-20,Organic Search,/,Home,38,50,117,0.3226,177.6,2.33,1,4
2025-02-20,Organic Search,/products,Products,48,53,155,0.4284,159.2,2.93,2,3
2025-02-20,Organic Search,/pricing,Pricing,25,35,143,0.3338,175.8,4.09,3,2
2025-02-20,Organic Search,/blog,Blog,36,42,120,0.4368,127.4,2.87,1,4
2025-02-20,Organic Search,/product-a,Product A,25,31,115,0.3299,166.6,3.69,4,1
2025-02-20,Organic Search,/product-b,Product B,13,19,66,0.2509,222.9,3.45,0,0
2025-02-20,Organic Search,/contact,Contact,9,14,40,0.3425,183.5,2.86,1,0
2025-02-20,Organic Search,/signup,Signup,24,30,74,0.2125,224.8,2.46,2,2
2025-02-20,Organic Search,/checkout,Checkout,15,19,67,0.1175,229.5,3.52,2,0
2025-02-20,Organic Search,/thank-you,Thank You,7,10,31,0.1772,102.9,3.1,0,2
2025-02-20,Paid Search,/,Home,33,40,89,0.6067,135.9,2.23,0,1
2025-02-20,Paid Search,/products,Products,40,45,150,0.4346,168.4,3.33,1,1
2025-02-20,Paid Search,/pricing,Pricing,16,18,56,0.4145,217.4,3.11,1,2
2025-02-20,Paid Search,/blog,Blog,33,41,81,0.6586,94.8,1.97,1,1
2025-02-20,Paid Search,/product-a,Product A,14,17,55,0.3146,128.1,3.26,1,1
2025-02-20,Paid Search,/product-b,Product B,13,18,68,0.6118,200.2,3.78,1,2
2025-02-20,Paid Search,/contact,Contact,10,12,20,0.47,91.2,1.69,0,1
2025-02-20,Paid Search,/signup,Signup,16,24,66,0.2627,83.1,2.73,3,2
2025-02-20,Paid Search,/checkout,Checkout,11,16,33,0.3393,175.8,2.04,0,5
2025-02-20,Paid Search,/thank-you,Thank You,11,14,33,0.2347,77.4,2.33,0,0
2025-02-20,Direct,/,Home,33,44,129,0.4387,112.4,2.94,4,2
2025-02-20,Direct,/products,Products,30,33,122,0.4889,81.6,3.69,4,1
2025-02-20,Direct,/pricing,Pricing,18,23,69,0.3519,267.3,2.98,2,3
2025-02-20,Direct,/blog,Blog,22,27,81,0.5458,187.5,2.99,1,1
2025-02-20,Direct,/product-a,Product A,19,22,103,0.3888,173.1,4.66,3,1
2025-02-20,Direct,/product-b,Product B,14,17,64,0.3728,208.6,3.75,0,1
2025-02-20,Direct,/contact,Contact,12,15,40,0.2504,160.6,2.68,1,1
2025-02-20,Direct,/signup,Signup,15,18,45,0.2046,112.3,2.5,1,0
2025-02-20,Direct,/checkout,Checkout,11,15,41,0.1999,198.4,2.73,0,2
2025-02-20,Direct,/thank-you,Thank You,8,10,28,0.2469,223.3,2.84,0,1
2025-02-20,Referral,/,Home,25,28,99,0.4258,138.9,3.54,3,3
2025-02-20,Referral,/products,Products,11,12,43,0.2986,248.9,3.58,0,0
2025-02-20,Referral,/pricing,Pricing,7,9,37,0.2974,198.9,4.09,0,1
2025-02-20,Referral,/blog,Blog,7,11,28,0.4115,233.6,2.58,3,0
2025-02-20,Referral,/product-a,Product A,10,12,53,0.374,242.7,4.38,0,1
2025-02-20,Referral,/product-b,Product B,7,9,34,0.2674,221.3,3.77,2,1
2025-02-20,Referral,/contact,Contact,3,5,18,0.3338,157.5,3.65,0,2
2025-02-20,Referral,/signup,Signup,6,9,25,0.2253,182.9,2.73,0,2
2025-02-20,Referral,/checkout,Checkout,6,8,33,0.08,235.8,4.11,1,1
2025-02-20,Referral,/thank-you,Thank You,2,3,9,0.08,200.7,2.87,0,0
2025-02-20,Organic Social,/,Home,21,24,24,0.687,54.4,1.0,0,1
2025-02-20,Organic Social,/products,Products,21,24,70,0.4768,132.2,2.93,1,1
2025-02-20,Organic Social,/pricing,Pricing,13,16,46,0.4827,148.0,2.88,0,0
2025-02-20,Organic Social,/blog,Blog,14,18,31,0.6886,87.7,1.74,0,0
2025-02-20,Organic Social,/product-a,Product A,6,8,22,0.5028,98.6,2.79,0,0
2025-02-20,Organic Social,/product-b,Product B,9,14,24,0.565,161.8,1.73,0,0
2025-02-20,Organic Social,/contact,Contact,6,9,23,0.4701,93.3,2.52,0,0
2025-02-20,Organic Social,/signup,Signup,6,10,15,0.3475,128.1,1.54,0,1
2025-02-20,Organic Social,/checkout,Checkout,7,11,19,0.3052,64.5,1.71,1,0
2025-02-20,Organic Social,/thank-you,Thank You,4,6,13,0.3385,60.2,2.19,0,1
2025-02-20,Paid Social,/,Home,17,24,36,0.662,126.1,1.5,0,0
2025-02-20,Paid Social,/products,Products,9,12,30,0.6018,87.3,2.48,0,0
2025-02-20,Paid Social,/pricing,Pricing,7,9,26,0.5236,90.9,2.94,0,0
2025-02-20,Paid Social,/blog,Blog,14,19,35,0.7098,96.9,1.85,2,0
2025-02-20,Paid Social,/product-a,Product A,13,14,34,0.6199,103.3,2.4,0,0
2025-02-20,Paid Social,/product-b,Product B,9,10,36,0.559,111.8,3.6,0,0
2025-02-20,Paid Social,/contact,Contact,5,7,15,0.5277,82.1,2.11,0,0
2025-02-20,Paid Social,/signup,Signup,5,6,11,0.4045,59.5,1.83,0,1
2025-02-20,Paid Social,/checkout,Checkout,6,9,9,0.3649,72.0,1.04,0,1
2025-02-20,Paid Social,/thank-you,Thank You,3,4,8,0.3822,97.8,1.97,0,0
2025-02-20,Email,/,Home,8,12,38,0.2674,188.4,3.15,1,0
2025-02-20,Email,/products,Products,6,10,35,0.3623,264.2,3.54,0,1
2025-02-20,Email,/pricing,Pricing,6,8,33,0.2353,184.6,4.09,0,0
2025-02-20,Email,/blog,Blog,5,7,21,0.4192,207.7,2.98,0,0
2025-02-20,Email,/product-a,Product A,5,8,33,0.2266,275.7,4.14,0,1
2025-02-20,Email,/product-b,Product B,5,6,26,0.2673,191.6,4.35,0,0
2025-02-20,Email,/contact,Contact,4,5,17,0.1782,204.4,3.49,0,1
2025-02-20,Email,/signup,Signup,3,5,18,0.08,165.5,3.61,2,1
2025-02-20,Email,/checkout,Checkout,5,6,20,0.08,233.6,3.4,0,1
2025-02-20,Email,/thank-you,Thank You,2,3,10,0.1204,128.6,3.46,0,1
2025-02-21,Organic Search,/,Home,89,95,233,0.5039,231.0,2.45,3,0
2025-02-21,Organic Search,/products,Products,42,57,215,0.3044,136.5,3.78,2,5
2025-02-21,Organic Search,/pricing,Pricing,19,23,81,0.2744,155.7,3.52,2,2
2025-02-21,Organic Search,/blog,Blog,44,55,144,0.5861,178.4,2.62,2,3
2025-02-21,Organic Search,/product-a,Product A,21,26,87,0.2251,152.3,3.34,1,1
2025-02-21,Organic Search,/product-b,Product B,22,26,93,0.383,179.5,3.58,2,2
2025-02-21,Organic Search,/contact,Contact,12,16,47,0.2507,163.7,2.94,1,1
2025-02-21,Organic Search,/signup,Signup,33,36,89,0.1565,125.0,2.48,5,4
2025-02-21,Organic Search,/checkout,Checkout,16,18,51,0.1146,227.5,2.84,2,5
2025-02-21,Organic Search,/thank-you,Thank You,13,16,44,0.08,184.7,2.75,2,2
2025-02-21,Paid Search,/,Home,32,35,55,0.5911,109.3,1.56,2,2
2025-02-21,Paid Search,/products,Products,21,24,51,0.4724,154.2,2.11,2,2
2025-02-21,Paid Search,/pricing,Pricing,18,22,76,0.3711,161.0,3.46,4,0
2025-02-21,Paid Search,/blog,Blog,11,15,18,0.6199,160.9,1.23,0,1
2025-02-21,Paid Search,/product-a,Product A,15,21,61,0.3608,199.3,2.92,2,1
2025-02-21,Paid Search,/product-b,Product B,16,19,67,0.4262,146.3,3.54,0,1
2025-02-21,Paid Search,/contact,Contact,14,16,51,0.3645,115.6,3.17,0,0
2025-02-21,Paid Search,/signup,Signup,16,20,45,0.19,158.8,2.24,1,1
2025-02-21,Paid Search,/checkout,Checkout,7,9,13,0.2598,152.5,1.44,2,0
2025-02-21,Paid Search,/thank-you,Thank You,4,7,13,0.3876,82.9,1.84,1,2
2025-02-21,Direct,/,Home,35,51,115,0.509,156.4,2.25,1,1
2025-02-21,Direct,/products,Products,24,33,85,0.3443,177.6,2.56,0,2
2025-02-21,Direct,/pricing,Pricing,16,23,84,0.2518,156.3,3.66,2,0
2025-02-21,Direct,/blog,Blog,26,29,83,0.4919,145.3,2.87,5,2
2025-02-21,Direct,/product-a,Product A,19,21,65,0.4017,181.8,3.1,2,2
2025-02-21,Direct,/product-b,Product B,10,15,60,0.3612,178.0,4.0,3,0
2025-02-21,Direct,/contact,Contact,11,12,30,0.3183,152.4,2.51,0,0
2025-02-21,Direct,/signup,Signup,15,19,51,0.2734,166.2,2.69,0,2
2025-02-21,Direct,/checkout,Checkout,12,16,43,0.1895,191.6,2.69,0,2
2025-02-21,Direct,/thank-you,Thank You,6,8,26,0.1058,151.5,3.3,0,0
2025-02-21,Referral,/,Home,36,43,117,0.4183,227.4,2.71,1,4
2025-02-21,Referral,/products,Products,21,26,78,0.2802,151.7,2.99,2,3
2025-02-21,Referral,/pricing,Pricing,15,20,65,0.2195,244.8,3.25,2,4
2025-02-21,Referral,/blog,Blog,18,26,66,0.4041,175.3,2.54,1,0
2025-02-21,Referral,/product-a,Product A,11,16,60,0.2706,227.1,3.72,1,1
2025-02-21,Referral,/product-b,Product B,9,12,45,0.2599,200.2,3.73,0,1
2025-02-21,Referral,/contact,Contact,10,15,49,0.2102,157.0,3.29,0,4
2025-02-21,Referral,/signup,Signup,7,9,33,0.1453,186.7,3.7,0,2
2025-02-21,Referral,/checkout,Checkout,10,14,34,0.08,223.3,2.43,3,4
2025-02-21,Referral,/thank-you,Thank You,4,5,18,0.1411,109.2,3.52,0,2
2025-02-21,Organic Social,/,Home,15,19,26,0.5391,161.8,1.36,0,0
2025-02-21,Organic Social,/products,Products,7,10,28,0.5272,82.1,2.77,0,0
2025-02-21,Organic Social,/pricing,Pricing,8,11,27,0.465,159.1,2.42,1,0
2025-02-21,Organic Social,/blog,Blog,9,12,17,0.8143,70.1,1.45,0,0
2025-02-21,Organic Social,/product-a,Product A,4,7,18,0.5452,202.3,2.57,0,0
2025-02-21,Organic Social,/product-b,Product B,7,10,32,0.5524,100.3,3.15,0,0
2025-02-21,Organic Social,/contact,Contact,5,7,13,0.5831,111.5,1.87,0,0
2025-02-21,Organic Social,/signup,Signup,3,5,10,0.4392,93.9,1.9,0,0
2025-02-21,Organic Social,/checkout,Checkout,7,9,18,0.3205,106.7,2.03,0,1
2025-02-21,Organic Social,/thank-you,Thank You,3,5,9,0.2495,46.3,1.84,0,0
2025-02-21,Paid Social,/,Home,14,20,20,0.6105,69.8,1.01,0,2
2025-02-21,Paid Social,/products,Products,15,17,28,0.56,96.3,1.63,1,0
2025-02-21,Paid Social,/pricing,Pricing,8,9,21,0.5269,95.2,2.36,0,0
2025-02-21,Paid Social,/blog,Blog,12,16,24,0.713,89.9,1.48,0,0
2025-02-21,Paid Social,/product-a,Product A,8,12,23,0.5414,50.3,1.91,0,0
2025-02-21,Paid Social,/product-b,Product B,6,7,19,0.4872,130.2,2.76,0,0
2025-02-21,Paid Social,/contact,Contact,9,10,27,0.572,72.2,2.71,0,0
2025-02-21,Paid Social,/signup,Signup,6,7,13,0.4123,86.0,1.9,0,0
2025-02-21,Paid Social,/checkout,Checkout,5,8,18,0.2513,105.2,2.23,0,1
2025-02-21,Paid Social,/thank-you,Thank You,3,5,10,0.3773,58.9,2.03,0,1
2025-02-21,Email,/,Home,7,8,24,0.3887,153.3,2.99,0,1
2025-02-21,Email,/products,Products,5,7,22,0.2274,176.9,3.13,0,0
2025-02-21,Email,/pricing,Pricing,2,3,9,0.2553,223.2,3.11,0,0
2025-02-21,Email,/blog,Blog,4,6,22,0.4879,147.8,3.61,1,0
2025-02-21,Email,/product-a,Product A,5,6,23,0.3081,253.4,3.9,1,0
2025-02-21,Email,/product-b,Product B,2,3,10,0.2486,214.7,3.36,0,0
2025-02-21,Email,/contact,Contact,1,2,8,0.2049,208.2,3.94,0,0
2025-02-21,Email,/signup,Signup,1,2,7,0.1179,227.1,3.34,0,1
2025-02-21,Email,/checkout,Checkout,2,3,14,0.08,234.5,4.5,0,0
2025-02-21,Email,/thank-you,Thank You,1,2,8,0.08,249.6,4.22,0,1
2025-02-22,Organic Search,/,Home,29,39,90,0.4763,178.6,2.31,2,4
2025-02-22,Organic Search,/products,Products,31,34,115,0.4006,189.8,3.37,1,1
2025-02-22,Organic Search,/pricing,Pricing,13,17,66,0.3577,229.3,3.88,1,1
2025-02-22,Organic Search,/blog,Blog,19,26,67,0.5424,185.5,2.57,0,0
2025-02-22,Organic Search,/product-a,Product A,15,19,88,0.3112,186.1,4.63,0,2
2025-02-22,Organic Search,/product-b,Product B,21,29,100,0.2827,184.8,3.44,1,2
2025-02-22,Organic Search,/contact,Contact,17,19,54,0.2359,178.1,2.84,1,0
2025-02-22,Organic Search,/signup,Signup,23,28,75,0.1745,151.0,2.68,4,4
2025-02-22,Organic Search,/checkout,Checkout,14,17,55,0.2373,192.4,3.26,1,3
2025-02-22,Organic Search,/thank-you,Thank You,8,10,26,0.08,161.0,2.58,1,0
2025-02-22,Paid Search,/,Home,16,20,43,0.6254,112.6,2.13,1,3
2025-02-22,Paid Search,/products,Products,13,19,46,0.4722,135.9,2.44,0,2
2025-02-22,Paid Search,/pricing,Pricing,12,14,52,0.3472,165.4,3.7,1,0
2025-02-22,Paid Search,/blog,Blog,13,16,28,0.6106,119.8,1.77,0,2
2025-02-22,Paid Search,/product-a,Product A,10,13,46,0.3725,185.6,3.55,2,2
2025-02-22,Paid Search,/product-b,Product B,9,13,45,0.5034,131.1,3.44,0,3
2025-02-22,Paid Search,/contact,Contact,4,7,16,0.2719,146.4,2.26,0,2
2025-02-22,Paid Search,/signup,Signup,7,9,17,0.3674,110.8,1.91,1,1
2025-02-22,Paid Search,/checkout,Checkout,11,13,31,0.2189,95.0,2.35,1,2
2025-02-22,Paid Search,/thank-you,Thank You,2,4,11,0.3206,122.6,2.7,0,1
2025-02-22,Direct,/,Home,25,37,91,0.4003,155.6,2.45,2,2
2025-02-22,Direct,/products,Products,15,20,68,0.4892,216.6,3.42,2,0
2025-02-22,Direct,/pricing,Pricing,11,15,40,0.3892,176.8,2.67,2,1
2025-02-22,Direct,/blog,Blog,14,16,40,0.6021,104.9,2.52,1,1
2025-02-22,Direct,/product-a,Product A,7,10,41,0.443,231.4,4.14,0,0
2025-02-22,Direct,/product-b,Product B,7,10,39,0.394,230.0,3.92,1,0
2025-02-22,Direct,/contact,Contact,5,8,21,0.203,140.7,2.63,0,0
2025-02-22,Direct,/signup,Signup,9,12,30,0.3049,152.4,2.46,0,0
2025-02-22,Direct,/checkout,Checkout,6,9,28,0.3842,254.3,3.06,0,0
2025-02-22,Direct,/thank-you,Thank You,3,4,9,0.1266,167.1,2.28,1,0
2025-02-22,Referral,/,Home,13,16,58,0.335,201.9,3.65,1,3
2025-02-22,Referral,/products,Products,10,14,56,0.3385,177.6,4.01,1,2
2025-02-22,Referral,/pricing,Pricing,8,11,43,0.2694,213.1,3.93,0,0
2025-02-22,Referral,/blog,Blog,4,7,25,0.5077,140.4,3.53,1,0
2025-02-22,Referral,/product-a,Product A,6,7,31,0.3438,260.2,4.41,0,0
2025-02-22,Referral,/product-b,Product B,3,5,22,0.3953,178.9,4.45,0,0
2025-02-22,Referral,/contact,Contact,3,4,13,0.2219,150.1,3.22,0,0
2025-02-22,Referral,/signup,Signup,5,6,23,0.1109,140.2,3.85,0,0
2025-02-22,Referral,/checkout,Checkout,5,7,19,0.1889,260.7,2.69,1,3
2025-02-22,Referral,/thank-you,Thank You,3,4,7,0.1547,184.7,1.65,0,1
2025-02-22,Organic Social,/,Home,18,24,41,0.598,94.7,1.73,0,1
2025-02-22,Organic Social,/products,Products,13,17,52,0.657,65.4,3.05,0,0
2025-02-22,Organic Social,/pricing,Pricing,12,13,35,0.4772,107.1,2.73,0,0
2025-02-22,Organic Social,/blog,Blog,5,8,13,0.5607,103.4,1.68,0,0
2025-02-22,Organic Social,/product-a,Product A,8,11,28,0.5192,103.1,2.59,1,0
2025-02-22,Organic Social,/product-b,Product B,9,10,29,0.5958,144.1,2.88,1,0
2025-02-22,Organic Social,/contact,Contact,4,5,5,0.4992,49.6,1.0,0,1
2025-02-22,Organic Social,/signup,Signup,7,9,19,0.3137,70.0,2.12,0,0
2025-02-22,Organic Social,/checkout,Checkout,4,6,13,0.4221,113.1,2.14,0,0
2025-02-22,Organic Social,/thank-you,Thank You,2,4,12,0.2665,112.6,3.05,0,0
2025-02-22,Paid Social,/,Home,7,11,14,0.7721,116.3,1.28,0,0
2025-02-22,Paid Social,/products,Products,7,9,19,0.6037,46.0,2.16,1,0
2025-02-22,Paid Social,/pricing,Pricing,2,4,8,0.6747,146.7,2.11,0,0
2025-02-22,Paid Social,/blog,Blog,4,6,8,0.7339,137.8,1.38,0,1
2025-02-22,Paid Social,/product-a,Product A,4,6,16,0.6024,142.8,2.75,0,0
2025-02-22,Paid Social,/product-b,Product B,4,5,9,0.556,53.6,1.79,0,0
2025-02-22,Paid Social,/contact,Contact,2,3,3,0.4823,71.0,1.0,0,1
2025-02-22,Paid Social,/signup,Signup,3,4,5,0.5079,96.7,1.36,0,0
2025-02-22,Paid Social,/checkout,Checkout,1,2,4,0.3771,135.2,1.84,0,0
2025-02-22,Paid Social,/thank-you,Thank You,1,1,1,0.3647,73.0,1.31,0,0
2025-02-22,Email,/,Home,10,13,45,0.3811,206.4,3.47,0,2
2025-02-22,Email,/products,Products,5,6,30,0.3098,206.3,4.96,0,0
2025-02-22,Email,/pricing,Pricing,4,5,15,0.2653,287.6,3.09,2,0
2025-02-22,Email,/blog,Blog,3,4,11,0.4546,192.7,2.77,2,0
2025-02-22,Email,/product-a,Product A,3,4,18,0.285,253.6,4.54,0,1
2025-02-22,Email,/product-b,Product B,2,3,13,0.1873,219.8,4.3,0,0
2025-02-22,Email,/contact,Contact,1,2,6,0.2366,231.8,3.22,0,1
2025-02-22,Email,/signup,Signup,2,4,11,0.1128,190.8,2.73,0,1
2025-02-22,Email,/checkout,Checkout,2,3,9,0.08,252.9,3.09,2,0
2025-02-22,Email,/thank-you,Thank You,1,1,3,0.08,179.1,3.31,0,0
2025-02-23,Organic Search,/,Home,33,46,132,0.4048,139.2,2.87,6,4
2025-02-23,Organic Search,/products,Products,35,46,179,0.2284,168.8,3.9,1,1
2025-02-23,Organic Search,/pricing,Pricing,17,23,90,0.2029,206.0,3.91,0,3
2025-02-23,Organic Search,/blog,Blog,36,49,107,0.4924,142.6,2.18,3,2
2025-02-23,Organic Search,/product-a,Product A,30,34,90,0.2949,254.4,2.65,2,1
2025-02-23,Organic Search,/product-b,Product B,24,29,120,0.3644,174.5,4.13,5,0
2025-02-23,Organic Search,/contact,Contact,21,26,64,0.2631,218.4,2.46,2,1
2025-02-23,Organic Search,/signup,Signup,15,20,50,0.2149,124.5,2.5,0,3
2025-02-23,Organic Search,/checkout,Checkout,11,15,44,0.094,190.4,2.92,2,3
2025-02-23,Organic Search,/thank-you,Thank You,7,10,24,0.1641,173.2,2.36,3,0
2025-02-23,Paid Search,/,Home,28,38,62,0.5743,136.0,1.62,1,3
2025-02-23,Paid Search,/products,Products,17,24,99,0.4555,118.6,4.14,3,0
2025-02-23,Paid Search,/pricing,Pricing,15,20,54,0.4756,112.5,2.72,2,1
2025-02-23,Paid Search,/blog,Blog,25,27,71,0.6007,117.9,2.63,2,1
2025-02-23,Paid Search,/product-a,Product A,19,24,87,0.4978,130.2,3.64,2,0
2025-02-23,Paid Search,/product-b,Product B,17,20,63,0.3986,146.5,3.17,0,1
2025-02-23,Paid Search,/contact,Contact,10,12,30,0.4102,162.4,2.47,0,1
2025-02-23,Paid Search,/signup,Signup,11,13,21,0.3696,93.7,1.63,2,5
2025-02-23,Paid Search,/checkout,Checkout,7,9,22,0.239,160.0,2.47,1,0
2025-02-23,Paid Search,/thank-you,Thank You,6,7,13,0.2928,127.0,1.82,1,1
2025-02-23,Direct,/,Home,24,27,67,0.5521,174.9,2.49,0,2
2025-02-23,Direct,/products,Products,30,34,100,0.2193,173.8,2.94,2,2
2025-02-23,Direct,/pricing,Pricing,13,15,52,0.342,203.4,3.45,0,0
2025-02-23,Direct,/blog,Blog,14,18,56,0.5698,164.0,3.09,0,0
2025-02-23,Direct,/product-a,Product A,14,17,52,0.5404,199.3,3.07,0,0
2025-02-23,Direct,/product-b,Product B,11,14,48,0.3495,210.1,3.44,0,2
2025-02-23,Direct,/contact,Contact,6,10,24,0.2992,72.9,2.35,0,0
2025-02-23,Direct,/signup,Signup,13,18,39,0.2493,172.7,2.18,1,2
2025-02-23,Direct,/checkout,Checkout,12,15,41,0.2279,173.7,2.71,0,1
2025-02-23,Direct,/thank-you,Thank You,3,5,14,0.3636,106.0,2.79,0,1
2025-02-23,Referral,/,Home,17,20,66,0.3746,108.3,3.31,1,2
2025-02-23,Referral,/products,Products,7,11,48,0.2711,193.1,4.39,1,0
2025-02-23,Referral,/pricing,Pricing,8,11,47,0.236,198.7,4.24,0,0
2025-02-23,Referral,/blog,Blog,10,11,29,0.4207,218.1,2.65,0,0
2025-02-23,Referral,/product-a,Product A,11,16,67,0.2376,245.0,4.18,3,2
2025-02-23,Referral,/product-b,Product B,11,13,55,0.3059,234.4,4.24,1,1
2025-02-23,Referral,/contact,Contact,6,9,28,0.2697,171.2,3.16,0,1
2025-02-23,Referral,/signup,Signup,8,11,26,0.1018,174.8,2.39,1,2
2025-02-23,Referral,/checkout,Checkout,7,10,28,0.1095,214.8,2.78,1,2
2025-02-23,Referral,/thank-you,Thank You,2,4,13,0.0922,157.7,3.25,1,1
2025-02-23,Organic Social,/,Home,15,17,25,0.6406,33.3,1.46,0,0
2025-02-23,Organic Social,/products,Products,10,12,42,0.4981,113.3,3.53,0,2
2025-02-23,Organic Social,/pricing,Pricing,6,9,21,0.5452,150.7,2.38,0,0
2025-02-23,Organic Social,/blog,Blog,9,12,27,0.7295,69.0,2.26,0,0
2025-02-23,Organic Social,/product-a,Product A,4,7,22,0.5499,37.6,3.16,0,0
2025-02-23,Organic Social,/product-b,Product B,2,4,13,0.6011,107.2,3.13,0,0
2025-02-23,Organic Social,/contact,Contact,2,3,5,0.3494,107.8,1.77,0,0
2025-02-23,Organic Social,/signup,Signup,4,6,11,0.4513,64.0,1.9,0,0
2025-02-23,Organic Social,/checkout,Checkout,3,4,4,0.3497,187.7,1.0,0,0
2025-02-23,Organic Social,/thank-you,Thank You,1,2,3,0.3763,108.4,1.57,0,0
2025-02-23,Paid Social,/,Home,9,11,15,0.6811,30.2,1.36,0,0
2025-02-23,Paid Social,/products,Products,8,10,26,0.6999,129.2,2.64,0,0
2025-02-23,Paid Social,/pricing,Pricing,4,5,11,0.5629,138.8,2.29,0,0
2025-02-23,Paid Social,/blog,Blog,4,6,7,0.6938,157.5,1.15,0,0
2025-02-23,Paid Social,/product-a,Product A,4,6,17,0.5366,128.2,2.89,0,0
2025-02-23,Paid Social,/product-b,Product B,2,3,8,0.5686,47.1,2.81,0,0
2025-02-23,Paid Social,/contact,Contact,1,2,2,0.5208,120.2,1.16,0,0
2025-02-23,Paid Social,/signup,Signup,4,5,9,0.4579,102.1,1.72,0,1
2025-02-23,Paid Social,/checkout,Checkout,4,5,12,0.4782,103.5,2.48,0,0
2025-02-23,Paid Social,/thank-you,Thank You,1,2,2,0.3108,79.6,1.0,0,0
2025-02-23,Email,/,Home,9,13,43,0.3229,265.8,3.28,1,4
2025-02-23,Email,/products,Products,4,6,27,0.3259,182.8,4.45,0,0
2025-02-23,Email,/pricing,Pricing,2,3,12,0.1884,218.7,3.85,0,0
2025-02-23,Email,/blog,Blog,7,8,22,0.4671,184.3,2.7,0,0
2025-02-23,Email,/product-a,Product A,3,4,18,0.3476,250.2,4.48,0,2
2025-02-23,Email,/product-b,Product B,3,4,18,0.3214,257.9,4.55,0,0
2025-02-23,Email,/contact,Contact,2,3,9,0.1579,208.3,3.14,0,0
2025-02-23,Email,/signup,Signup,3,4,14,0.08,174.2,3.4,1,1
2025-02-23,Email,/checkout,Checkout,3,4,15,0.08,242.5,3.68,1,0
2025-02-23,Email,/thank-you,Thank You,1,2,6,0.08,227.0,3.25,1,1
2025-02-24,Organic Search,/,Home,40,53,121,0.4388,204.3,2.29,3,2
2025-02-24,Organic Search,/products,Products,31,36,111,0.3174,169.1,3.08,2,1
2025-02-24,Organic Search,/pricing,Pricing,20,28,117,0.3588,198.1,4.16,2,4
2025-02-24,Organic Search,/blog,Blog,12,18,47,0.452,171.7,2.61,0,2
2025-02-24,Organic Search,/product-a,Product A,19,21,87,0.3447,277.6,4.16,4,1
2025-02-24,Organic Search,/product-b,Product B,14,16,40,0.3138,166.6,2.5,2,1
2025-02-24,Organic Search,/contact,Contact,10,12,31,0.2133,178.6,2.6,0,1
2025-02-24,Organic Search,/signup,Signup,9,14,48,0.1971,108.0,3.42,0,3
2025-02-24,Organic Search,/checkout,Checkout,8,12,32,0.3322,225.7,2.7,2,1
2025-02-24,Organic Search,/thank-you,Thank You,4,5,13,0.104,172.5,2.55,1,1
2025-02-24,Paid Search,/,Home,18,23,62,0.4962,88.6,2.67,0,1
2025-02-24,Paid Search,/products,Products,20,25,61,0.5077,101.3,2.44,2,2
2025-02-24,Paid Search,/pricing,Pricing,9,12,39,0.4202,137.1,3.26,0,1
2025-02-24,Paid Search,/blog,Blog,12,16,44,0.6183,103.1,2.76,2,0
2025-02-24,Paid Search,/product-a,Product A,13,16,47,0.4307,189.1,2.92,1,1
2025-02-24,Paid Search,/product-b,Product B,9,12,43,0.5029,145.3,3.61,0,0
2025-02-24,Paid Search,/contact,Contact,4,6,8,0.4518,129.7,1.3,0,0
2025-02-24,Paid Search,/signup,Signup,5,7,18,0.3519,193.7,2.62,1,0
2025-02-24,Paid Search,/checkout,Checkout,6,8,23,0.3573,175.3,2.86,1,1
2025-02-24,Paid Search,/thank-you,Thank You,4,6,9,0.3186,75.1,1.52,0,0
2025-02-24,Direct,/,Home,38,44,75,0.5213,157.4,1.71,2,2
2025-02-24,Direct,/products,Products,12,18,70,0.4257,184.8,3.86,0,1
2025-02-24,Direct,/pricing,Pricing,11,13,48,0.4129,159.4,3.72,0,1
2025-02-24,Direct,/blog,Blog,12,15,35,0.4827,176.9,2.3,0,0
2025-02-24,Direct,/product-a,Product A,14,16,59,0.4222,175.5,3.67,0,0
2025-02-24,Direct,/product-b,Product B,11,14,58,0.4156,167.7,4.13,1,0
2025-02-24,Direct,/contact,Contact,10,13,33,0.3644,177.1,2.57,0,0
2025-02-24,Direct,/signup,Signup,6,10,23,0.282,143.3,2.28,2,3
2025-02-24,Direct,/checkout,Checkout,7,9,19,0.2297,151.1,2.16,1,1
2025-02-24,Direct,/thank-you,Thank You,6,7,21,0.2854,147.5,2.96,1,1
2025-02-24,Referral,/,Home,14,17,40,0.3802,160.6,2.37,1,1
2025-02-24,Referral,/products,Products,10,13,62,0.4044,130.3,4.77,1,2
2025-02-24,Referral,/pricing,Pricing,10,12,41,0.2882,190.7,3.41,2,1
2025-02-24,Referral,/blog,Blog,5,8,24,0.3774,139.5,3.01,1,1
2025-02-24,Referral,/product-a,Product A,5,7,30,0.393,185.1,4.25,1,0
2025-02-24,Referral,/product-b,Product B,6,7,23,0.3842,245.8,3.28,0,0
2025-02-24,Referral,/contact,Contact,5,6,20,0.0875,148.6,3.38,0,1
2025-02-24,Referral,/signup,Signup,5,8,24,0.1843,137.0,2.94,2,0
2025-02-24,Referral,/checkout,Checkout,6,8,23,0.08,189.3,2.86,0,0
2025-02-24,Referral,/thank-you,Thank You,3,5,18,0.08,155.1,3.54,1,3
2025-02-24,Organic Social,/,Home,8,10,21,0.7173,47.3,2.09,0,0
2025-02-24,Organic Social,/products,Products,8,9,27,0.5953,134.2,3.05,0,1
2025-02-24,Organic Social,/pricing,Pricing,7,9,20,0.4773,119.8,2.21,0,0
2025-02-24,Organic Social,/blog,Blog,7,8,8,0.6515,107.6,1.0,0,0
2025-02-24,Organic Social,/product-a,Product A,6,8,21,0.593,95.9,2.64,0,0
2025-02-24,Organic Social,/product-b,Product B,3,4,12,0.5249,212.7,3.11,0,0
2025-02-24,Organic Social,/contact,Contact,4,7,15,0.454,138.1,2.13,0,0
2025-02-24,Organic Social,/signup,Signup,5,7,11,0.4161,80.9,1.56,1,0
2025-02-24,Organic Social,/checkout,Checkout,5,6,17,0.3605,66.4,2.86,0,0
2025-02-24,Organic Social,/thank-you,Thank You,3,4,4,0.2641,127.6,1.0,0,0
2025-02-24,Paid Social,/,Home,7,10,16,0.6976,178.2,1.6,0,0
2025-02-24,Paid Social,/products,Products,4,5,12,0.6061,90.4,2.44,0,0
2025-02-24,Paid Social,/pricing,Pricing,4,5,10,0.5195,101.3,2.0,0,0
2025-02-24,Paid Social,/blog,Blog,4,5,5,0.8425,73.3,1.05,0,0
2025-02-24,Paid Social,/product-a,Product A,2,3,8,0.6008,171.9,2.52,0,0
2025-02-24,Paid Social,/product-b,Product B,2,3,7,0.5564,126.3,2.17,0,0
2025-02-24,Paid Social,/contact,Contact,1,2,2,0.456,72.1,1.0,0,0
2025-02-24,Paid Social,/signup,Signup,1,2,3,0.307,160.8,1.48,0,0
2025-02-24,Paid Social,/checkout,Checkout,3,4,12,0.4206,78.8,2.9,0,0
2025-02-24,Paid Social,/thank-you,Thank You,1,1,2,0.3911,129.6,1.93,0,0
2025-02-24,Email,/,Home,4,5,14,0.2942,169.2,2.86,0,0
2025-02-24,Email,/products,Products,3,4,17,0.2362,239.8,4.37,0,0
2025-02-24,Email,/pricing,Pricing,3,4,18,0.2364,267.9,4.46,0,0
2025-02-24,Email,/blog,Blog,2,3,10,0.2713,180.7,3.4,0,0
2025-02-24,Email,/product-a,Product A,3,4,12,0.2492,205.9,3.04,0,2
2025-02-24,Email,/product-b,Product B,2,3,12,0.2665,191.2,4.02,0,0
2025-02-24,Email,/contact,Contact,1,2,9,0.2966,190.8,4.7,1,1
2025-02-24,Email,/signup,Signup,1,2,9,0.1091,187.6,4.4,0,1
2025-02-24,Email,/checkout,Checkout,1,2,5,0.1657,246.9,2.61,0,0
2025-02-24,Email,/thank-you,Thank You,1,1,4,0.1145,201.8,3.67,0,0
2025-02-25,Organic Search,/,Home,25,37,88,0.5054,167.8,2.39,2,1
2025-02-25,Organic Search,/products,Products,26,30,140,0.3913,193.8,4.67,1,1
2025-02-25,Organic Search,/pricing,Pricing,20,25,84,0.1797,163.9,3.35,0,0
2025-02-25,Organic Search,/blog,Blog,31,34,110,0.31,191.1,3.23,3,3
2025-02-25,Organic Search,/product-a,Product A,26,31,93,0.3204,207.7,2.99,1,3
2025-02-25,Organic Search,/product-b,Product B,19,24,82,0.3946,245.2,3.4,0,3
2025-02-25,Organic Search,/contact,Contact,18,21,51,0.2164,150.2,2.41,3,1
2025-02-25,Organic Search,/signup,Signup,24,29,61,0.3086,153.5,2.12,3,4
2025-02-25,Organic Search,/checkout,Checkout,10,14,44,0.132,185.5,3.14,0,0
2025-02-25,Organic Search,/thank-you,Thank You,7,8,24,0.2273,185.8,2.97,1,0
2025-02-25,Paid Search,/,Home,29,39,109,0.5596,129.9,2.79,2,5
2025-02-25,Paid Search,/products,Products,16,21,79,0.3811,166.9,3.77,0,2
2025-02-25,Paid Search,/pricing,Pricing,13,18,53,0.3837,207.2,2.94,0,2
2025-02-25,Paid Search,/blog,Blog,24,32,69,0.6719,156.5,2.16,2,4
2025-02-25,Paid Search,/product-a,Product A,15,23,81,0.4167,148.3,3.51,0,0
2025-02-25,Paid Search,/product-b,Product B,15,19,68,0.3745,185.3,3.58,0,2
2025-02-25,Paid Search,/contact,Contact,13,17,41,0.4206,105.0,2.4,1,1
2025-02-25,Paid Search,/signup,Signup,17,20,27,0.3173,253.9,1.35,2,2
2025-02-25,Paid Search,/checkout,Checkout,7,11,27,0.2141,161.9,2.43,0,0
2025-02-25,Paid Search,/thank-you,Thank You,6,9,14,0.3167,81.7,1.55,2,0
2025-02-25,Direct,/,Home,38,43,118,0.568,182.5,2.74,2,0
2025-02-25,Direct,/products,Products,14,18,59,0.4004,216.4,3.27,0,2
2025-02-25,Direct,/pricing,Pricing,15,22,65,0.4293,245.3,2.95,1,0
2025-02-25,Direct,/blog,Blog,16,22,62,0.4527,170.4,2.8,1,4
2025-02-25,Direct,/product-a,Product A,11,16,55,0.4471,111.4,3.43,1,0
2025-02-25,Direct,/product-b,Product B,12,14,37,0.3911,185.4,2.62,0,1
2025-02-25,Direct,/contact,Contact,10,12,33,0.3496,180.8,2.77,1,0
2025-02-25,Direct,/signup,Signup,11,14,36,0.3146,132.5,2.56,0,1
2025-02-25,Direct,/checkout,Checkout,8,10,19,0.2557,113.4,1.95,2,0
2025-02-25,Direct,/thank-you,Thank You,3,5,13,0.2129,107.9,2.53,0,1
2025-02-25,Referral,/,Home,16,23,58,0.3658,218.2,2.52,0,3
2025-02-25,Referral,/products,Products,17,21,49,0.3981,182.9,2.32,3,3
2025-02-25,Referral,/pricing,Pricing,9,10,34,0.287,233.3,3.44,0,1
2025-02-25,Referral,/blog,Blog,9,13,31,0.4714,182.0,2.42,1,1
2025-02-25,Referral,/product-a,Product A,6,9,39,0.2927,217.8,4.31,0,0
2025-02-25,Referral,/product-b,Product B,7,10,39,0.4088,262.4,3.92,0,2
2025-02-25,Referral,/contact,Contact,6,8,23,0.2519,144.2,2.83,0,1
2025-02-25,Referral,/signup,Signup,8,10,28,0.2379,171.4,2.8,1,1
2025-02-25,Referral,/checkout,Checkout,6,8,26,0.144,288.3,3.23,0,1
2025-02-25,Referral,/thank-you,Thank You,2,3,10,0.1257,211.3,3.46,0,0
2025-02-25,Organic Social,/,Home,14,19,37,0.6583,71.5,1.95,1,1
2025-02-25,Organic Social,/products,Products,13,15,27,0.5177,77.2,1.83,0,0
2025-02-25,Organic Social,/pricing,Pricing,11,13,40,0.494,177.0,3.05,0,0
2025-02-25,Organic Social,/blog,Blog,9,12,16,0.6552,119.3,1.34,0,0
2025-02-25,Organic Social,/product-a,Product A,6,9,30,0.4827,60.5,3.34,0,0
2025-02-25,Organic Social,/product-b,Product B,4,6,12,0.4949,121.0,2.06,0,0
2025-02-25,Organic Social,/contact,Contact,4,6,17,0.418,126.8,2.83,0,0
2025-02-25,Organic Social,/signup,Signup,4,6,13,0.2653,64.0,2.21,1,0
2025-02-25,Organic Social,/checkout,Checkout,4,6,10,0.2955,184.3,1.73,0,0
2025-02-25,Organic Social,/thank-you,Thank You,2,3,7,0.3728,103.9,2.29,0,0
2025-02-25,Paid Social,/,Home,14,16,22,0.7116,114.3,1.36,1,0
2025-02-25,Paid Social,/products,Products,12,15,47,0.6375,61.9,3.11,0,1
2025-02-25,Paid Social,/pricing,Pricing,4,5,11,0.4725,112.5,2.13,0,0
2025-02-25,Paid Social,/blog,Blog,5,7,12,0.7094,101.4,1.69,1,0
2025-02-25,Paid Social,/product-a,Product A,7,9,24,0.6147,105.9,2.65,0,0
2025-02-25,Paid Social,/product-b,Product B,4,5,14,0.6603,141.0,2.7,0,0
2025-02-25,Paid Social,/contact,Contact,4,6,6,0.479,88.7,1.0,0,0
2025-02-25,Paid Social,/signup,Signup,3,4,6,0.5837,61.8,1.56,0,1
2025-02-25,Paid Social,/checkout,Checkout,2,4,7,0.3183,147.5,1.79,0,0
2025-02-25,Paid Social,/thank-you,Thank You,3,4,7,0.3933,79.5,1.79,1,0
2025-02-25,Email,/,Home,8,11,41,0.3368,226.6,3.74,1,0
2025-02-25,Email,/products,Products,3,4,18,0.2322,186.0,4.56,0,0
2025-02-25,Email,/pricing,Pricing,2,3,11,0.218,280.2,3.77,0,2
2025-02-25,Email,/blog,Blog,5,6,19,0.3408,207.9,3.15,0,1
2025-02-25,Email,/product-a,Product A,2,3,12,0.1854,210.4,4.06,1,0
2025-02-25,Email,/product-b,Product B,3,4,11,0.2462,297.2,2.71,0,1
2025-02-25,Email,/contact,Contact,2,3,7,0.1548,157.5,2.4,0,0
2025-02-25,Email,/signup,Signup,3,4,14,0.16,198.1,3.58,0,0
2025-02-25,Email,/checkout,Checkout,1,2,8,0.1394,276.2,3.77,0,0
2025-02-25,Email,/thank-you,Thank You,1,1,3,0.08,255.0,2.65,0,0
2025-02-26,Organic Search,/,Home,42,60,178,0.6409,200.9,2.97,4,3
2025-02-26,Organic Search,/products,Products,30,35,128,0.2421,171.9,3.65,1,4
2025-02-26,Organic Search,/pricing,Pricing,27,37,110,0.3045,195.4,2.96,0,1
2025-02-26,Organic Search,/blog,Blog,27,40,123,0.4395,157.3,3.07,2,1
2025-02-26,Organic Search,/product-a,Product A,25,31,99,0.2896,167.1,3.19,1,3
2025-02-26,Organic Search,/product-b,Product B,17,19,52,0.3188,223.5,2.76,0,3
2025-02-26,Organic Search,/contact,Contact,23,28,94,0.3842,107.6,3.37,0,0
2025-02-26,Organic Search,/signup,Signup,17,22,63,0.3483,157.7,2.88,0,3
2025-02-26,Organic Search,/checkout,Checkout,16,23,68,0.0834,216.0,2.94,1,6
2025-02-26,Organic Search,/thank-you,Thank You,8,11,26,0.1539,192.3,2.38,2,2
2025-02-26,Paid Search,/,Home,32,42,94,0.5377,136.2,2.23,6,6
2025-02-26,Paid Search,/products,Products,21,26,73,0.5215,112.9,2.82,1,1
2025-02-26,Paid Search,/pricing,Pricing,21,23,76,0.5358,131.0,3.33,0,1
2025-02-26,Paid Search,/blog,Blog,15,18,33,0.7072,134.4,1.81,1,1
2025-02-26,Paid Search,/product-a,Product A,12,15,47,0.3984,46.1,3.14,2,0
2025-02-26,Paid Search,/product-b,Product B,9,13,45,0.4255,192.6,3.48,1,2
2025-02-26,Paid Search,/contact,Contact,8,10,26,0.2548,192.0,2.56,0,0
2025-02-26,Paid Search,/signup,Signup,10,12,24,0.2964,49.3,1.96,0,3
2025-02-26,Paid Search,/checkout,Checkout,5,8,14,0.3713,142.0,1.74,3,2
2025-02-26,Paid Search,/thank-you,Thank You,6,9,26,0.2242,157.9,2.93,3,0
2025-02-26,Direct,/,Home,23,29,81,0.542,181.4,2.81,3,2
2025-02-26,Direct,/products,Products,24,33,84,0.4612,125.5,2.56,2,3
2025-02-26,Direct,/pricing,Pricing,27,29,54,0.398,173.0,1.88,0,1
2025-02-26,Direct,/blog,Blog,19,23,47,0.5091,135.6,2.05,0,0
2025-02-26,Direct,/product-a,Product A,19,24,77,0.2956,126.9,3.21,1,3
2025-02-26,Direct,/product-b,Product B,13,16,59,0.3407,240.7,3.66,1,1
2025-02-26,Direct,/contact,Contact,16,20,57,0.2961,166.3,2.86,1,0
2025-02-26,Direct,/signup,Signup,18,20,46,0.276,155.8,2.32,1,1
2025-02-26,Direct,/checkout,Checkout,12,17,44,0.2085,193.3,2.6,1,4
2025-02-26,Direct,/thank-you,Thank You,10,11,31,0.1648,190.5,2.85,3,2
2025-02-26,Referral,/,Home,20,26,73,0.4398,187.5,2.81,2,3
2025-02-26,Referral,/products,Products,14,17,62,0.2321,241.7,3.66,0,1
2025-02-26,Referral,/pricing,Pricing,8,11,42,0.2401,233.3,3.82,0,0
2025-02-26,Referral,/blog,Blog,6,9,24,0.6267,179.7,2.65,0,0
2025-02-26,Referral,/product-a,Product A,8,9,34,0.3889,262.5,3.74,0,0
2025-02-26,Referral,/product-b,Product B,10,12,54,0.3354,308.5,4.54,0,1
2025-02-26,Referral,/contact,Contact,5,7,27,0.2268,138.3,3.82,0,1
2025-02-26,Referral,/signup,Signup,6,8,20,0.2629,147.4,2.47,0,2
2025-02-26,Referral,/checkout,Checkout,6,8,22,0.257,165.8,2.78,0,3
2025-02-26,Referral,/thank-you,Thank You,4,5,16,0.1212,185.3,3.15,0,1
2025-02-26,Organic Social,/,Home,18,20,27,0.5146,105.1,1.37,0,0
2025-02-26,Organic Social,/products,Products,9,12,34,0.5774,53.5,2.8,0,0
2025-02-26,Organic Social,/pricing,Pricing,7,10,31,0.4362,139.5,3.08,0,0
2025-02-26,Organic Social,/blog,Blog,11,13,26,0.7472,51.1,1.96,0,2
2025-02-26,Organic Social,/product-a,Product A,4,6,11,0.6335,94.4,1.82,0,0
2025-02-26,Organic Social,/product-b,Product B,5,6,24,0.5752,113.0,3.96,0,0
2025-02-26,Organic Social,/contact,Contact,5,6,14,0.3972,86.4,2.3,0,0
2025-02-26,Organic Social,/signup,Signup,4,5,5,0.3595,114.0,1.06,0,0
2025-02-26,Organic Social,/checkout,Checkout,2,3,6,0.3045,107.3,1.98,0,0
2025-02-26,Organic Social,/thank-you,Thank You,1,2,4,0.3516,38.0,1.83,0,0
2025-02-26,Paid Social,/,Home,11,13,22,0.7535,103.3,1.7,0,0
2025-02-26,Paid Social,/products,Products,8,11,27,0.632,125.5,2.49,0,0
2025-02-26,Paid Social,/pricing,Pricing,5,8,16,0.507,75.7,2.0,0,0
2025-02-26,Paid Social,/blog,Blog,5,7,7,0.7166,84.5,1.02,0,0
2025-02-26,Paid Social,/product-a,Product A,8,9,23,0.4895,166.5,2.59,0,0
2025-02-26,Paid Social,/product-b,Product B,5,7,18,0.4874,142.7,2.61,0,2
2025-02-26,Paid Social,/contact,Contact,3,5,8,0.4333,20.0,1.7,0,0
2025-02-26,Paid Social,/signup,Signup,4,6,14,0.4306,86.8,2.27,0,1
2025-02-26,Paid Social,/checkout,Checkout,4,6,9,0.4818,74.7,1.48,0,0
2025-02-26,Paid Social,/thank-you,Thank You,4,5,5,0.3498,127.9,1.1,0,0
2025-02-26,Email,/,Home,6,9,31,0.358,157.2,3.48,0,1
2025-02-26,Email,/products,Products,7,8,31,0.2197,261.7,3.84,1,0
2025-02-26,Email,/pricing,Pricing,3,5,19,0.1947,234.4,3.85,1,0
2025-02-26,Email,/blog,Blog,3,4,10,0.3925,238.9,2.55,0,0
2025-02-26,Email,/product-a,Product A,4,5,25,0.2401,219.8,4.92,0,1
2025-02-26,Email,/product-b,Product B,3,4,14,0.3683,270.4,3.44,0,0
2025-02-26,Email,/contact,Contact,3,4,12,0.1511,203.5,3.0,0,0
2025-02-26,Email,/signup,Signup,2,4,13,0.08,247.3,3.23,0,1
2025-02-26,Email,/checkout,Checkout,3,4,12,0.08,274.6,3.03,1,0
2025-02-26,Email,/thank-you,Thank You,1,2,6,0.1466,185.4,2.78,1,0
2025-02-27,Organic Search,/,Home,50,64,138,0.3932,145.3,2.15,2,6
2025-02-27,Organic Search,/products,Products,37,44,155,0.2957,203.5,3.52,2,4
2025-02-27,Organic Search,/pricing,Pricing,45,49,197,0.3369,201.2,4.03,3,1
2025-02-27,Organic Search,/blog,Blog,52,56,145,0.5075,149.8,2.59,2,3
2025-02-27,Organic Search,/product-a,Product A,27,30,109,0.2945,215.2,3.63,2,0
2025-02-27,Organic Search,/product-b,Product B,31,39,148,0.3968,184.5,3.79,2,2
2025-02-27,Organic Search,/contact,Contact,17,20,51,0.1917,122.4,2.56,0,1
2025-02-27,Organic Search,/signup,Signup,17,22,57,0.1331,193.5,2.59,4,6
2025-02-27,Organic Search,/checkout,Checkout,15,18,74,0.114,137.6,4.1,0,1
2025-02-27,Organic Search,/thank-you,Thank You,11,17,54,0.1313,153.6,3.2,2,1
2025-02-27,Paid Search,/,Home,22,24,39,0.5235,124.6,1.63,0,0
2025-02-27,Paid Search,/products,Products,15,18,49,0.438,133.7,2.72,1,0
2025-02-27,Paid Search,/pricing,Pricing,13,18,55,0.3893,226.9,3.08,2,0
2025-02-27,Paid Search,/blog,Blog,13,16,28,0.4466,140.1,1.76,0,1
2025-02-27,Paid Search,/product-a,Product A,15,22,56,0.3861,165.6,2.56,2,1
2025-02-27,Paid Search,/product-b,Product B,7,9,27,0.4996,202.1,2.95,0,0
2025-02-27,Paid Search,/contact,Contact,9,11,24,0.281,155.1,2.14,0,0
2025-02-27,Paid Search,/signup,Signup,10,15,31,0.3267,108.5,2.04,1,1
2025-02-27,Paid Search,/checkout,Checkout,10,13,30,0.283,131.6,2.29,2,0
2025-02-27,Paid Search,/thank-you,Thank You,5,7,8,0.1309,83.7,1.18,2,0
2025-02-27,Direct,/,Home,18,25,95,0.498,134.5,3.8,2,3
2025-02-27,Direct,/products,Products,21,27,95,0.4099,132.5,3.54,0,2
2025-02-27,Direct,/pricing,Pricing,12,17,54,0.3752,129.4,3.19,0,0
2025-02-27,Direct,/blog,Blog,17,22,66,0.4695,139.0,2.99,1,2
2025-02-27,Direct,/product-a,Product A,13,18,46,0.3952,159.3,2.57,2,0
2025-02-27,Direct,/product-b,Product B,7,11,36,0.3806,179.6,3.24,0,1
2025-02-27,Direct,/contact,Contact,8,11,22,0.2775,151.8,1.96,0,1
2025-02-27,Direct,/signup,Signup,11,15,48,0.2156,137.7,3.18,1,1
2025-02-27,Direct,/checkout,Checkout,15,17,63,0.277,225.8,3.69,3,1
2025-02-27,Direct,/thank-you,Thank You,4,5,20,0.1226,167.0,3.96,1,0
2025-02-27,Referral,/,Home,15,22,66,0.4752,152.4,3.01,0,1
2025-02-27,Referral,/products,Products,15,17,78,0.347,143.5,4.58,1,0
2025-02-27,Referral,/pricing,Pricing,13,20,83,0.3139,241.5,4.15,1,1
2025-02-27,Referral,/blog,Blog,17,21,67,0.4336,167.7,3.18,3,3
2025-02-27,Referral,/product-a,Product A,14,16,66,0.2999,176.0,4.14,2,1
2025-02-27,Referral,/product-b,Product B,11,15,63,0.3144,219.8,4.21,1,2
2025-02-27,Referral,/contact,Contact,8,11,27,0.1207,151.3,2.43,0,1
2025-02-27,Referral,/signup,Signup,7,11,33,0.1586,185.4,2.99,1,0
2025-02-27,Referral,/checkout,Checkout,6,8,24,0.1712,267.9,3.01,0,1
2025-02-27,Referral,/thank-you,Thank You,5,7,22,0.08,140.1,3.17,1,0
2025-02-27,Organic Social,/,Home,13,20,39,0.6573,71.8,1.94,0,0
2025-02-27,Organic Social,/products,Products,8,13,33,0.4607,48.7,2.5,0,0
2025-02-27,Organic Social,/pricing,Pricing,8,12,44,0.3937,158.0,3.64,0,0
2025-02-27,Organic Social,/blog,Blog,6,10,21,0.6752,63.0,2.15,1,0
2025-02-27,Organic Social,/product-a,Product A,6,8,23,0.4922,157.1,2.82,0,0
2025-02-27,Organic Social,/product-b,Product B,7,9,23,0.4945,85.7,2.61,0,0
2025-02-27,Organic Social,/contact,Contact,7,10,18,0.4048,165.0,1.83,0,1
2025-02-27,Organic Social,/signup,Signup,6,10,19,0.3601,99.7,1.86,0,1
2025-02-27,Organic Social,/checkout,Checkout,9,10,19,0.3312,119.1,1.85,0,1
2025-02-27,Organic Social,/thank-you,Thank You,5,6,13,0.3526,97.3,2.16,1,0
2025-02-27,Paid Social,/,Home,10,13,17,0.6624,81.4,1.33,0,0
2025-02-27,Paid Social,/products,Products,9,13,45,0.6143,49.6,3.48,0,0
2025-02-27,Paid Social,/pricing,Pricing,6,9,11,0.5541,156.3,1.2,0,0
2025-02-27,Paid Social,/blog,Blog,9,11,20,0.6009,87.9,1.84,1,1
2025-02-27,Paid Social,/product-a,Product A,9,11,16,0.5564,97.8,1.44,0,1
2025-02-27,Paid Social,/product-b,Product B,5,7,19,0.5502,99.9,2.65,0,0
2025-02-27,Paid Social,/contact,Contact,5,7,9,0.6605,136.2,1.27,0,0
2025-02-27,Paid Social,/signup,Signup,4,6,11,0.5969,77.8,1.77,0,0
2025-02-27,Paid Social,/checkout,Checkout,4,5,7,0.391,76.0,1.44,1,0
2025-02-27,Paid Social,/thank-you,Thank You,2,3,6,0.3998,133.9,1.94,0,0
2025-02-27,Email,/,Home,7,10,25,0.3832,221.7,2.51,0,2
2025-02-27,Email,/products,Products,4,6,23,0.267,208.5,3.86,0,0
2025-02-27,Email,/pricing,Pricing,4,5,18,0.174,275.3,3.62,0,1
2025-02-27,Email,/blog,Blog,8,9,32,0.5121,176.5,3.5,0,1
2025-02-27,Email,/product-a,Product A,4,5,21,0.2607,278.6,4.22,1,0
2025-02-27,Email,/product-b,Product B,5,6,28,0.2475,227.3,4.75,1,0
2025-02-27,Email,/contact,Contact,2,3,8,0.1729,237.3,2.66,0,1
2025-02-27,Email,/signup,Signup,3,4,16,0.1124,162.5,3.94,2,1
2025-02-27,Email,/checkout,Checkout,2,3,12,0.1005,336.7,3.89,0,1
2025-02-27,Email,/thank-you,Thank You,1,1,2,0.08,216.5,1.91,1,1
2025-02-28,Organic Search,/,Home,50,69,254,0.431,111.3,3.69,5,6
2025-02-28,Organic Search,/products,Products,23,28,91,0.3706,133.0,3.26,2,1
2025-02-28,Organic Search,/pricing,Pricing,21,24,99,0.22,233.2,4.14,2,2
2025-02-28,Organic Search,/blog,Blog,22,27,82,0.4954,181.2,3.02,1,1
2025-02-28,Organic Search,/product-a,Product A,30,35,130,0.4381,217.8,3.7,1,0
2025-02-28,Organic Search,/product-b,Product B,25,28,88,0.4133,181.6,3.15,2,1
2025-02-28,Organic Search,/contact,Contact,9,13,32,0.1773,175.0,2.47,0,1
2025-02-28,Organic Search,/signup,Signup,13,15,42,0.1547,124.4,2.77,2,2
2025-02-28,Organic Search,/checkout,Checkout,10,12,26,0.1401,219.3,2.13,0,1
2025-02-28,Organic Search,/thank-you,Thank You,4,6,15,0.08,180.4,2.5,1,1
2025-02-28,Paid Search,/,Home,35,44,84,0.5772,163.7,1.92,2,8
2025-02-28,Paid Search,/products,Products,19,26,86,0.5046,135.8,3.32,1,2
2025-02-28,Paid Search,/pricing,Pricing,13,19,56,0.4581,184.0,2.94,0,2
2025-02-28,Paid Search,/blog,Blog,18,26,77,0.6227,106.6,2.96,5,0
2025-02-28,Paid Search,/product-a,Product A,17,21,86,0.4583,120.6,4.08,2,2
2025-02-28,Paid Search,/product-b,Product B,11,14,52,0.5109,178.4,3.74,0,0
2025-02-28,Paid Search,/contact,Contact,11,15,48,0.4265,65.8,3.2,0,0
2025-02-28,Paid Search,/signup,Signup,12,17,38,0.2584,53.3,2.25,0,2
2025-02-28,Paid Search,/checkout,Checkout,10,12,29,0.2159,239.2,2.46,0,3
2025-02-28,Paid Search,/thank-you,Thank You,6,9,20,0.337,113.8,2.17,1,1
2025-02-28,Direct,/,Home,29,31,68,0.3975,146.6,2.18,3,0
2025-02-28,Direct,/products,Products,24,33,130,0.2859,194.1,3.94,1,1
2025-02-28,Direct,/pricing,Pricing,10,13,39,0.2353,210.5,3.03,1,1
2025-02-28,Direct,/blog,Blog,18,25,44,0.5186,95.8,1.75,2,0
2025-02-28,Direct,/product-a,Product A,17,25,93,0.4316,171.1,3.71,2,0
2025-02-28,Direct,/product-b,Product B,7,9,27,0.386,176.1,3.05,0,0
2025-02-28,Direct,/contact,Contact,8,12,27,0.2704,156.9,2.27,0,2
2025-02-28,Direct,/signup,Signup,8,10,33,0.177,168.4,3.32,2,3
2025-02-28,Direct,/checkout,Checkout,7,10,30,0.1733,149.5,2.97,2,0
2025-02-28,Direct,/thank-you,Thank You,3,5,9,0.1184,100.7,1.88,0,1
2025-02-28,Referral,/,Home,10,15,41,0.5456,169.4,2.72,0,0
2025-02-28,Referral,/products,Products,10,12,41,0.2849,169.6,3.43,0,0
2025-02-28,Referral,/pricing,Pricing,4,5,20,0.2409,212.2,4.02,1,0
2025-02-28,Referral,/blog,Blog,10,11,32,0.4,218.0,2.92,2,1
2025-02-28,Referral,/product-a,Product A,4,5,22,0.1491,202.1,4.38,0,0
2025-02-28,Referral,/product-b,Product B,5,6,29,0.3102,223.5,4.82,0,1
2025-02-28,Referral,/contact,Contact,3,4,9,0.1917,126.4,2.37,0,1
2025-02-28,Referral,/signup,Signup,4,6,23,0.1508,140.3,3.76,3,3
2025-02-28,Referral,/checkout,Checkout,4,5,20,0.08,192.1,3.91,2,0
2025-02-28,Referral,/thank-you,Thank You,1,2,5,0.099,148.0,2.57,1,1
2025-02-28,Organic Social,/,Home,13,16,25,0.6348,115.1,1.56,0,0
2025-02-28,Organic Social,/products,Products,10,12,25,0.6032,95.6,2.05,0,0
2025-02-28,Organic Social,/pricing,Pricing,7,8,17,0.4728,140.6,2.18,1,1
2025-02-28,Organic Social,/blog,Blog,5,8,20,0.6182,94.3,2.5,0,0
2025-02-28,Organic Social,/product-a,Product A,8,11,20,0.5129,139.2,1.81,0,0
2025-02-28,Organic Social,/product-b,Product B,4,5,11,0.4815,140.2,2.3,1,0
2025-02-28,Organic Social,/contact,Contact,4,6,11,0.531,98.0,1.89,1,0
2025-02-28,Organic Social,/signup,Signup,3,4,8,0.2943,118.2,1.91,0,0
2025-02-28,Organic Social,/checkout,Checkout,5,6,6,0.3988,91.2,1.0,0,0
2025-02-28,Organic Social,/thank-you,Thank You,3,4,9,0.184,111.4,2.25,0,0
2025-02-28,Paid Social,/,Home,13,15,18,0.6968,126.7,1.17,0,1
2025-02-28,Paid Social,/products,Products,4,7,19,0.6762,100.7,2.69,2,0
2025-02-28,Paid Social,/pricing,Pricing,2,4,11,0.4266,124.8,2.74,0,0
2025-02-28,Paid Social,/blog,Blog,5,7,11,0.7424,86.7,1.53,0,0
2025-02-28,Paid Social,/product-a,Product A,3,5,16,0.614,98.2,3.18,0,0
2025-02-28,Paid Social,/product-b,Product B,2,4,9,0.5846,91.5,2.14,0,0
2025-02-28,Paid Social,/contact,Contact,2,3,6,0.4664,23.7,1.92,0,0
2025-02-28,Paid Social,/signup,Signup,3,5,10,0.4799,103.4,1.98,0,0
2025-02-28,Paid Social,/checkout,Checkout,1,2,3,0.363,95.2,1.6,0,0
2025-02-28,Paid Social,/thank-you,Thank You,2,3,7,0.3719,38.5,2.25,0,0
2025-02-28,Email,/,Home,3,4,17,0.4157,220.4,4.34,0,0
2025-02-28,Email,/products,Products,3,5,20,0.3498,251.3,4.02,0,2
2025-02-28,Email,/pricing,Pricing,2,3,14,0.3103,293.2,4.58,0,0
2025-02-28,Email,/blog,Blog,2,3,9,0.2779,166.0,3.05,0,0
2025-02-28,Email,/product-a,Product A,1,2,7,0.2198,240.4,3.55,0,0
2025-02-28,Email,/product-b,Product B,1,2,6,0.2805,260.0,3.08,0,1
2025-02-28,Email,/contact,Contact,1,1,3,0.2373,152.9,3.21,0,0
2025-02-28,Email,/signup,Signup,1,2,7,0.1542,151.2,3.61,0,0
2025-02-28,Email,/checkout,Checkout,1,2,8,0.0987,290.4,3.79,0,1
2025-02-28,Email,/thank-you,Thank You,1,1,3,0.1009,168.6,2.61,0,0
2025-03-01,Organic Search,/,Home,21,31,71,0.4515,208.1,2.3,3,1
2025-03-01,Organic Search,/products,Products,18,22,75,0.4114,201.1,3.41,1,1
2025-03-01,Organic Search,/pricing,Pricing,11,15,54,0.2579,160.1,3.63,1,1
2025-03-01,Organic Search,/blog,Blog,23,28,75,0.4336,216.8,2.67,1,3
2025-03-01,Organic Search,/product-a,Product A,17,23,113,0.3204,195.1,4.92,1,1
2025-03-01,Organic Search,/product-b,Product B,11,17,61,0.3795,175.3,3.61,1,2
2025-03-01,Organic Search,/contact,Contact,12,15,38,0.2181,138.3,2.57,1,2
2025-03-01,Organic Search,/signup,Signup,14,16,47,0.1888,173.7,2.93,2,2
2025-03-01,Organic Search,/checkout,Checkout,6,9,20,0.2678,156.7,2.23,0,0
2025-03-01,Organic Search,/thank-you,Thank You,6,8,21,0.0988,168.8,2.64,0,0
2025-03-01,Paid Search,/,Home,11,16,17,0.5898,135.4,1.05,2,1
2025-03-01,Paid Search,/products,Products,7,9,23,0.4187,92.4,2.6,0,0
2025-03-01,Paid Search,/pricing,Pricing,8,10,29,0.4348,129.2,2.92,1,0
2025-03-01,Paid Search,/blog,Blog,4,6,12,0.5989,114.4,2.0,1,0
2025-03-01,Paid Search,/product-a,Product A,5,7,14,0.4306,197.2,2.01,0,0
2025-03-01,Paid Search,/product-b,Product B,5,7,22,0.3613,171.8,3.11,0,2
2025-03-01,Paid Search,/contact,Contact,3,4,11,0.4307,114.0,2.71,0,1
2025-03-01,Paid Search,/signup,Signup,4,5,9,0.2341,123.8,1.8,2,2
2025-03-01,Paid Search,/checkout,Checkout,2,3,8,0.3511,185.6,2.73,0,0
2025-03-01,Paid Search,/thank-you,Thank You,3,4,11,0.2729,163.7,2.63,0,1
2025-03-01,Direct,/,Home,21,24,71,0.5705,162.9,2.98,0,0
2025-03-01,Direct,/products,Products,14,19,68,0.4858,134.2,3.58,0,0
2025-03-01,Direct,/pricing,Pricing,10,14,42,0.2896,169.0,3.03,1,1
2025-03-01,Direct,/blog,Blog,13,18,54,0.4988,153.6,3.01,0,1
2025-03-01,Direct,/product-a,Product A,11,12,43,0.4323,138.1,3.62,0,0
2025-03-01,Direct,/product-b,Product B,6,8,28,0.433,209.1,3.54,0,0
2025-03-01,Direct,/contact,Contact,6,7,23,0.3137,167.6,3.33,0,0
2025-03-01,Direct,/signup,Signup,10,12,34,0.24,88.2,2.86,0,1
2025-03-01,Direct,/checkout,Checkout,9,11,35,0.2168,190.1,3.2,2,2
2025-03-01,Direct,/thank-you,Thank You,4,6,12,0.15,117.0,1.94,1,0
2025-03-01,Referral,/,Home,13,15,45,0.3712,169.7,3.02,2,3
2025-03-01,Referral,/products,Products,7,9,34,0.3357,215.8,3.74,0,0
2025-03-01,Referral,/pricing,Pricing,4,6,25,0.1706,194.1,4.22,1,0
2025-03-01,Referral,/blog,Blog,7,10,14,0.4442,132.9,1.44,0,2
2025-03-01,Referral,/product-a,Product A,6,8,40,0.2512,215.4,4.99,0,1
2025-03-01,Referral,/product-b,Product B,4,6,22,0.3427,179.9,3.59,0,0
2025-03-01,Referral,/contact,Contact,2,3,9,0.2152,223.6,3.09,0,1
2025-03-01,Referral,/signup,Signup,3,4,9,0.1506,101.0,2.2,2,1
2025-03-01,Referral,/checkout,Checkout,4,6,17,0.1742,240.0,2.87,1,1
2025-03-01,Referral,/thank-you,Thank You,2,3,10,0.1115,116.4,3.47,0,1
2025-03-01,Organic Social,/,Home,5,7,22,0.6704,62.0,3.07,0,0
2025-03-01,Organic Social,/products,Products,4,6,17,0.4789,130.4,2.86,0,0
2025-03-01,Organic Social,/pricing,Pricing,4,5,12,0.5325,90.6,2.36,0,0
2025-03-01,Organic Social,/blog,Blog,5,7,17,0.6686,73.6,2.36,0,0
2025-03-01,Organic Social,/product-a,Product A,4,5,15,0.5219,115.8,3.03,1,0
2025-03-01,Organic Social,/product-b,Product B,3,4,11,0.5874,133.5,2.65,1,0
2025-03-01,Organic Social,/contact,Contact,1,2,3,0.492,104.4,1.7,0,0
2025-03-01,Organic Social,/signup,Signup,1,2,2,0.3948,121.8,1.06,0,0
2025-03-01,Organic Social,/checkout,Checkout,3,4,8,0.3393,87.1,1.9,0,0
2025-03-01,Organic Social,/thank-you,Thank You,1,1,2,0.228,47.1,1.59,0,0
2025-03-01,Paid Social,/,Home,5,6,13,0.6834,62.6,2.12,1,0
2025-03-01,Paid Social,/products,Products,4,5,14,0.6736,80.5,2.88,0,0
2025-03-01,Paid Social,/pricing,Pricing,3,4,8,0.5038,50.6,1.98,1,0
2025-03-01,Paid Social,/blog,Blog,2,3,4,0.7425,46.8,1.21,0,0
2025-03-01,Paid Social,/product-a,Product A,3,4,6,0.6414,181.9,1.55,0,0
2025-03-01,Paid Social,/product-b,Product B,2,3,9,0.6066,157.5,2.95,1,0
2025-03-01,Paid Social,/contact,Contact,3,4,4,0.4956,137.0,1.0,0,0
2025-03-01,Paid Social,/signup,Signup,2,3,5,0.3981,20.0,1.52,0,0
2025-03-01,Paid Social,/checkout,Checkout,2,3,4,0.407,184.5,1.27,0,1
2025-03-01,Paid Social,/thank-you,Thank You,1,1,2,0.2999,20.0,1.9,0,0
2025-03-01,Email,/,Home,5,7,30,0.3267,210.2,4.32,0,1
2025-03-01,Email,/products,Products,4,5,20,0.2547,187.2,4.09,0,1
2025-03-01,Email,/pricing,Pricing,1,2,8,0.2205,252.1,4.23,0,0
2025-03-01,Email,/blog,Blog,3,5,19,0.3016,176.2,3.76,0,0
2025-03-01,Email,/product-a,Product A,2,3,12,0.3066,260.5,4.04,0,0
2025-03-01,Email,/product-b,Product B,1,2,10,0.3039,240.1,4.87,0,1
2025-03-01,Email,/contact,Contact,1,2,10,0.2509,170.6,4.95,0,0
2025-03-01,Email,/signup,Signup,2,3,9,0.08,242.4,2.87,1,2
2025-03-01,Email,/checkout,Checkout,1,2,5,0.08,268.5,2.31,0,0
2025-03-02,Organic Search,/,Home,47,52,170,0.35,128.9,3.27,1,2
2025-03-02,Organic Search,/products,Products,27,34,148,0.4032,123.7,4.34,1,3
2025-03-02,Organic Search,/pricing,Pricing,15,20,84,0.4199,215.1,4.19,1,1
2025-03-02,Organic Search,/blog,Blog,24,31,90,0.5586,201.7,2.92,2,2
2025-03-02,Organic Search,/product-a,Product A,16,20,76,0.2491,233.6,3.78,1,0
2025-03-02,Organic Search,/product-b,Product B,11,16,63,0.3681,211.4,3.93,2,0
2025-03-02,Organic Search,/contact,Contact,9,13,39,0.3074,168.4,3.0,1,1
2025-03-02,Organic Search,/signup,Signup,10,12,33,0.1505,90.6,2.75,0,2
2025-03-02,Organic Search,/checkout,Checkout,9,13,40,0.2477,179.9,3.07,1,4
2025-03-02,Organic Search,/thank-you,Thank You,4,6,19,0.109,213.5,3.12,2,1
2025-03-02,Paid Search,/,Home,19,22,59,0.5021,160.6,2.7,2,1
2025-03-02,Paid Search,/products,Products,7,9,27,0.4861,78.4,2.94,0,1
2025-03-02,Paid Search,/pricing,Pricing,7,9,31,0.344,110.5,3.47,0,1
2025-03-02,Paid Search,/blog,Blog,8,10,23,0.6047,68.4,2.3,0,0
2025-03-02,Paid Search,/product-a,Product A,7,9,24,0.4796,209.4,2.7,1,0
2025-03-02,Paid Search,/product-b,Product B,5,7,17,0.3892,173.9,2.46,0,0
2025-03-02,Paid Search,/contact,Contact,5,8,15,0.2545,170.2,1.84,0,0
2025-03-02,Paid Search,/signup,Signup,3,4,9,0.3281,136.6,2.34,0,0
2025-03-02,Paid Search,/checkout,Checkout,4,5,11,0.3132,128.4,2.15,1,0
2025-03-02,Paid Search,/thank-you,Thank You,3,4,9,0.08,111.9,2.26,0,0
2025-03-02,Direct,/,Home,18,23,43,0.6106,168.9,1.88,1,1
2025-03-02,Direct,/products,Products,12,14,31,0.4516,142.6,2.19,0,1
2025-03-02,Direct,/pricing,Pricing,10,13,46,0.3153,164.5,3.56,1,0
2025-03-02,Direct,/blog,Blog,8,11,32,0.3645,173.4,2.89,0,0
2025-03-02,Direct,/product-a,Product A,12,14,37,0.3421,215.1,2.66,0,0
2025-03-02,Direct,/product-b,Product B,10,14,44,0.3414,136.2,3.12,0,0
2025-03-02,Direct,/contact,Contact,5,6,11,0.2938,152.6,1.85,0,1
2025-03-02,Direct,/signup,Signup,9,11,26,0.2492,139.2,2.37,0,3
2025-03-02,Direct,/checkout,Checkout,9,12,34,0.3288,223.6,2.85,0,0
2025-03-02,Direct,/thank-you,Thank You,4,6,18,0.2045,163.6,2.99,0,0
2025-03-02,Referral,/,Home,14,15,42,0.3752,202.8,2.79,1,2
2025-03-02,Referral,/products,Products,9,12,40,0.3896,199.1,3.34,1,3
2025-03-02,Referral,/pricing,Pricing,5,7,28,0.3204,164.7,4.07,0,0
2025-03-02,Referral,/blog,Blog,6,9,25,0.4223,250.8,2.82,0,0
2025-03-02,Referral,/product-a,Product A,6,7,25,0.2986,200.8,3.58,1,1
2025-03-02,Referral,/product-b,Product B,6,7,28,0.1999,222.2,3.97,0,0
2025-03-02,Referral,/contact,Contact,5,6,21,0.2719,145.9,3.58,1,1
2025-03-02,Referral,/signup,Signup,6,7,22,0.0985,163.0,3.09,1,0
2025-03-02,Referral,/checkout,Checkout,3,4,16,0.1379,257.6,4.01,0,0
2025-03-02,Referral,/thank-you,Thank You,1,2,7,0.08,162.0,3.28,0,0
2025-03-02,Organic Social,/,Home,6,9,18,0.6996,139.2,2.02,0,0
2025-03-02,Organic Social,/products,Products,4,6,16,0.5469,88.0,2.74,0,0
2025-03-02,Organic Social,/pricing,Pricing,4,5,12,0.4502,121.9,2.32,0,0
2025-03-02,Organic Social,/blog,Blog,7,9,18,0.7081,121.9,1.96,0,0
2025-03-02,Organic Social,/product-a,Product A,4,6,16,0.5874,97.2,2.73,0,1
2025-03-02,Organic Social,/product-b,Product B,4,5,12,0.458,128.7,2.47,1,0
2025-03-02,Organic Social,/contact,Contact,4,6,7,0.313,59.1,1.13,1,0
2025-03-02,Organic Social,/signup,Signup,4,6,11,0.3991,45.3,1.76,1,0
2025-03-02,Organic Social,/checkout,Checkout,3,4,9,0.2466,141.5,2.32,0,0
2025-03-02,Organic Social,/thank-you,Thank You,1,2,3,0.3284,111.3,1.51,0,0
2025-03-02,Paid Social,/,Home,6,8,12,0.6618,77.1,1.51,0,0
2025-03-02,Paid Social,/products,Products,3,4,10,0.4777,115.1,2.41,0,0
2025-03-02,Paid Social,/pricing,Pricing,3,4,8,0.6243,164.4,1.95,0,0
2025-03-02,Paid Social,/blog,Blog,2,3,5,0.7607,105.0,1.62,0,0
2025-03-02,Paid Social,/product-a,Product A,1,2,4,0.5303,96.9,2.08,0,0
2025-03-02,Paid Social,/product-b,Product B,2,3,8,0.59,78.8,2.77,0,0
2025-03-02,Paid Social,/contact,Contact,1,1,2,0.5087,50.9,1.62,0,0
2025-03-02,Paid Social,/signup,Signup,2,3,4,0.3917,22.0,1.24,1,0
2025-03-02,Paid Social,/checkout,Checkout,2,3,5,0.4071,154.6,1.62,1,0
2025-03-02,Paid Social,/thank-you,Thank You,1,1,2,0.3132,103.7,1.61,0,0
2025-03-02,Email,/,Home,4,6,16,0.401,213.7,2.74,1,1
2025-03-02,Email,/products,Products,2,3,9,0.3277,177.2,2.85,0,0
2025-03-02,Email,/pricing,Pricing,2,3,14,0.2307,246.2,4.59,0,0
2025-03-02,Email,/blog,Blog,4,5,16,0.3508,97.5,3.18,0,0
2025-03-02,Email,/product-a,Product A,2,3,9,0.2531,243.3,2.96,2,0
2025-03-02,Email,/product-b,Product B,1,2,8,0.19,239.8,3.91,0,0
2025-03-02,Email,/contact,Contact,1,1,3,0.159,232.6,3.2,0,1
2025-03-02,Email,/signup,Signup,1,1,4,0.08,191.2,3.84,0,0
2025-03-02,Email,/checkout,Checkout,1,2,5,0.1093,257.6,2.68,1,0
2025-03-02,Email,/thank-you,Thank You,1,1,4,0.0924,286.1,3.6,0,0
2025-03-03,Organic Search,/,Home,25,33,50,0.4492,188.1,1.51,2,1
2025-03-03,Organic Search,/products,Products,22,26,83,0.2515,127.2,3.2,1,1
2025-03-03,Organic Search,/pricing,Pricing,11,16,62,0.2365,271.7,3.89,0,3
2025-03-03,Organic Search,/blog,Blog,16,24,68,0.4689,210.1,2.81,2,1
2025-03-03,Organic Search,/product-a,Product A,14,17,65,0.3996,174.4,3.82,2,2
2025-03-03,Organic Search,/product-b,Product B,7,9,43,0.3909,193.7,4.79,1,1
2025-03-03,Organic Search,/contact,Contact,9,11,26,0.3189,211.3,2.35,0,2
2025-03-03,Organic Search,/signup,Signup,8,10,30,0.2114,230.4,2.99,2,3
2025-03-03,Organic Search,/checkout,Checkout,10,13,34,0.1371,191.5,2.59,1,1
2025-03-03,Organic Search,/thank-you,Thank You,3,5,11,0.1289,144.5,2.18,0,1
2025-03-03,Paid Search,/,Home,11,15,39,0.4648,161.1,2.63,0,1
2025-03-03,Paid Search,/products,Products,12,15,42,0.5858,194.6,2.81,2,1
2025-03-03,Paid Search,/pricing,Pricing,11,12,45,0.4304,228.7,3.78,1,1
2025-03-03,Paid Search,/blog,Blog,5,8,20,0.6438,181.7,2.48,1,0
2025-03-03,Paid Search,/product-a,Product A,5,7,27,0.3286,172.0,3.89,0,0
2025-03-03,Paid Search,/product-b,Product B,5,7,18,0.5342,136.6,2.62,0,0
2025-03-03,Paid Search,/contact,Contact,6,8,9,0.3501,154.9,1.14,0,0
2025-03-03,Paid Search,/signup,Signup,7,10,25,0.3519,169.5,2.46,3,4
2025-03-03,Paid Search,/checkout,Checkout,5,7,16,0.356,155.7,2.22,0,0
2025-03-03,Paid Search,/thank-you,Thank You,3,4,12,0.3339,130.8,2.9,0,1
2025-03-03,Direct,/,Home,29,32,107,0.4046,194.4,3.35,3,0
2025-03-03,Direct,/products,Products,15,20,73,0.3382,132.9,3.65,1,0
2025-03-03,Direct,/pricing,Pricing,8,10,35,0.3165,215.5,3.49,1,0
2025-03-03,Direct,/blog,Blog,16,18,51,0.5215,196.4,2.82,1,0
2025-03-03,Direct,/product-a,Product A,8,10,30,0.3791,211.7,3.04,1,1
2025-03-03,Direct,/product-b,Product B,8,12,43,0.4762,137.4,3.54,0,1
2025-03-03,Direct,/contact,Contact,9,11,29,0.2823,128.8,2.59,0,2
2025-03-03,Direct,/signup,Signup,10,12,36,0.2137,79.4,2.98,3,5
2025-03-03,Direct,/checkout,Checkout,8,10,16,0.2901,185.9,1.55,2,0
2025-03-03,Direct,/thank-you,Thank You,4,6,19,0.1719,178.8,3.1,1,1
2025-03-03,Referral,/,Home,10,12,38,0.4068,176.7,3.14,2,0
2025-03-03,Referral,/products,Products,5,8,33,0.3178,196.4,4.13,0,1
2025-03-03,Referral,/pricing,Pricing,5,8,26,0.2408,233.2,3.27,0,1
2025-03-03,Referral,/blog,Blog,5,7,21,0.4196,101.8,2.97,0,0
2025-03-03,Referral,/product-a,Product A,5,8,32,0.3553,274.7,4.02,0,0
2025-03-03,Referral,/product-b,Product B,6,8,24,0.3184,223.4,3.03,0,0
2025-03-03,Referral,/contact,Contact,5,8,21,0.1618,206.2,2.62,1,0
2025-03-03,Referral,/signup,Signup,7,9,28,0.1763,179.3,3.16,0,2
2025-03-03,Referral,/checkout,Checkout,2,4,11,0.1134,262.8,2.66,0,1
2025-03-03,Referral,/thank-you,Thank You,3,4,13,0.08,179.3,3.16,0,0
2025-03-03,Organic Social,/,Home,10,13,33,0.6798,124.6,2.51,1,0
2025-03-03,Organic Social,/products,Products,7,8,16,0.4937,102.3,2.01,1,0
2025-03-03,Organic Social,/pricing,Pricing,5,7,22,0.5438,151.6,3.17,0,0
2025-03-03,Organic Social,/blog,Blog,5,7,9,0.6737,150.1,1.35,0,0
2025-03-03,Organic Social,/product-a,Product A,4,6,20,0.4506,120.2,3.25,0,0
2025-03-03,Organic Social,/product-b,Product B,2,3,8,0.5552,153.8,2.69,0,0
2025-03-03,Organic Social,/contact,Contact,5,6,15,0.357,55.3,2.44,0,0
2025-03-03,Organic Social,/signup,Signup,4,6,11,0.4051,90.2,1.8,1,0
2025-03-03,Organic Social,/checkout,Checkout,2,3,5,0.3647,177.6,1.74,0,1
2025-03-03,Organic Social,/thank-you,Thank You,1,2,4,0.322,146.3,1.95,0,0
2025-03-03,Paid Social,/,Home,8,10,11,0.723,115.8,1.13,0,0
2025-03-03,Paid Social,/products,Products,5,6,12,0.5963,135.9,2.07,0,0
2025-03-03,Paid Social,/pricing,Pricing,2,4,11,0.4418,56.8,2.77,0,0
2025-03-03,Paid Social,/blog,Blog,4,6,7,0.6501,89.2,1.22,0,1
2025-03-03,Paid Social,/product-a,Product A,3,4,11,0.5799,80.2,2.63,0,0
2025-03-03,Paid Social,/product-b,Product B,1,2,6,0.5024,134.3,2.92,0,0
2025-03-03,Paid Social,/contact,Contact,2,3,9,0.544,75.1,3.16,0,0
2025-03-03,Paid Social,/signup,Signup,3,4,7,0.5182,26.0,1.81,0,0
2025-03-03,Paid Social,/checkout,Checkout,1,2,3,0.3108,130.6,1.57,0,1
2025-03-03,Paid Social,/thank-you,Thank You,1,1,3,0.5431,117.6,2.82,0,0
2025-03-03,Email,/,Home,5,6,19,0.5397,180.8,3.18,0,1
2025-03-03,Email,/products,Products,4,6,19,0.1727,200.7,3.18,0,1
2025-03-03,Email,/pricing,Pricing,3,5,21,0.2783,316.1,4.27,0,0
2025-03-03,Email,/blog,Blog,3,4,15,0.4173,149.8,3.85,0,1
2025-03-03,Email,/product-a,Product A,3,4,17,0.1889,238.2,4.3,0,0
2025-03-03,Email,/product-b,Product B,2,3,12,0.3538,231.8,4.17,1,0
2025-03-03,Email,/contact,Contact,1,2,4,0.1013,220.1,2.21,0,0
2025-03-03,Email,/signup,Signup,1,2,7,0.08,189.8,3.4,0,0
2025-03-03,Email,/checkout,Checkout,2,3,11,0.12,218.2,3.51,0,0
2025-03-03,Email,/thank-you,Thank You,1,1,4,0.1537,133.7,3.92,0,0
2025-03-04,Organic Search,/,Home,44,48,174,0.3987,116.2,3.62,0,2
2025-03-04,Organic Search,/products,Products,41,51,195,0.3939,155.7,3.83,1,3
2025-03-04,Organic Search,/pricing,Pricing,13,19,72,0.3346,113.2,3.78,0,2
2025-03-04,Organic Search,/blog,Blog,19,25,56,0.5184,177.1,2.24,0,0
2025-03-04,Organic Search,/product-a,Product A,18,27,104,0.3493,232.1,3.87,0,1
2025-03-04,Organic Search,/product-b,Product B,19,21,61,0.2997,206.2,2.88,0,0
2025-03-04,Organic Search,/contact,Contact,21,26,72,0.1674,168.5,2.77,0,2
2025-03-04,Organic Search,/signup,Signup,17,21,59,0.2746,240.0,2.79,2,3
2025-03-04,Organic Search,/checkout,Checkout,22,25,62,0.2321,223.6,2.47,2,3
2025-03-04,Organic Search,/thank-you,Thank You,10,13,29,0.1543,139.4,2.21,1,2
2025-03-04,Paid Search,/,Home,31,40,120,0.582,146.7,3.01,4,4
2025-03-04,Paid Search,/products,Products,17,26,108,0.5284,132.7,4.16,0,4
2025-03-04,Paid Search,/pricing,Pricing,20,23,69,0.3521,117.4,3.01,0,2
2025-03-04,Paid Search,/blog,Blog,29,32,71,0.6736,21.9,2.22,1,1
2025-03-04,Paid Search,/product-a,Product A,14,20,45,0.47,138.9,2.27,2,3
2025-03-04,Paid Search,/product-b,Product B,15,17,59,0.5435,200.0,3.48,0,1
2025-03-04,Paid Search,/contact,Contact,13,14,22,0.3049,148.5,1.57,0,4
2025-03-04,Paid Search,/signup,Signup,13,17,58,0.3151,137.4,3.43,1,1
2025-03-04,Paid Search,/checkout,Checkout,14,16,27,0.2886,198.5,1.67,1,2
2025-03-04,Paid Search,/thank-you,Thank You,5,7,25,0.1971,88.7,3.55,1,1
2025-03-04,Direct,/,Home,33,42,103,0.4,168.8,2.45,1,1
2025-03-04,Direct,/products,Products,33,40,133,0.3826,133.3,3.33,2,3
2025-03-04,Direct,/pricing,Pricing,21,28,97,0.327,147.7,3.48,0,2
2025-03-04,Direct,/blog,Blog,33,42,107,0.5229,146.4,2.54,2,0
2025-03-04,Direct,/product-a,Product A,16,19,70,0.4519,218.4,3.7,0,0
2025-03-04,Direct,/product-b,Product B,17,19,66,0.4023,216.3,3.47,0,2
2025-03-04,Direct,/contact,Contact,17,20,52,0.2761,111.6,2.6,1,0
2025-03-04,Direct,/signup,Signup,15,21,57,0.2297,129.3,2.72,5,1
2025-03-04,Direct,/checkout,Checkout,20,24,68,0.2294,198.2,2.85,3,4
2025-03-04,Direct,/thank-you,Thank You,9,11,34,0.1379,100.0,3.08,1,1
2025-03-04,Referral,/,Home,23,30,85,0.4457,208.0,2.83,2,3
2025-03-04,Referral,/products,Products,18,26,108,0.3493,138.9,4.14,2,5
2025-03-04,Referral,/pricing,Pricing,10,13,51,0.2662,183.8,3.9,0,1
2025-03-04,Referral,/blog,Blog,10,12,38,0.3592,126.4,3.16,0,1
2025-03-04,Referral,/product-a,Product A,8,11,46,0.3153,208.9,4.16,0,2
2025-03-04,Referral,/product-b,Product B,12,15,57,0.2781,197.4,3.82,2,0
2025-03-04,Referral,/contact,Contact,8,11,45,0.3008,182.0,4.13,0,1
2025-03-04,Referral,/signup,Signup,10,12,32,0.2852,182.5,2.68,0,2
2025-03-04,Referral,/checkout,Checkout,6,7,19,0.157,234.4,2.7,1,0
2025-03-04,Referral,/thank-you,Thank You,4,7,24,0.1881,89.1,3.41,0,1
2025-03-04,Organic Social,/,Home,11,16,37,0.5876,95.9,2.29,0,0
2025-03-04,Organic Social,/products,Products,7,10,24,0.6128,98.7,2.42,0,0
2025-03-04,Organic Social,/pricing,Pricing,9,12,35,0.5883,67.3,2.89,0,1
2025-03-04,Organic Social,/blog,Blog,5,7,9,0.7841,152.8,1.34,0,1
2025-03-04,Organic Social,/product-a,Product A,8,9,20,0.4665,155.3,2.23,0,0
2025-03-04,Organic Social,/product-b,Product B,3,5,13,0.5212,134.8,2.55,0,1
2025-03-04,Organic Social,/contact,Contact,6,7,17,0.492,166.8,2.42,0,0
2025-03-04,Organic Social,/signup,Signup,4,5,11,0.4646,138.7,2.15,0,1
2025-03-04,Organic Social,/checkout,Checkout,6,7,14,0.4015,103.3,2.06,1,0
2025-03-04,Organic Social,/thank-you,Thank You,1,2,4,0.4262,91.2,2.06,0,0
2025-03-04,Paid Social,/,Home,18,20,51,0.646,132.4,2.53,0,2
2025-03-04,Paid Social,/products,Products,15,17,47,0.6822,45.8,2.77,0,0
2025-03-04,Paid Social,/pricing,Pricing,9,13,37,0.6409,108.4,2.87,0,0
2025-03-04,Paid Social,/blog,Blog,8,9,17,0.7014,58.9,1.91,0,0
2025-03-04,Paid Social,/product-a,Product A,6,8,25,0.5853,165.2,3.09,0,0
2025-03-04,Paid Social,/product-b,Product B,6,8,21,0.4983,79.3,2.57,0,0
2025-03-04,Paid Social,/contact,Contact,5,7,18,0.4366,117.5,2.5,0,0
2025-03-04,Paid Social,/signup,Signup,6,8,14,0.4754,73.4,1.81,0,0
2025-03-04,Paid Social,/checkout,Checkout,4,5,6,0.4368,128.0,1.11,0,0
2025-03-04,Paid Social,/thank-you,Thank You,2,3,6,0.246,98.7,1.97,0,1
2025-03-04,Email,/,Home,11,13,40,0.4433,160.5,3.04,0,1
2025-03-04,Email,/products,Products,9,11,41,0.2761,195.1,3.72,0,0
2025-03-04,Email,/pricing,Pricing,3,4,15,0.182,241.5,3.87,0,0
2025-03-04,Email,/blog,Blog,8,10,37,0.398,259.8,3.72,0,1
2025-03-04,Email,/product-a,Product A,3,4,14,0.286,284.8,3.42,0,0
2025-03-04,Email,/product-b,Product B,3,4,16,0.1615,238.8,4.06,0,1
2025-03-04,Email,/contact,Contact,3,4,14,0.272,257.7,3.43,0,1
2025-03-04,Email,/signup,Signup,3,4,15,0.08,178.1,3.85,0,0
2025-03-04,Email,/checkout,Checkout,3,4,14,0.1578,245.1,3.54,0,0
2025-03-04,Email,/thank-you,Thank You,1,2,6,0.08,217.9,2.82,0,0
2025-03-05,Organic Search,/,Home,69,74,168,0.3499,130.9,2.27,4,1
2025-03-05,Organic Search,/products,Products,24,31,96,0.4368,108.0,3.08,4,2
2025-03-05,Organic Search,/pricing,Pricing,27,38,142,0.1784,150.0,3.73,2,1
2025-03-05,Organic Search,/blog,Blog,33,38,81,0.4065,164.5,2.14,3,2
2025-03-05,Organic Search,/product-a,Product A,19,22,72,0.3766,183.8,3.25,0,0
2025-03-05,Organic Search,/product-b,Product B,14,16,49,0.3249,235.0,3.06,0,0
2025-03-05,Organic Search,/contact,Contact,25,29,67,0.2509,125.6,2.31,0,2
2025-03-05,Organic Search,/signup,Signup,19,23,70,0.168,203.3,3.02,2,6
2025-03-05,Organic Search,/checkout,Checkout,12,18,56,0.2335,141.9,3.13,5,4
2025-03-05,Organic Search,/thank-you,Thank You,13,15,39,0.1593,180.9,2.63,0,4
2025-03-05,Paid Search,/,Home,25,29,61,0.5113,158.8,2.1,2,1
2025-03-05,Paid Search,/products,Products,14,18,66,0.3889,119.6,3.66,0,0
2025-03-05,Paid Search,/pricing,Pricing,12,16,56,0.4938,213.8,3.52,0,1
2025-03-05,Paid Search,/blog,Blog,17,20,42,0.6663,93.1,2.1,3,1
2025-03-05,Paid Search,/product-a,Product A,16,20,60,0.4301,139.7,3.02,0,1
2025-03-05,Paid Search,/product-b,Product B,13,20,53,0.4724,158.9,2.64,3,2
2025-03-05,Paid Search,/contact,Contact,9,10,27,0.3651,151.4,2.7,1,0
2025-03-05,Paid Search,/signup,Signup,15,18,39,0.2254,101.1,2.17,1,3
2025-03-05,Paid Search,/checkout,Checkout,8,10,19,0.3265,130.8,1.86,2,2
2025-03-05,Paid Search,/thank-you,Thank You,3,5,11,0.2301,98.8,2.28,1,0
2025-03-05,Direct,/,Home,28,41,105,0.461,201.6,2.56,1,4
2025-03-05,Direct,/products,Products,20,24,63,0.4333,99.7,2.61,2,1
2025-03-05,Direct,/pricing,Pricing,20,23,70,0.3691,149.2,3.03,1,0
2025-03-05,Direct,/blog,Blog,22,29,85,0.5699,189.5,2.95,3,0
2025-03-05,Direct,/product-a,Product A,13,16,46,0.3169,189.2,2.86,0,1
2025-03-05,Direct,/product-b,Product B,10,11,24,0.3422,181.9,2.19,0,1
2025-03-05,Direct,/contact,Contact,16,18,42,0.3584,127.6,2.31,0,2
2025-03-05,Direct,/signup,Signup,13,16,37,0.268,85.2,2.3,1,1
2025-03-05,Direct,/checkout,Checkout,6,10,27,0.2766,213.2,2.67,2,1
2025-03-05,Direct,/thank-you,Thank You,7,9,24,0.1957,170.5,2.63,0,0
2025-03-05,Referral,/,Home,17,21,71,0.4409,162.0,3.37,1,2
2025-03-05,Referral,/products,Products,24,27,72,0.4551,150.6,2.66,2,0
2025-03-05,Referral,/pricing,Pricing,7,11,33,0.3189,203.9,2.96,0,1
2025-03-05,Referral,/blog,Blog,12,16,48,0.5253,192.0,3.02,1,1
2025-03-05,Referral,/product-a,Product A,13,16,62,0.3436,246.4,3.86,0,0
2025-03-05,Referral,/product-b,Product B,14,16,57,0.2976,258.3,3.56,1,1
2025-03-05,Referral,/contact,Contact,7,8,23,0.2261,157.8,2.92,1,2
2025-03-05,Referral,/signup,Signup,8,11,31,0.237,181.0,2.82,0,1
2025-03-05,Referral,/checkout,Checkout,8,10,27,0.1248,200.3,2.65,2,1
2025-03-05,Referral,/thank-you,Thank You,4,6,19,0.0979,140.4,3.1,0,0
2025-03-05,Organic Social,/,Home,21,25,30,0.5259,78.9,1.2,2,0
2025-03-05,Organic Social,/products,Products,15,19,38,0.5064,38.2,2.02,0,0
2025-03-05,Organic Social,/pricing,Pricing,9,11,30,0.4932,176.3,2.77,0,0
2025-03-05,Organic Social,/blog,Blog,12,15,25,0.6037,134.0,1.64,1,1
2025-03-05,Organic Social,/product-a,Product A,7,9,15,0.4959,122.6,1.71,0,0
2025-03-05,Organic Social,/product-b,Product B,6,8,16,0.4566,149.5,2.06,0,0
2025-03-05,Organic Social,/contact,Contact,6,10,19,0.5131,76.7,1.94,0,2
2025-03-05,Organic Social,/signup,Signup,7,10,16,0.3685,110.0,1.59,0,1
2025-03-05,Organic Social,/checkout,Checkout,4,5,5,0.329,156.5,1.02,0,0
2025-03-05,Organic Social,/thank-you,Thank You,3,4,8,0.41,63.2,1.93,0,0
2025-03-05,Paid Social,/,Home,12,17,33,0.671,70.5,1.92,0,1
2025-03-05,Paid Social,/products,Products,9,11,22,0.6191,20.0,2.0,1,1
2025-03-05,Paid Social,/pricing,Pricing,6,8,13,0.5541,150.5,1.69,1,0
2025-03-05,Paid Social,/blog,Blog,8,9,19,0.6346,81.4,2.11,0,0
2025-03-05,Paid Social,/product-a,Product A,5,8,15,0.6229,109.3,1.84,1,2
2025-03-05,Paid Social,/product-b,Product B,7,9,18,0.5604,138.7,1.96,0,0
2025-03-05,Paid Social,/contact,Contact,4,6,8,0.563,47.0,1.27,0,0
2025-03-05,Paid Social,/signup,Signup,6,8,10,0.5348,154.2,1.28,1,0
2025-03-05,Paid Social,/checkout,Checkout,7,8,8,0.4978,152.0,1.0,0,0
2025-03-05,Paid Social,/thank-you,Thank You,2,3,5,0.3263,104.4,1.67,2,0
2025-03-05,Email,/,Home,4,6,23,0.2213,227.5,3.81,0,1
2025-03-05,Email,/products,Products,3,4,16,0.3096,215.2,4.1,0,0
2025-03-05,Email,/pricing,Pricing,3,4,16,0.1946,300.1,4.08,1,0
2025-03-05,Email,/blog,Blog,4,5,18,0.3916,155.1,3.52,1,1
2025-03-05,Email,/product-a,Product A,2,3,12,0.2519,232.2,4.09,1,1
2025-03-05,Email,/product-b,Product B,3,4,16,0.2843,325.6,4.08,0,0
2025-03-05,Email,/contact,Contact,1,2,7,0.212,227.7,3.46,0,0
2025-03-05,Email,/signup,Signup,2,3,8,0.1275,192.3,2.82,0,0
2025-03-05,Email,/checkout,Checkout,1,2,7,0.0991,214.8,3.55,1,0
2025-03-05,Email,/thank-you,Thank You,1,1,3,0.08,206.7,2.82,0,0
2025-03-06,Organic Search,/,Home,40,53,134,0.5574,205.5,2.53,3,3
2025-03-06,Organic Search,/products,Products,44,51,182,0.4,200.9,3.56,0,3
2025-03-06,Organic Search,/pricing,Pricing,30,41,143,0.2441,206.8,3.5,3,3
2025-03-06,Organic Search,/blog,Blog,37,44,162,0.5411,195.4,3.68,0,1
2025-03-06,Organic Search,/product-a,Product A,34,47,162,0.3151,210.4,3.45,2,3
2025-03-06,Organic Search,/product-b,Product B,21,28,101,0.3443,229.4,3.62,1,1
2025-03-06,Organic Search,/contact,Contact,16,19,59,0.3192,147.3,3.08,3,1
2025-03-06,Organic Search,/signup,Signup,22,26,79,0.1506,113.7,3.04,3,4
2025-03-06,Organic Search,/checkout,Checkout,14,19,51,0.1969,187.8,2.67,0,3
2025-03-06,Organic Search,/thank-you,Thank You,7,9,29,0.1745,184.2,3.19,1,2
2025-03-06,Paid Search,/,Home,25,30,53,0.4836,109.8,1.78,0,2
2025-03-06,Paid Search,/products,Products,34,38,95,0.4199,98.8,2.49,2,4
2025-03-06,Paid Search,/pricing,Pricing,17,20,63,0.4632,207.9,3.14,1,4
2025-03-06,Paid Search,/blog,Blog,12,18,31,0.5934,175.0,1.7,0,0
2025-03-06,Paid Search,/product-a,Product A,11,15,56,0.4114,151.4,3.72,1,3
2025-03-06,Paid Search,/product-b,Product B,7,11,35,0.4656,180.2,3.21,0,1
2025-03-06,Paid Search,/contact,Contact,14,19,43,0.3655,126.0,2.29,0,1
2025-03-06,Paid Search,/signup,Signup,10,13,29,0.2109,176.9,2.22,2,2
2025-03-06,Paid Search,/checkout,Checkout,14,18,45,0.2361,201.6,2.52,1,2
2025-03-06,Paid Search,/thank-you,Thank You,5,8,20,0.2562,153.0,2.45,1,2
2025-03-06,Direct,/,Home,61,75,253,0.4097,116.3,3.38,4,3
2025-03-06,Direct,/products,Products,44,55,211,0.3907,137.7,3.84,1,3
2025-03-06,Direct,/pricing,Pricing,22,25,105,0.2938,173.6,4.22,0,0
2025-03-06,Direct,/blog,Blog,21,26,60,0.5241,126.0,2.33,0,0
2025-03-06,Direct,/product-a,Product A,20,23,63,0.3011,140.5,2.76,1,2
2025-03-06,Direct,/product-b,Product B,23,33,119,0.4204,226.2,3.6,0,0
2025-03-06,Direct,/contact,Contact,24,31,52,0.2441,151.5,1.68,0,0
2025-03-06,Direct,/signup,Signup,24,35,124,0.2707,119.0,3.53,1,4
2025-03-06,Direct,/checkout,Checkout,20,26,97,0.2421,149.8,3.72,2,4
2025-03-06,Direct,/thank-you,Thank You,6,8,21,0.1704,108.2,2.63,0,0
2025-03-06,Referral,/,Home,32,41,110,0.4492,148.9,2.68,4,1
2025-03-06,Referral,/products,Products,21,29,112,0.2716,201.3,3.85,5,3
2025-03-06,Referral,/pricing,Pricing,15,17,51,0.3803,193.6,2.98,0,2
2025-03-06,Referral,/blog,Blog,9,12,54,0.5672,187.2,4.49,0,0
2025-03-06,Referral,/product-a,Product A,15,19,68,0.315,234.7,3.6,1,1
2025-03-06,Referral,/product-b,Product B,8,9,38,0.3203,250.9,4.26,0,0
2025-03-06,Referral,/contact,Contact,8,10,26,0.1648,31.0,2.61,0,2
2025-03-06,Referral,/signup,Signup,7,10,19,0.1402,165.0,1.91,0,4
2025-03-06,Referral,/checkout,Checkout,11,14,37,0.1079,192.3,2.61,0,3
2025-03-06,Referral,/thank-you,Thank You,6,7,20,0.122,163.1,2.86,3,2
2025-03-06,Organic Social,/,Home,18,21,42,0.5345,93.0,1.99,0,0
2025-03-06,Organic Social,/products,Products,13,14,21,0.5348,61.3,1.52,0,1
2025-03-06,Organic Social,/pricing,Pricing,10,15,27,0.5405,114.3,1.81,1,1
2025-03-06,Organic Social,/blog,Blog,7,10,19,0.697,99.3,1.88,0,0
2025-03-06,Organic Social,/product-a,Product A,6,8,21,0.4593,128.4,2.65,0,0
2025-03-06,Organic Social,/product-b,Product B,7,9,30,0.5342,133.3,3.29,0,0
2025-03-06,Organic Social,/contact,Contact,6,7,10,0.4793,124.0,1.43,0,0
2025-03-06,Organic Social,/signup,Signup,8,11,17,0.274,100.0,1.52,1,0
2025-03-06,Organic Social,/checkout,Checkout,4,7,13,0.3753,150.5,1.79,1,0
2025-03-06,Organic Social,/thank-you,Thank You,3,4,5,0.2307,51.3,1.2,0,1
2025-03-06,Paid Social,/,Home,14,20,33,0.6416,123.6,1.66,0,1
2025-03-06,Paid Social,/products,Products,12,14,33,0.6755,120.0,2.33,0,1
2025-03-06,Paid Social,/pricing,Pricing,9,11,24,0.6132,165.4,2.16,2,0
2025-03-06,Paid Social,/blog,Blog,9,13,16,0.6887,67.1,1.22,0,1
2025-03-06,Paid Social,/product-a,Product A,9,10,23,0.4648,122.9,2.33,0,0
2025-03-06,Paid Social,/product-b,Product B,3,5,11,0.5588,138.3,2.27,0,0
2025-03-06,Paid Social,/contact,Contact,3,4,5,0.4944,125.6,1.2,1,0
2025-03-06,Paid Social,/signup,Signup,2,4,7,0.4364,87.5,1.83,0,1
2025-03-06,Paid Social,/checkout,Checkout,5,6,11,0.3964,92.2,1.77,0,0
2025-03-06,Paid Social,/thank-you,Thank You,3,4,4,0.4311,36.0,1.0,0,0
2025-03-06,Email,/,Home,11,12,42,0.4,195.0,3.51,0,1
2025-03-06,Email,/products,Products,7,10,42,0.2823,256.3,4.18,1,0
2025-03-06,Email,/pricing,Pricing,3,5,21,0.2169,202.7,4.15,1,1
2025-03-06,Email,/blog,Blog,5,7,23,0.493,164.9,3.3,0,0
2025-03-06,Email,/product-a,Product A,6,8,39,0.2656,232.5,4.89,0,1
2025-03-06,Email,/product-b,Product B,4,5,15,0.2521,287.9,3.06,0,0
2025-03-06,Email,/contact,Contact,5,7,25,0.152,177.5,3.62,0,0
2025-03-06,Email,/signup,Signup,3,5,19,0.1246,252.2,3.79,1,1
2025-03-06,Email,/checkout,Checkout,3,4,12,0.1357,285.9,2.9,1,1
2025-03-06,Email,/thank-you,Thank You,2,3,10,0.08,131.6,3.4,1,0
2025-03-07,Organic Search,/,Home,54,65,176,0.4513,176.3,2.71,5,5
2025-03-07,Organic Search,/products,Products,18,27,87,0.377,229.7,3.24,1,1
2025-03-07,Organic Search,/pricing,Pricing,23,29,119,0.3081,192.0,4.09,0,3
2025-03-07,Organic Search,/blog,Blog,26,31,116,0.5563,226.4,3.74,3,1
2025-03-07,Organic Search,/product-a,Product A,30,34,128,0.4807,241.8,3.75,1,2
2025-03-07,Organic Search,/product-b,Product B,12,18,69,0.355,192.7,3.86,1,0
2025-03-07,Organic Search,/contact,Contact,9,13,40,0.3121,150.8,3.06,1,0
2025-03-07,Organic Search,/signup,Signup,15,22,51,0.2535,112.5,2.32,0,4
2025-03-07,Organic Search,/checkout,Checkout,10,13,43,0.1852,198.0,3.33,2,2
2025-03-07,Organic Search,/thank-you,Thank You,6,8,17,0.1282,253.2,2.07,1,1
2025-03-07,Paid Search,/,Home,25,28,75,0.5938,137.9,2.67,0,2
2025-03-07,Paid Search,/products,Products,19,24,72,0.475,122.4,2.98,3,1
2025-03-07,Paid Search,/pricing,Pricing,10,12,47,0.3141,159.4,3.9,0,0
2025-03-07,Paid Search,/blog,Blog,14,16,44,0.7153,122.6,2.74,0,1
2025-03-07,Paid Search,/product-a,Product A,14,16,56,0.579,169.0,3.53,0,2
2025-03-07,Paid Search,/product-b,Product B,8,9,31,0.4462,129.2,3.41,0,1
2025-03-07,Paid Search,/contact,Contact,10,13,33,0.4202,104.4,2.51,0,2
2025-03-07,Paid Search,/signup,Signup,10,13,21,0.3367,96.2,1.65,1,1
2025-03-07,Paid Search,/checkout,Checkout,5,7,18,0.2865,162.3,2.58,2,0
2025-03-07,Paid Search,/thank-you,Thank You,3,5,13,0.1513,51.7,2.65,1,1
2025-03-07,Direct,/,Home,48,53,130,0.4754,170.2,2.46,4,3
2025-03-07,Direct,/products,Products,25,33,112,0.3983,131.7,3.41,0,0
2025-03-07,Direct,/pricing,Pricing,14,18,62,0.33,184.3,3.47,1,1
2025-03-07,Direct,/blog,Blog,22,25,67,0.5818,82.6,2.68,1,1
2025-03-07,Direct,/product-a,Product A,23,27,91,0.4365,96.9,3.38,1,0
2025-03-07,Direct,/product-b,Product B,8,11,44,0.455,225.3,4.04,0,0
2025-03-07,Direct,/contact,Contact,11,15,38,0.2792,80.9,2.55,1,1
2025-03-07,Direct,/signup,Signup,14,18,55,0.1933,87.5,3.03,1,2
2025-03-07,Direct,/checkout,Checkout,11,13,21,0.2362,163.5,1.64,2,2
2025-03-07,Direct,/thank-you,Thank You,7,9,19,0.1399,164.0,2.15,0,0
2025-03-07,Referral,/,Home,15,20,49,0.3656,110.7,2.43,0,3
2025-03-07,Referral,/products,Products,14,16,71,0.3058,163.7,4.42,1,1
2025-03-07,Referral,/pricing,Pricing,6,8,28,0.1903,291.9,3.53,0,1
2025-03-07,Referral,/blog,Blog,10,13,43,0.5407,242.9,3.28,0,2
2025-03-07,Referral,/product-a,Product A,9,11,37,0.3054,249.4,3.34,1,0
2025-03-07,Referral,/product-b,Product B,5,8,28,0.3356,154.2,3.56,3,0
2025-03-07,Referral,/contact,Contact,6,9,33,0.1727,160.7,3.65,0,0
2025-03-07,Referral,/signup,Signup,6,9,13,0.08,152.3,1.49,1,0
2025-03-07,Referral,/checkout,Checkout,5,7,17,0.2356,188.2,2.5,1,1
2025-03-07,Referral,/thank-you,Thank You,4,5,18,0.1305,221.4,3.53,0,1
2025-03-07,Organic Social,/,Home,20,23,36,0.6721,134.6,1.55,1,0
2025-03-07,Organic Social,/products,Products,9,12,34,0.495,65.4,2.87,0,1
2025-03-07,Organic Social,/pricing,Pricing,12,13,33,0.4631,202.2,2.53,0,1
2025-03-07,Organic Social,/blog,Blog,12,17,31,0.6491,139.7,1.85,1,1
2025-03-07,Organic Social,/product-a,Product A,11,13,35,0.5139,161.6,2.67,1,0
2025-03-07,Organic Social,/product-b,Product B,5,6,20,0.5032,111.3,3.33,0,0
2025-03-07,Organic Social,/contact,Contact,6,7,10,0.5041,133.6,1.46,0,0
2025-03-07,Organic Social,/signup,Signup,9,11,19,0.3706,83.4,1.71,0,0
2025-03-07,Organic Social,/checkout,Checkout,6,9,12,0.3701,127.8,1.35,0,0
2025-03-07,Organic Social,/thank-you,Thank You,3,5,10,0.3436,141.2,2.09,1,0
2025-03-07,Paid Social,/,Home,8,10,10,0.5936,155.1,1.0,0,0
2025-03-07,Paid Social,/products,Products,5,6,13,0.6208,20.0,2.19,0,1
2025-03-07,Paid Social,/pricing,Pricing,3,4,11,0.5199,168.1,2.65,0,0
2025-03-07,Paid Social,/blog,Blog,4,6,9,0.6604,60.7,1.44,0,0
2025-03-07,Paid Social,/product-a,Product A,5,7,15,0.5993,122.9,2.2,0,0
2025-03-07,Paid Social,/product-b,Product B,5,6,12,0.6263,161.9,1.99,0,0
2025-03-07,Paid Social,/contact,Contact,3,5,12,0.4408,96.6,2.38,0,0
2025-03-07,Paid Social,/signup,Signup,3,4,4,0.3864,93.7,1.0,0,0
2025-03-07,Paid Social,/checkout,Checkout,3,5,6,0.4022,71.8,1.26,0,0
2025-03-07,Paid Social,/thank-you,Thank You,2,3,5,0.4181,109.8,1.59,1,0
2025-03-07,Email,/,Home,8,10,28,0.273,174.4,2.79,0,1
2025-03-07,Email,/products,Products,4,6,21,0.2533,205.2,3.54,2,1
2025-03-07,Email,/pricing,Pricing,6,7,30,0.2405,215.2,4.22,0,1
2025-03-07,Email,/blog,Blog,4,6,16,0.4689,127.4,2.64,2,1
2025-03-07,Email,/product-a,Product A,4,6,24,0.3185,236.9,3.99,0,0
2025-03-07,Email,/product-b,Product B,4,5,19,0.1973,296.7,3.76,0,0
2025-03-07,Email,/contact,Contact,2,3,9,0.1592,246.0,2.99,0,1
2025-03-07,Email,/signup,Signup,5,6,22,0.1815,223.5,3.75,0,1
2025-03-07,Email,/checkout,Checkout,2,3,10,0.1486,239.2,3.44,0,0
2025-03-07,Email,/thank-you,Thank You,1,2,7,0.1019,158.6,3.4,0,1
2025-03-08,Organic Search,/,Home,38,53,153,0.4232,114.5,2.88,2,3
2025-03-08,Organic Search,/products,Products,30,38,163,0.4665,196.3,4.29,1,1
2025-03-08,Organic Search,/pricing,Pricing,12,17,49,0.3179,197.5,2.9,1,0
2025-03-08,Organic Search,/blog,Blog,16,21,41,0.455,136.9,1.96,1,1
2025-03-08,Organic Search,/product-a,Product A,16,22,77,0.4076,193.8,3.52,1,1
2025-03-08,Organic Search,/product-b,Product B,21,24,85,0.3548,233.4,3.56,0,1
2025-03-08,Organic Search,/contact,Contact,14,18,46,0.2579,177.1,2.57,0,0
2025-03-08,Organic Search,/signup,Signup,15,20,73,0.2641,134.6,3.65,1,1
2025-03-08,Organic Search,/checkout,Checkout,12,17,58,0.26,158.4,3.39,2,2
2025-03-08,Organic Search,/thank-you,Thank You,10,12,41,0.145,197.6,3.42,1,2
2025-03-08,Paid Search,/,Home,12,16,48,0.5853,88.4,3.02,0,1
2025-03-08,Paid Search,/products,Products,14,18,34,0.3401,163.7,1.87,1,1
2025-03-08,Paid Search,/pricing,Pricing,11,13,41,0.4626,160.6,3.14,1,0
2025-03-08,Paid Search,/blog,Blog,15,17,48,0.5462,145.9,2.83,2,4
2025-03-08,Paid Search,/product-a,Product A,6,9,25,0.3648,199.0,2.78,2,0
2025-03-08,Paid Search,/product-b,Product B,8,10,37,0.3967,141.4,3.7,1,1
2025-03-08,Paid Search,/contact,Contact,6,9,18,0.4359,95.2,2.02,0,0
2025-03-08,Paid Search,/signup,Signup,7,8,22,0.3026,150.5,2.69,1,2
2025-03-08,Paid Search,/checkout,Checkout,6,9,20,0.2647,164.5,2.17,0,0
2025-03-08,Paid Search,/thank-you,Thank You,3,5,11,0.1359,128.0,2.27,0,1
2025-03-08,Direct,/,Home,29,32,86,0.4968,157.5,2.68,1,1
2025-03-08,Direct,/products,Products,16,18,59,0.3799,127.3,3.25,1,0
2025-03-08,Direct,/pricing,Pricing,13,16,52,0.3132,201.3,3.26,1,0
2025-03-08,Direct,/blog,Blog,12,15,44,0.3339,181.1,2.91,1,4
2025-03-08,Direct,/product-a,Product A,11,14,34,0.5104,143.2,2.45,2,0
2025-03-08,Direct,/product-b,Product B,14,16,49,0.4231,154.6,3.04,3,2
2025-03-08,Direct,/contact,Contact,8,11,16,0.3541,130.3,1.48,0,0
2025-03-08,Direct,/signup,Signup,6,9,30,0.2886,181.8,3.29,1,1
2025-03-08,Direct,/checkout,Checkout,9,11,26,0.1257,226.0,2.41,2,1
2025-03-08,Direct,/thank-you,Thank You,7,8,25,0.201,125.3,3.12,1,0
2025-03-08,Referral,/,Home,14,18,49,0.4532,146.9,2.74,0,1
2025-03-08,Referral,/products,Products,12,13,52,0.4209,158.1,3.96,0,0
2025-03-08,Referral,/pricing,Pricing,5,8,31,0.2224,238.2,3.88,0,2
2025-03-08,Referral,/blog,Blog,6,9,28,0.4915,129.4,3.16,0,0
2025-03-08,Referral,/product-a,Product A,8,10,38,0.2606,224.2,3.8,0,1
2025-03-08,Referral,/product-b,Product B,3,5,18,0.2387,189.0,3.52,1,0
2025-03-08,Referral,/contact,Contact,6,8,21,0.1778,160.3,2.63,0,0
2025-03-08,Referral,/signup,Signup,8,9,34,0.2016,186.3,3.76,1,0
2025-03-08,Referral,/checkout,Checkout,4,7,23,0.1675,216.6,3.23,2,2
2025-03-08,Referral,/thank-you,Thank You,2,3,10,0.1508,163.8,3.33,0,1
2025-03-08,Organic Social,/,Home,10,13,13,0.6251,98.3,1.04,1,0
2025-03-08,Organic Social,/products,Products,9,13,38,0.5264,196.6,2.94,0,0
2025-03-08,Organic Social,/pricing,Pricing,6,8,15,0.4702,147.7,1.89,0,0
2025-03-08,Organic Social,/blog,Blog,9,12,17,0.6338,65.8,1.44,0,0
2025-03-08,Organic Social,/product-a,Product A,6,8,22,0.6261,185.8,2.72,0,0
2025-03-08,Organic Social,/product-b,Product B,2,4,11,0.5279,116.2,2.78,0,1
2025-03-08,Organic Social,/contact,Contact,5,7,11,0.4049,94.8,1.51,0,0
2025-03-08,Organic Social,/signup,Signup,5,6,14,0.4276,66.3,2.38,0,0
2025-03-08,Organic Social,/checkout,Checkout,3,4,7,0.3719,139.3,1.69,0,0
2025-03-08,Organic Social,/thank-you,Thank You,3,4,6,0.4124,116.0,1.58,0,0
2025-03-08,Paid Social,/,Home,7,10,19,0.7384,73.2,1.88,0,0
2025-03-08,Paid Social,/products,Products,3,4,9,0.6566,138.0,2.27,0,0
2025-03-08,Paid Social,/pricing,Pricing,4,5,10,0.6376,128.5,1.95,0,0
2025-03-08,Paid Social,/blog,Blog,4,6,12,0.6753,78.3,2.03,0,0
2025-03-08,Paid Social,/product-a,Product A,4,5,16,0.5658,126.8,3.18,0,0
2025-03-08,Paid Social,/product-b,Product B,1,2,5,0.6125,75.5,2.58,0,0
2025-03-08,Paid Social,/contact,Contact,2,3,7,0.5263,148.4,2.38,0,1
2025-03-08,Paid Social,/signup,Signup,1,2,5,0.3837,74.8,2.49,0,0
2025-03-08,Paid Social,/checkout,Checkout,2,3,6,0.2807,72.7,1.91,0,0
2025-03-08,Paid Social,/thank-you,Thank You,1,1,2,0.3597,114.3,2.16,0,0
2025-03-08,Email,/,Home,4,5,19,0.356,251.0,3.72,0,0
2025-03-08,Email,/products,Products,3,4,19,0.2023,239.8,4.86,0,0
2025-03-08,Email,/pricing,Pricing,3,5,16,0.2356,221.8,3.14,0,0
2025-03-08,Email,/blog,Blog,2,4,13,0.3951,219.8,3.13,0,1
2025-03-08,Email,/product-a,Product A,2,4,16,0.3104,220.7,4.06,0,1
2025-03-08,Email,/product-b,Product B,2,4,16,0.2976,277.2,4.01,1,0
2025-03-08,Email,/contact,Contact,1,2,7,0.2056,201.1,3.64,1,0
2025-03-08,Email,/signup,Signup,2,3,9,0.1702,240.7,3.11,1,0
2025-03-08,Email,/checkout,Checkout,1,2,6,0.08,206.1,2.87,0,0
2025-03-08,Email,/thank-you,Thank You,1,1,3,0.08,193.4,2.96,0,1
2025-03-09,Organic Search,/,Home,21,27,76,0.4067,189.7,2.8,1,0
2025-03-09,Organic Search,/products,Products,10,14,61,0.3414,153.3,4.38,0,2
2025-03-09,Organic Search,/pricing,Pricing,8,11,40,0.269,147.2,3.66,2,0
2025-03-09,Organic Search,/blog,Blog,7,10,30,0.4713,217.9,2.97,1,0
2025-03-09,Organic Search,/product-a,Product A,11,15,56,0.4346,247.5,3.73,1,0
2025-03-09,Organic Search,/product-b,Product B,9,11,39,0.3826,143.3,3.56,0,2
2025-03-09,Organic Search,/contact,Contact,4,6,21,0.1967,152.9,3.5,0,1
2025-03-09,Organic Search,/signup,Signup,4,6,13,0.1436,158.2,2.23,1,1
2025-03-09,Organic Search,/checkout,Checkout,8,10,28,0.0872,143.1,2.76,1,0
2025-03-09,Organic Search,/thank-you,Thank You,2,4,9,0.1069,200.9,2.32,1,2
2025-03-09,Paid Search,/,Home,21,25,62,0.5241,130.0,2.46,0,1
2025-03-09,Paid Search,/products,Products,8,10,22,0.3465,147.9,2.16,1,2
2025-03-09,Paid Search,/pricing,Pricing,10,12,42,0.4487,156.3,3.48,2,0
2025-03-09,Paid Search,/blog,Blog,8,12,32,0.6536,153.8,2.68,2,0
2025-03-09,Paid Search,/product-a,Product A,8,11,24,0.4121,168.4,2.15,0,1
2025-03-09,Paid Search,/product-b,Product B,7,9,25,0.4547,112.5,2.79,2,0
2025-03-09,Paid Search,/contact,Contact,7,8,8,0.4553,135.3,1.0,0,0
2025-03-09,Paid Search,/signup,Signup,8,9,20,0.3145,126.7,2.23,1,0
2025-03-09,Paid Search,/checkout,Checkout,6,9,24,0.3905,122.5,2.63,2,2
2025-03-09,Paid Search,/thank-you,Thank You,1,2,4,0.1441,180.5,2.07,1,2
2025-03-09,Direct,/,Home,20,28,69,0.5775,223.6,2.46,2,0
2025-03-09,Direct,/products,Products,9,14,38,0.3597,113.1,2.75,0,0
2025-03-09,Direct,/pricing,Pricing,8,10,44,0.3113,162.2,4.43,0,0
2025-03-09,Direct,/blog,Blog,13,16,35,0.4322,152.1,2.16,0,1
2025-03-09,Direct,/product-a,Product A,7,11,34,0.4658,210.7,3.06,0,0
2025-03-09,Direct,/product-b,Product B,6,8,30,0.4528,180.8,3.8,0,1
2025-03-09,Direct,/contact,Contact,6,8,19,0.3256,169.6,2.4,1,0
2025-03-09,Direct,/signup,Signup,7,10,25,0.1737,112.0,2.53,0,3
2025-03-09,Direct,/checkout,Checkout,5,7,15,0.2448,224.3,2.14,0,0
2025-03-09,Direct,/thank-you,Thank You,2,3,9,0.2555,160.5,2.95,0,0
2025-03-09,Referral,/,Home,10,12,48,0.4101,199.5,4.0,0,0
2025-03-09,Referral,/products,Products,6,7,30,0.1895,145.1,4.28,0,0
2025-03-09,Referral,/pricing,Pricing,3,4,18,0.2261,202.0,4.53,0,0
2025-03-09,Referral,/blog,Blog,7,9,24,0.5072,191.1,2.61,0,0
2025-03-09,Referral,/product-a,Product A,5,6,27,0.2588,205.4,4.47,0,0
2025-03-09,Referral,/product-b,Product B,4,6,22,0.4074,164.1,3.68,1,0
2025-03-09,Referral,/contact,Contact,3,5,15,0.2422,140.6,3.05,1,0
2025-03-09,Referral,/signup,Signup,4,6,15,0.1017,209.8,2.51,0,0
2025-03-09,Referral,/checkout,Checkout,3,5,13,0.1322,191.6,2.62,0,1
2025-03-09,Referral,/thank-you,Thank You,1,2,6,0.08,184.6,3.08,0,0
2025-03-09,Organic Social,/,Home,11,13,23,0.6542,59.9,1.8,0,0
2025-03-09,Organic Social,/products,Products,5,8,20,0.4169,77.6,2.56,0,0
2025-03-09,Organic Social,/pricing,Pricing,4,5,11,0.5064,126.1,2.16,0,0
2025-03-09,Organic Social,/blog,Blog,5,6,15,0.5866,71.8,2.46,0,0
2025-03-09,Organic Social,/product-a,Product A,6,7,12,0.514,162.8,1.76,0,0
2025-03-09,Organic Social,/product-b,Product B,4,5,13,0.433,62.6,2.57,0,0
2025-03-09,Organic Social,/contact,Contact,2,4,10,0.5281,99.7,2.46,0,0
2025-03-09,Organic Social,/signup,Signup,3,4,8,0.3916,81.9,2.1,0,1
2025-03-09,Organic Social,/checkout,Checkout,3,4,8,0.3671,123.3,1.92,0,0
2025-03-09,Organic Social,/thank-you,Thank You,1,2,5,0.2514,72.8,2.34,0,0
2025-03-09,Paid Social,/,Home,6,9,17,0.5637,54.5,1.93,0,0
2025-03-09,Paid Social,/products,Products,7,8,16,0.5835,25.5,2.01,0,0
2025-03-09,Paid Social,/pricing,Pricing,3,4,11,0.5371,147.9,2.71,0,0
2025-03-09,Paid Social,/blog,Blog,4,5,11,0.7023,103.0,2.14,1,0
2025-03-09,Paid Social,/product-a,Product A,3,5,13,0.5355,153.9,2.67,0,0
2025-03-09,Paid Social,/product-b,Product B,2,3,7,0.6338,164.5,2.45,0,0
2025-03-09,Paid Social,/contact,Contact,1,2,4,0.4032,41.0,1.98,0,0
2025-03-09,Paid Social,/signup,Signup,2,3,3,0.4121,129.9,1.07,0,0
2025-03-09,Paid Social,/checkout,Checkout,1,2,2,0.3913,113.3,1.25,0,0
2025-03-09,Paid Social,/thank-you,Thank You,1,2,3,0.3997,45.3,1.53,0,0
2025-03-09,Email,/,Home,4,5,15,0.2481,183.9,3.04,0,0
2025-03-09,Email,/products,Products,4,5,17,0.3044,209.5,3.37,0,1
2025-03-09,Email,/pricing,Pricing,2,3,10,0.2674,202.3,3.46,0,1
2025-03-09,Email,/blog,Blog,1,2,7,0.4275,206.4,3.36,1,0
2025-03-09,Email,/product-a,Product A,1,2,8,0.3554,221.1,3.76,0,0
2025-03-09,Email,/product-b,Product B,1,2,7,0.2918,214.2,3.42,0,1
2025-03-09,Email,/contact,Contact,1,1,3,0.1265,203.4,2.54,0,0
2025-03-09,Email,/signup,Signup,1,2,6,0.08,195.8,3.18,0,0
2025-03-09,Email,/checkout,Checkout,1,1,4,0.1224,185.4,3.76,0,0
2025-03-09,Email,/thank-you,Thank You,1,1,3,0.1018,176.2,3.28,0,0
2025-03-10,Organic Search,/,Home,29,36,91,0.3919,201.1,2.54,1,0
2025-03-10,Organic Search,/products,Products,14,20,63,0.2927,246.2,3.14,1,2
2025-03-10,Organic Search,/pricing,Pricing,15,22,74,0.3498,285.3,3.34,3,0
2025-03-10,Organic Search,/blog,Blog,24,27,62,0.4779,138.4,2.29,1,1
2025-03-10,Organic Search,/product-a,Product A,17,22,60,0.4249,151.7,2.73,2,0
2025-03-10,Organic Search,/product-b,Product B,7,9,32,0.2849,222.2,3.59,0,1
2025-03-10,Organic Search,/contact,Contact,9,12,37,0.3202,129.9,3.09,0,0
2025-03-10,Organic Search,/signup,Signup,17,19,45,0.1646,165.7,2.37,1,3
2025-03-10,Organic Search,/checkout,Checkout,11,14,33,0.2551,173.2,2.33,0,4
2025-03-10,Organic Search,/thank-you,Thank You,3,5,13,0.1714,200.6,2.63,1,0
2025-03-10,Paid Search,/,Home,16,21,47,0.5486,160.5,2.25,1,1
2025-03-10,Paid Search,/products,Products,10,13,29,0.3749,255.2,2.2,2,0
2025-03-10,Paid Search,/pricing,Pricing,14,19,47,0.4265,140.3,2.48,0,2
2025-03-10,Paid Search,/blog,Blog,9,11,23,0.6944,80.8,2.12,1,1
2025-03-10,Paid Search,/product-a,Product A,8,11,32,0.2888,153.1,2.94,0,2
2025-03-10,Paid Search,/product-b,Product B,9,12,49,0.4691,153.3,4.06,0,1
2025-03-10,Paid Search,/contact,Contact,6,8,25,0.2919,141.5,3.18,0,0
2025-03-10,Paid Search,/signup,Signup,7,11,33,0.3541,176.6,2.96,3,4
2025-03-10,Paid Search,/checkout,Checkout,8,10,17,0.3086,112.8,1.74,1,0
2025-03-10,Paid Search,/thank-you,Thank You,5,7,9,0.2473,98.0,1.25,0,1
2025-03-10,Direct,/,Home,24,31,72,0.5,169.0,2.33,0,2
2025-03-10,Direct,/products,Products,20,22,73,0.3398,159.4,3.32,2,1
2025-03-10,Direct,/pricing,Pricing,7,9,26,0.3223,215.9,2.93,0,2
2025-03-10,Direct,/blog,Blog,8,12,16,0.4721,75.0,1.32,0,1
2025-03-10,Direct,/product-a,Product A,12,17,60,0.4727,181.7,3.53,1,0
2025-03-10,Direct,/product-b,Product B,8,12,34,0.5002,169.7,2.83,0,0
2025-03-10,Direct,/contact,Contact,6,9,23,0.3163,113.1,2.6,0,1
2025-03-10,Direct,/signup,Signup,10,14,33,0.2399,162.9,2.36,3,2
2025-03-10,Direct,/checkout,Checkout,7,10,31,0.1572,166.3,3.08,1,0
2025-03-10,Direct,/thank-you,Thank You,3,4,12,0.1225,96.9,2.88,0,0
2025-03-10,Referral,/,Home,9,13,46,0.4289,206.6,3.52,0,3
2025-03-10,Referral,/products,Products,7,11,49,0.2646,141.7,4.41,1,0
2025-03-10,Referral,/pricing,Pricing,9,11,48,0.331,257.5,4.32,0,1
2025-03-10,Referral,/blog,Blog,11,14,33,0.4629,211.0,2.34,0,1
2025-03-10,Referral,/product-a,Product A,7,10,43,0.2748,249.7,4.29,1,0
2025-03-10,Referral,/product-b,Product B,4,6,19,0.3245,194.4,3.16,1,0
2025-03-10,Referral,/contact,Contact,4,7,25,0.2948,145.1,3.58,2,1
2025-03-10,Referral,/signup,Signup,4,5,14,0.2582,205.0,2.8,0,2
2025-03-10,Referral,/checkout,Checkout,6,8,31,0.1266,245.9,3.9,0,0
2025-03-10,Referral,/thank-you,Thank You,3,4,12,0.1899,215.1,3.1,0,0
2025-03-10,Organic Social,/,Home,12,15,20,0.5888,185.6,1.35,0,0
2025-03-10,Organic Social,/products,Products,5,7,16,0.6134,52.5,2.22,0,0
2025-03-10,Organic Social,/pricing,Pricing,7,8,18,0.503,90.6,2.23,0,0
2025-03-10,Organic Social,/blog,Blog,8,9,12,0.6953,132.0,1.28,0,1
2025-03-10,Organic Social,/product-a,Product A,4,6,15,0.5036,113.4,2.51,0,0
2025-03-10,Organic Social,/product-b,Product B,2,4,10,0.5455,191.2,2.52,0,0
2025-03-10,Organic Social,/contact,Contact,5,6,11,0.3591,71.5,1.77,0,1
2025-03-10,Organic Social,/signup,Signup,5,7,14,0.3434,91.8,2.03,0,0
2025-03-10,Organic Social,/checkout,Checkout,3,4,4,0.3302,177.8,1.0,0,0
2025-03-10,Organic Social,/thank-you,Thank You,1,2,4,0.2947,113.9,1.75,0,0
2025-03-10,Paid Social,/,Home,6,8,8,0.6184,98.0,1.0,0,0
2025-03-10,Paid Social,/products,Products,2,4,11,0.5045,95.7,2.86,0,0
2025-03-10,Paid Social,/pricing,Pricing,4,6,19,0.4886,94.9,3.21,0,1
2025-03-10,Paid Social,/blog,Blog,4,6,10,0.6789,91.5,1.73,1,0
2025-03-10,Paid Social,/product-a,Product A,4,6,15,0.599,96.6,2.57,0,0
2025-03-10,Paid Social,/product-b,Product B,2,3,7,0.543,84.2,2.25,0,0
2025-03-10,Paid Social,/contact,Contact,1,2,4,0.5967,107.3,1.95,0,0
2025-03-10,Paid Social,/signup,Signup,1,2,3,0.4273,39.5,1.4,0,0
2025-03-10,Paid Social,/checkout,Checkout,3,4,8,0.3268,141.6,1.9,0,0
2025-03-10,Paid Social,/thank-you,Thank You,1,1,1,0.3757,67.0,1.46,0,1
2025-03-10,Email,/,Home,7,9,32,0.3748,221.9,3.54,2,0
2025-03-10,Email,/products,Products,2,4,16,0.3089,226.5,4.03,0,0
2025-03-10,Email,/pricing,Pricing,3,4,19,0.1774,231.1,4.87,0,1
2025-03-10,Email,/blog,Blog,3,4,12,0.3472,208.5,3.04,0,0
2025-03-10,Email,/product-a,Product A,1,2,7,0.2823,292.2,3.58,0,0
2025-03-10,Email,/product-b,Product B,2,3,14,0.1803,195.3,4.51,1,0
2025-03-10,Email,/contact,Contact,1,1,3,0.1396,171.7,3.06,0,0
2025-03-10,Email,/signup,Signup,2,3,9,0.1567,219.5,3.03,2,0
2025-03-10,Email,/checkout,Checkout,1,2,7,0.1019,223.8,3.51,0,0
2025-03-10,Email,/thank-you,Thank You,1,1,3,0.08,166.1,3.07,0,0
2025-03-11,Organic Search,/,Home,61,69,227,0.4376,196.6,3.29,0,8
2025-03-11,Organic Search,/products,Products,35,44,193,0.5008,123.5,4.39,5,4
2025-03-11,Organic Search,/pricing,Pricing,19,25,96,0.3198,177.3,3.83,1,0
2025-03-11,Organic Search,/blog,Blog,20,25,64,0.4859,163.4,2.55,0,2
2025-03-11,Organic Search,/product-a,Product A,20,24,92,0.4657,199.5,3.82,1,0
2025-03-11,Organic Search,/product-b,Product B,14,21,78,0.31,226.4,3.73,1,1
2025-03-11,Organic Search,/contact,Contact,10,12,33,0.2172,173.3,2.78,1,0
2025-03-11,Organic Search,/signup,Signup,13,20,43,0.2329,214.5,2.14,1,1
2025-03-11,Organic Search,/checkout,Checkout,17,20,51,0.116,209.5,2.55,2,3
2025-03-11,Organic Search,/thank-you,Thank You,10,12,21,0.08,178.9,1.76,3,0
2025-03-11,Paid Search,/,Home,36,45,85,0.5434,164.3,1.89,4,4
2025-03-11,Paid Search,/products,Products,28,35,99,0.5072,75.5,2.83,4,4
2025-03-11,Paid Search,/pricing,Pricing,15,21,54,0.3659,192.4,2.57,1,3
2025-03-11,Paid Search,/blog,Blog,10,14,21,0.6159,121.7,1.48,0,1
2025-03-11,Paid Search,/product-a,Product A,13,17,50,0.4372,112.5,2.93,1,1
2025-03-11,Paid Search,/product-b,Product B,10,12,35,0.4073,190.4,2.89,1,1
2025-03-11,Paid Search,/contact,Contact,9,12,28,0.3855,167.1,2.35,1,0
2025-03-11,Paid Search,/signup,Signup,11,13,34,0.3295,148.7,2.62,0,2
2025-03-11,Paid Search,/checkout,Checkout,12,15,40,0.2573,150.1,2.69,2,2
2025-03-11,Paid Search,/thank-you,Thank You,8,10,33,0.1912,120.4,3.27,1,2
2025-03-11,Direct,/,Home,62,75,200,0.4511,134.4,2.67,4,6
2025-03-11,Direct,/products,Products,44,49,163,0.4216,161.5,3.32,2,1
2025-03-11,Direct,/pricing,Pricing,21,29,73,0.3987,224.8,2.53,0,1
2025-03-11,Direct,/blog,Blog,29,34,70,0.5484,159.2,2.06,0,2
2025-03-11,Direct,/product-a,Product A,31,35,123,0.443,172.3,3.52,1,0
2025-03-11,Direct,/product-b,Product B,11,14,50,0.4082,153.6,3.6,0,0
2025-03-11,Direct,/contact,Contact,15,22,44,0.2782,145.8,2.01,0,2
2025-03-11,Direct,/signup,Signup,14,18,27,0.3275,116.5,1.52,0,0
2025-03-11,Direct,/checkout,Checkout,12,14,33,0.1979,288.6,2.33,0,4
2025-03-11,Direct,/thank-you,Thank You,6,7,11,0.1445,144.7,1.51,1,2
2025-03-11,Referral,/,Home,18,22,80,0.4642,179.4,3.64,0,3
2025-03-11,Referral,/products,Products,18,26,104,0.2276,218.3,3.99,0,4
2025-03-11,Referral,/pricing,Pricing,6,9,31,0.2316,231.4,3.41,1,0
2025-03-11,Referral,/blog,Blog,11,13,41,0.4059,166.8,3.18,1,0
2025-03-11,Referral,/product-a,Product A,11,13,42,0.2818,200.5,3.24,1,1
2025-03-11,Referral,/product-b,Product B,6,8,31,0.2522,178.9,3.93,2,1
2025-03-11,Referral,/contact,Contact,5,7,19,0.1714,197.8,2.78,1,0
2025-03-11,Referral,/signup,Signup,7,10,20,0.1672,127.3,1.97,0,1
2025-03-11,Referral,/checkout,Checkout,5,6,21,0.1281,249.6,3.44,0,0
2025-03-11,Referral,/thank-you,Thank You,3,4,12,0.08,127.6,3.06,0,0
2025-03-11,Organic Social,/,Home,11,16,22,0.6962,102.2,1.37,0,0
2025-03-11,Organic Social,/products,Products,18,21,57,0.5597,148.2,2.73,1,0
2025-03-11,Organic Social,/pricing,Pricing,9,13,35,0.5207,112.7,2.69,0,0
2025-03-11,Organic Social,/blog,Blog,10,14,22,0.7781,65.1,1.6,0,0
2025-03-11,Organic Social,/product-a,Product A,6,9,20,0.5349,130.0,2.17,0,0
2025-03-11,Organic Social,/product-b,Product B,5,7,16,0.6427,112.1,2.36,0,0
2025-03-11,Organic Social,/contact,Contact,9,11,23,0.4307,94.2,2.13,1,0
2025-03-11,Organic Social,/signup,Signup,5,7,9,0.3238,67.9,1.22,0,0
2025-03-11,Organic Social,/checkout,Checkout,8,10,26,0.2995,168.7,2.6,0,1
2025-03-11,Organic Social,/thank-you,Thank You,4,6,14,0.3047,46.9,2.34,0,0
2025-03-11,Paid Social,/,Home,20,25,25,0.6316,125.2,1.0,0,1
2025-03-11,Paid Social,/products,Products,11,15,34,0.6251,85.2,2.27,0,1
2025-03-11,Paid Social,/pricing,Pricing,9,10,17,0.596,85.1,1.69,0,0
2025-03-11,Paid Social,/blog,Blog,7,11,18,0.7369,130.3,1.65,0,0
2025-03-11,Paid Social,/product-a,Product A,11,13,32,0.496,59.3,2.46,0,0
2025-03-11,Paid Social,/product-b,Product B,10,11,38,0.5008,171.7,3.48,0,1
2025-03-11,Paid Social,/contact,Contact,7,8,19,0.5104,105.7,2.43,0,0
2025-03-11,Paid Social,/signup,Signup,7,9,18,0.574,119.0,2.0,0,2
2025-03-11,Paid Social,/checkout,Checkout,6,7,15,0.446,26.7,2.08,0,0
2025-03-11,Paid Social,/thank-you,Thank You,2,4,5,0.3734,79.8,1.29,0,0
2025-03-11,Email,/,Home,7,11,39,0.2565,211.2,3.51,1,1
2025-03-11,Email,/products,Products,5,7,24,0.2231,254.9,3.41,0,1
2025-03-11,Email,/pricing,Pricing,5,7,31,0.2965,235.2,4.39,1,0
2025-03-11,Email,/blog,Blog,6,8,22,0.4388,277.1,2.76,1,1
2025-03-11,Email,/product-a,Product A,5,7,24,0.308,267.8,3.41,0,0
2025-03-11,Email,/product-b,Product B,4,5,18,0.2534,255.3,3.67,0,0
2025-03-11,Email,/contact,Contact,3,5,13,0.1916,204.9,2.66,1,1
2025-03-11,Email,/signup,Signup,3,5,16,0.2083,155.8,3.12,3,0
2025-03-11,Email,/checkout,Checkout,2,3,11,0.2211,216.5,3.58,1,0
2025-03-11,Email,/thank-you,Thank You,1,2,6,0.0907,265.9,3.13,1,0
2025-03-12,Organic Search,/,Home,51,64,134,0.457,243.1,2.1,2,4
2025-03-12,Organic Search,/products,Products,42,54,195,0.2896,190.6,3.61,3,2
2025-03-12,Organic Search,/pricing,Pricing,26,34,134,0.3136,246.9,3.93,1,3
2025-03-12,Organic Search,/blog,Blog,24,35,109,0.4604,128.6,3.11,3,2
2025-03-12,Organic Search,/product-a,Product A,17,20,73,0.418,226.4,3.65,0,0
2025-03-12,Organic Search,/product-b,Product B,16,21,81,0.3963,182.2,3.85,1,0
2025-03-12,Organic Search,/contact,Contact,16,24,62,0.3203,162.8,2.57,2,0
2025-03-12,Organic Search,/signup,Signup,27,31,80,0.2574,163.4,2.58,2,4
2025-03-12,Organic Search,/checkout,Checkout,16,22,83,0.2332,203.9,3.79,1,3
2025-03-12,Organic Search,/thank-you,Thank You,13,16,31,0.1657,234.0,1.92,2,0
2025-03-12,Paid Search,/,Home,18,27,72,0.474,128.4,2.67,2,2
2025-03-12,Paid Search,/products,Products,13,18,65,0.4458,137.0,3.63,0,0
2025-03-12,Paid Search,/pricing,Pricing,16,20,67,0.476,144.6,3.36,2,1
2025-03-12,Paid Search,/blog,Blog,18,20,36,0.6398,134.6,1.81,0,0
2025-03-12,Paid Search,/product-a,Product A,10,15,56,0.4795,188.4,3.71,1,2
2025-03-12,Paid Search,/product-b,Product B,10,14,36,0.4734,159.4,2.56,0,2
2025-03-12,Paid Search,/contact,Contact,7,9,22,0.4016,106.3,2.43,0,0
2025-03-12,Paid Search,/signup,Signup,13,16,40,0.2589,124.1,2.47,1,4
2025-03-12,Paid Search,/checkout,Checkout,8,10,14,0.2691,182.2,1.43,1,2
2025-03-12,Paid Search,/thank-you,Thank You,4,6,14,0.2923,98.1,2.41,1,0
2025-03-12,Direct,/,Home,26,34,70,0.3954,132.9,2.05,2,2
2025-03-12,Direct,/products,Products,20,29,89,0.4717,106.4,3.07,0,2
2025-03-12,Direct,/pricing,Pricing,22,25,92,0.3449,120.8,3.66,2,0
2025-03-12,Direct,/blog,Blog,28,32,62,0.5332,174.8,1.94,1,0
2025-03-12,Direct,/product-a,Product A,16,23,70,0.3739,129.4,3.05,0,1
2025-03-12,Direct,/product-b,Product B,9,13,49,0.3798,230.3,3.75,0,3
2025-03-12,Direct,/contact,Contact,8,11,33,0.2406,146.4,2.96,0,0
2025-03-12,Direct,/signup,Signup,12,17,50,0.1889,129.8,2.94,3,0
2025-03-12,Direct,/checkout,Checkout,15,19,47,0.2805,185.5,2.46,1,0
2025-03-12,Direct,/thank-you,Thank You,6,9,22,0.1155,92.4,2.39,1,2
2025-03-12,Referral,/,Home,18,25,74,0.438,173.8,2.96,3,1
2025-03-12,Referral,/products,Products,14,20,87,0.2999,109.3,4.35,1,1
2025-03-12,Referral,/pricing,Pricing,13,16,56,0.2918,246.9,3.5,1,1
2025-03-12,Referral,/blog,Blog,21,29,96,0.3686,150.6,3.3,0,2
2025-03-12,Referral,/product-a,Product A,18,23,81,0.4456,225.5,3.5,0,3
2025-03-12,Referral,/product-b,Product B,16,18,68,0.2368,191.6,3.77,1,0
2025-03-12,Referral,/contact,Contact,7,8,31,0.2567,194.1,3.9,1,0
2025-03-12,Referral,/signup,Signup,7,9,28,0.08,185.4,3.17,1,3
2025-03-12,Referral,/checkout,Checkout,6,8,24,0.08,196.9,2.99,1,0
2025-03-12,Referral,/thank-you,Thank You,5,7,23,0.09,147.0,3.25,0,3
2025-03-12,Organic Social,/,Home,27,36,84,0.6441,82.3,2.32,1,1
2025-03-12,Organic Social,/products,Products,15,22,58,0.5086,107.7,2.66,0,0
2025-03-12,Organic Social,/pricing,Pricing,14,17,38,0.6041,109.1,2.24,0,1
2025-03-12,Organic Social,/blog,Blog,12,14,27,0.6078,94.7,1.91,0,1
2025-03-12,Organic Social,/product-a,Product A,11,14,37,0.4177,153.8,2.67,1,0
2025-03-12,Organic Social,/product-b,Product B,11,15,42,0.6452,158.5,2.79,0,0
2025-03-12,Organic Social,/contact,Contact,6,8,8,0.5673,59.2,1.0,0,0
2025-03-12,Organic Social,/signup,Signup,10,13,15,0.3644,136.9,1.14,0,0
2025-03-12,Organic Social,/checkout,Checkout,7,9,24,0.3709,148.7,2.72,0,1
2025-03-12,Organic Social,/thank-you,Thank You,5,7,12,0.3061,39.4,1.78,0,0
2025-03-12,Paid Social,/,Home,15,17,28,0.8126,53.7,1.65,0,0
2025-03-12,Paid Social,/products,Products,10,12,26,0.7546,108.2,2.17,0,0
2025-03-12,Paid Social,/pricing,Pricing,5,7,11,0.515,74.3,1.56,0,0
2025-03-12,Paid Social,/blog,Blog,11,13,19,0.6441,109.2,1.45,1,0
2025-03-12,Paid Social,/product-a,Product A,6,7,16,0.5946,145.0,2.26,0,0
2025-03-12,Paid Social,/product-b,Product B,3,4,10,0.6081,63.3,2.39,0,0
2025-03-12,Paid Social,/contact,Contact,4,6,13,0.56,75.1,2.15,0,0
2025-03-12,Paid Social,/signup,Signup,5,7,13,0.412,20.0,1.87,0,1
2025-03-12,Paid Social,/checkout,Checkout,4,6,12,0.5737,175.2,1.95,0,1
2025-03-12,Paid Social,/thank-you,Thank You,1,2,4,0.3935,86.5,2.07,0,0
2025-03-12,Email,/,Home,7,10,38,0.3874,230.6,3.84,1,2
2025-03-12,Email,/products,Products,11,13,43,0.2409,193.2,3.32,0,0
2025-03-12,Email,/pricing,Pricing,4,6,25,0.1188,222.1,4.18,0,1
2025-03-12,Email,/blog,Blog,6,7,19,0.3733,174.3,2.78,1,1
2025-03-12,Email,/product-a,Product A,4,6,24,0.2725,240.2,4.07,1,2
2025-03-12,Email,/product-b,Product B,5,6,28,0.2612,260.9,4.71,0,0
2025-03-12,Email,/contact,Contact,4,6,15,0.2114,211.4,2.48,0,1
2025-03-12,Email,/signup,Signup,4,5,15,0.1129,135.7,3.02,0,0
2025-03-12,Email,/checkout,Checkout,3,5,16,0.08,187.9,3.17,0,1
2025-03-12,Email,/thank-you,Thank You,2,3,11,0.08,237.7,3.51,2,0
2025-03-13,Organic Search,/,Home,90,105,361,0.3989,172.7,3.44,0,9
2025-03-13,Organic Search,/products,Products,68,74,310,0.3617,145.8,4.18,3,7
2025-03-13,Organic Search,/pricing,Pricing,43,48,198,0.333,216.2,4.13,3,5
2025-03-13,Organic Search,/blog,Blog,25,36,110,0.4686,166.7,3.05,3,3
2025-03-13,Organic Search,/product-a,Product A,33,46,140,0.2925,247.2,3.05,2,0
2025-03-13,Organic Search,/product-b,Product B,22,28,98,0.3499,254.4,3.51,1,1
2025-03-13,Organic Search,/contact,Contact,26,31,100,0.2612,163.2,3.24,0,1
2025-03-13,Organic Search,/signup,Signup,27,34,86,0.2173,183.8,2.54,6,4
2025-03-13,Organic Search,/checkout,Checkout,21,29,70,0.1711,176.8,2.4,1,3
2025-03-13,Organic Search,/thank-you,Thank You,15,19,53,0.08,175.7,2.81,0,4
2025-03-13,Paid Search,/,Home,29,41,132,0.5316,65.9,3.21,0,2
2025-03-13,Paid Search,/products,Products,13,19,50,0.5282,137.2,2.65,0,0
2025-03-13,Paid Search,/pricing,Pricing,8,11,30,0.438,181.6,2.74,0,1
2025-03-13,Paid Search,/blog,Blog,15,17,17,0.7049,114.8,1.0,0,0
2025-03-13,Paid Search,/product-a,Product A,16,19,60,0.4959,187.2,3.17,1,1
2025-03-13,Paid Search,/product-b,Product B,10,13,34,0.4851,180.4,2.62,1,1
2025-03-13,Paid Search,/contact,Contact,11,14,20,0.4148,145.3,1.4,2,2
2025-03-13,Paid Search,/signup,Signup,15,17,33,0.2507,117.8,1.95,2,4
2025-03-13,Paid Search,/checkout,Checkout,7,10,22,0.2956,147.3,2.23,0,1
2025-03-13,Paid Search,/thank-you,Thank You,5,7,9,0.1963,72.6,1.35,1,2
2025-03-13,Direct,/,Home,44,59,148,0.4177,202.8,2.5,2,5
2025-03-13,Direct,/products,Products,47,54,160,0.3406,111.0,2.97,2,3
2025-03-13,Direct,/pricing,Pricing,21,29,97,0.4337,179.8,3.35,3,0
2025-03-13,Direct,/blog,Blog,31,43,128,0.5198,115.3,2.97,0,5
2025-03-13,Direct,/product-a,Product A,16,22,64,0.4236,183.7,2.91,2,1
2025-03-13,Direct,/product-b,Product B,18,21,65,0.3631,158.6,3.07,1,2
2025-03-13,Direct,/contact,Contact,16,22,67,0.3401,121.2,3.04,1,1
2025-03-13,Direct,/signup,Signup,19,21,65,0.3519,150.5,3.1,3,2
2025-03-13,Direct,/checkout,Checkout,18,24,75,0.1767,189.6,3.14,2,4
2025-03-13,Direct,/thank-you,Thank You,6,9,17,0.26,126.3,1.84,0,2
2025-03-13,Referral,/,Home,32,36,101,0.3262,207.8,2.81,2,3
2025-03-13,Referral,/products,Products,12,14,54,0.39,219.0,3.88,2,0
2025-03-13,Referral,/pricing,Pricing,11,14,52,0.2089,257.6,3.7,2,1
2025-03-13,Referral,/blog,Blog,10,14,41,0.4567,191.3,2.95,0,3
2025-03-13,Referral,/product-a,Product A,14,18,53,0.3609,179.3,2.95,1,0
2025-03-13,Referral,/product-b,Product B,9,14,51,0.4206,147.6,3.61,1,1
2025-03-13,Referral,/contact,Contact,9,10,23,0.1915,220.2,2.34,1,0
2025-03-13,Referral,/signup,Signup,7,9,31,0.1424,135.4,3.42,1,1
2025-03-13,Referral,/checkout,Checkout,11,13,22,0.08,202.2,1.68,1,0
2025-03-13,Referral,/thank-you,Thank You,3,4,12,0.1368,176.3,3.06,0,1
2025-03-13,Organic Social,/,Home,18,20,37,0.5159,153.7,1.87,0,0
2025-03-13,Organic Social,/products,Products,15,18,46,0.4821,108.1,2.56,1,1
2025-03-13,Organic Social,/pricing,Pricing,9,11,29,0.3909,149.3,2.59,1,0
2025-03-13,Organic Social,/blog,Blog,10,15,18,0.6723,105.4,1.23,0,0
2025-03-13,Organic Social,/product-a,Product A,10,11,16,0.5238,106.3,1.44,0,1
2025-03-13,Organic Social,/product-b,Product B,5,6,16,0.599,66.0,2.68,0,0
2025-03-13,Organic Social,/contact,Contact,5,6,15,0.5078,123.7,2.55,1,0
2025-03-13,Organic Social,/signup,Signup,6,9,19,0.4453,127.4,2.11,0,0
2025-03-13,Organic Social,/checkout,Checkout,6,8,23,0.3515,231.7,2.86,1,0
2025-03-13,Organic Social,/thank-you,Thank You,2,3,5,0.4098,77.1,1.57,0,0
2025-03-13,Paid Social,/,Home,9,12,12,0.6863,121.8,1.0,0,1
2025-03-13,Paid Social,/products,Products,7,9,20,0.6508,62.6,2.18,1,0
2025-03-13,Paid Social,/pricing,Pricing,6,7,24,0.5187,157.7,3.47,0,0
2025-03-13,Paid Social,/blog,Blog,6,10,20,0.6692,54.4,1.98,0,0
2025-03-13,Paid Social,/product-a,Product A,5,8,17,0.6933,115.2,2.17,0,0
2025-03-13,Paid Social,/product-b,Product B,3,5,14,0.6444,147.0,2.87,0,0
2025-03-13,Paid Social,/contact,Contact,5,7,13,0.4414,57.6,1.89,1,0
2025-03-13,Paid Social,/signup,Signup,7,8,16,0.3645,81.2,1.98,0,0
2025-03-13,Paid Social,/checkout,Checkout,3,5,8,0.4659,174.0,1.65,0,0
2025-03-13,Paid Social,/thank-you,Thank You,2,3,3,0.3969,112.9,1.0,0,0
2025-03-13,Email,/,Home,8,12,41,0.4525,220.9,3.39,1,2
2025-03-13,Email,/products,Products,7,10,45,0.3406,213.3,4.45,1,0
2025-03-13,Email,/pricing,Pricing,5,6,24,0.23,206.8,3.99,0,0
2025-03-13,Email,/blog,Blog,4,6,25,0.4136,200.5,4.11,0,0
2025-03-13,Email,/product-a,Product A,4,5,21,0.1731,195.9,4.19,0,0
2025-03-13,Email,/product-b,Product B,3,5,21,0.2491,232.7,4.22,0,1
2025-03-13,Email,/contact,Contact,2,3,12,0.131,242.3,4.02,1,0
2025-03-13,Email,/signup,Signup,2,3,11,0.1471,126.8,3.68,1,0
2025-03-13,Email,/checkout,Checkout,3,5,15,0.08,173.0,2.99,1,0
2025-03-13,Email,/thank-you,Thank You,1,2,9,0.08,232.0,4.69,0,0
2025-03-14,Organic Search,/,Home,27,30,59,0.4564,160.6,1.96,1,2
2025-03-14,Organic Search,/products,Products,22,27,81,0.265,156.9,2.99,1,0
2025-03-14,Organic Search,/pricing,Pricing,10,15,49,0.247,177.3,3.27,0,2
2025-03-14,Organic Search,/blog,Blog,22,25,78,0.3924,122.8,3.13,2,1
2025-03-14,Organic Search,/product-a,Product A,6,10,37,0.3028,188.0,3.72,0,1
2025-03-14,Organic Search,/product-b,Product B,9,14,51,0.4534,196.4,3.67,1,2
2025-03-14,Organic Search,/contact,Contact,5,7,22,0.2881,237.9,3.17,0,1
2025-03-14,Organic Search,/signup,Signup,9,13,46,0.1398,189.1,3.51,1,1
2025-03-14,Organic Search,/checkout,Checkout,12,14,48,0.1111,208.9,3.45,0,2
2025-03-14,Organic Search,/thank-you,Thank You,4,5,11,0.08,199.2,2.12,0,1
2025-03-14,Paid Search,/,Home,19,26,44,0.5395,208.8,1.69,2,2
2025-03-14,Paid Search,/products,Products,11,14,46,0.4154,144.9,3.27,2,1
2025-03-14,Paid Search,/pricing,Pricing,5,8,16,0.3996,152.6,1.97,1,2
2025-03-14,Paid Search,/blog,Blog,12,15,33,0.4792,140.9,2.22,1,0
2025-03-14,Paid Search,/product-a,Product A,7,9,36,0.5015,203.4,3.96,0,1
2025-03-14,Paid Search,/product-b,Product B,7,10,41,0.4529,181.7,4.07,0,0
2025-03-14,Paid Search,/contact,Contact,3,4,11,0.3748,118.6,2.77,0,0
2025-03-14,Paid Search,/signup,Signup,6,9,25,0.3148,132.0,2.76,0,2
2025-03-14,Paid Search,/checkout,Checkout,4,6,11,0.3549,189.5,1.9,2,0
2025-03-14,Paid Search,/thank-you,Thank You,3,4,10,0.3181,140.2,2.6,0,0
2025-03-14,Direct,/,Home,14,21,47,0.4776,157.9,2.24,1,1
2025-03-14,Direct,/products,Products,17,25,92,0.3389,99.8,3.66,0,4
2025-03-14,Direct,/pricing,Pricing,11,14,37,0.4275,189.7,2.66,1,1
2025-03-14,Direct,/blog,Blog,14,21,50,0.4615,186.2,2.4,0,1
2025-03-14,Direct,/product-a,Product A,15,17,61,0.3538,118.5,3.57,1,2
2025-03-14,Direct,/product-b,Product B,8,11,44,0.3501,157.5,3.96,0,1
2025-03-14,Direct,/contact,Contact,5,7,20,0.3857,149.4,2.81,0,1
2025-03-14,Direct,/signup,Signup,13,17,42,0.27,208.2,2.45,0,3
2025-03-14,Direct,/checkout,Checkout,6,8,19,0.2174,242.6,2.43,0,1
2025-03-14,Direct,/thank-you,Thank You,3,5,12,0.2244,142.5,2.36,1,0
2025-03-14,Referral,/,Home,13,20,48,0.3717,205.1,2.4,2,1
2025-03-14,Referral,/products,Products,13,14,50,0.3731,208.6,3.56,0,1
2025-03-14,Referral,/pricing,Pricing,8,9,40,0.2293,176.8,4.49,1,0
2025-03-14,Referral,/blog,Blog,9,11,24,0.4334,223.5,2.17,1,0
2025-03-14,Referral,/product-a,Product A,3,5,19,0.2888,169.8,3.74,0,0
2025-03-14,Referral,/product-b,Product B,6,9,26,0.2668,214.8,2.92,0,0
2025-03-14,Referral,/contact,Contact,4,6,18,0.2761,129.3,3.03,0,1
2025-03-14,Referral,/signup,Signup,3,4,14,0.08,179.1,3.42,0,2
2025-03-14,Referral,/checkout,Checkout,4,6,18,0.1704,202.0,3.06,0,1
2025-03-14,Referral,/thank-you,Thank You,3,4,15,0.08,213.5,3.67,1,0
2025-03-14,Organic Social,/,Home,10,14,37,0.6592,80.0,2.65,0,0
2025-03-14,Organic Social,/products,Products,12,15,41,0.665,29.8,2.71,0,0
2025-03-14,Organic Social,/pricing,Pricing,4,6,18,0.4915,138.3,3.05,0,0
2025-03-14,Organic Social,/blog,Blog,7,10,10,0.6719,65.9,1.03,0,0
2025-03-14,Organic Social,/product-a,Product A,5,7,18,0.5716,128.1,2.61,0,0
2025-03-14,Organic Social,/product-b,Product B,8,9,28,0.4479,107.3,3.13,0,0
2025-03-14,Organic Social,/contact,Contact,5,6,13,0.3835,84.5,2.18,0,0
2025-03-14,Organic Social,/signup,Signup,8,9,20,0.3636,59.9,2.27,0,0
2025-03-14,Organic Social,/checkout,Checkout,5,7,11,0.3017,142.8,1.64,2,0
2025-03-14,Organic Social,/thank-you,Thank You,2,3,8,0.2527,149.3,2.77,0,0
2025-03-14,Paid Social,/,Home,6,7,12,0.5692,54.4,1.75,0,0
2025-03-14,Paid Social,/products,Products,3,5,10,0.5096,135.9,2.06,0,0
2025-03-14,Paid Social,/pricing,Pricing,4,6,11,0.5026,103.4,1.75,0,0
2025-03-14,Paid Social,/blog,Blog,5,6,13,0.7443,60.3,2.12,0,0
2025-03-14,Paid Social,/product-a,Product A,4,5,9,0.6167,64.4,1.9,0,0
2025-03-14,Paid Social,/product-b,Product B,3,4,10,0.6024,84.7,2.49,0,0
2025-03-14,Paid Social,/contact,Contact,2,3,4,0.4466,113.7,1.24,1,0
2025-03-14,Paid Social,/signup,Signup,3,4,8,0.5287,85.0,1.93,0,1
2025-03-14,Paid Social,/checkout,Checkout,1,2,2,0.3662,186.3,1.0,0,0
2025-03-14,Paid Social,/thank-you,Thank You,1,2,5,0.2593,103.2,2.27,0,0
2025-03-14,Email,/,Home,4,6,15,0.3412,246.5,2.48,1,0
2025-03-14,Email,/products,Products,3,4,16,0.218,270.8,4.04,0,0
2025-03-14,Email,/pricing,Pricing,2,3,15,0.3555,281.7,4.98,0,0
2025-03-14,Email,/blog,Blog,3,5,14,0.3807,241.8,2.79,1,0
2025-03-14,Email,/product-a,Product A,3,4,14,0.1368,263.3,3.53,0,0
2025-03-14,Email,/product-b,Product B,2,3,14,0.2899,252.1,4.77,1,0
2025-03-14,Email,/contact,Contact,1,2,7,0.1502,164.5,3.53,0,0
2025-03-14,Email,/signup,Signup,2,3,10,0.2516,248.9,3.44,2,1
2025-03-14,Email,/checkout,Checkout,1,1,4,0.08,269.8,4.08,1,0
2025-03-14,Email,/thank-you,Thank You,1,1,3,0.08,192.7,3.13,1,1
2025-03-15,Organic Search,/,Home,52,60,169,0.3741,161.1,2.82,2,1
2025-03-15,Organic Search,/products,Products,30,34,137,0.4335,150.0,4.03,1,1
2025-03-15,Organic Search,/pricing,Pricing,27,35,138,0.2574,144.5,3.94,1,0
2025-03-15,Organic Search,/blog,Blog,35,44,140,0.5628,186.3,3.19,1,2
2025-03-15,Organic Search,/product-a,Product A,27,34,119,0.3583,200.7,3.51,3,2
2025-03-15,Organic Search,/product-b,Product B,19,26,81,0.4539,259.6,3.12,2,2
2025-03-15,Organic Search,/contact,Contact,17,23,66,0.2465,215.9,2.85,1,3
2025-03-15,Organic Search,/signup,Signup,12,16,47,0.2931,120.0,2.96,1,2
2025-03-15,Organic Search,/checkout,Checkout,15,19,40,0.1445,259.0,2.08,1,6
2025-03-15,Organic Search,/thank-you,Thank You,9,13,40,0.1061,64.8,3.11,3,0
2025-03-15,Paid Search,/,Home,18,21,57,0.431,153.1,2.73,3,1
2025-03-15,Paid Search,/products,Products,10,13,40,0.503,97.5,3.11,2,0
2025-03-15,Paid Search,/pricing,Pricing,12,14,40,0.2592,151.1,2.85,1,0
2025-03-15,Paid Search,/blog,Blog,11,14,18,0.6293,158.7,1.31,2,3
2025-03-15,Paid Search,/product-a,Product A,9,14,38,0.4705,110.0,2.72,0,1
2025-03-15,Paid Search,/product-b,Product B,7,9,37,0.4881,208.6,4.17,0,0
2025-03-15,Paid Search,/contact,Contact,4,6,15,0.3869,107.7,2.46,0,0
2025-03-15,Paid Search,/signup,Signup,8,11,20,0.1848,124.5,1.8,1,2
2025-03-15,Paid Search,/checkout,Checkout,6,8,21,0.3034,108.1,2.64,0,4
2025-03-15,Paid Search,/thank-you,Thank You,5,6,11,0.3572,70.9,1.8,0,0
2025-03-15,Direct,/,Home,30,34,98,0.5023,91.4,2.87,1,2
2025-03-15,Direct,/products,Products,31,36,139,0.4943,171.3,3.87,3,1
2025-03-15,Direct,/pricing,Pricing,25,28,96,0.3066,142.2,3.41,2,0
2025-03-15,Direct,/blog,Blog,20,25,68,0.5028,204.2,2.74,1,2
2025-03-15,Direct,/product-a,Product A,11,15,52,0.3432,218.0,3.44,1,0
2025-03-15,Direct,/product-b,Product B,13,16,54,0.3615,188.0,3.39,2,1
2025-03-15,Direct,/contact,Contact,9,10,22,0.3134,158.7,2.25,0,2
2025-03-15,Direct,/signup,Signup,14,19,53,0.1894,93.0,2.81,0,2
2025-03-15,Direct,/checkout,Checkout,8,10,26,0.2548,192.4,2.62,0,3
2025-03-15,Direct,/thank-you,Thank You,5,6,20,0.1479,165.9,3.38,0,0
2025-03-15,Referral,/,Home,18,27,87,0.3983,252.7,3.21,1,0
2025-03-15,Referral,/products,Products,17,21,79,0.2813,211.7,3.77,2,0
2025-03-15,Referral,/pricing,Pricing,7,9,33,0.2279,252.2,3.63,0,0
2025-03-15,Referral,/blog,Blog,8,12,35,0.4358,228.2,2.88,0,2
2025-03-15,Referral,/product-a,Product A,13,15,55,0.2844,219.0,3.67,1,0
2025-03-15,Referral,/product-b,Product B,6,8,31,0.2963,197.3,3.85,0,1
2025-03-15,Referral,/contact,Contact,8,10,25,0.2112,185.2,2.47,0,0
2025-03-15,Referral,/signup,Signup,7,10,41,0.1405,107.7,4.08,2,1
2025-03-15,Referral,/checkout,Checkout,6,7,23,0.1172,188.7,3.3,1,2
2025-03-15,Referral,/thank-you,Thank You,2,3,10,0.08,158.6,3.18,0,0
2025-03-15,Organic Social,/,Home,15,17,45,0.6331,61.3,2.66,1,2
2025-03-15,Organic Social,/products,Products,7,10,34,0.6232,37.0,3.38,0,0
2025-03-15,Organic Social,/pricing,Pricing,4,6,14,0.4479,138.3,2.37,0,0
2025-03-15,Organic Social,/blog,Blog,7,10,24,0.6837,122.1,2.37,0,0
2025-03-15,Organic Social,/product-a,Product A,5,6,17,0.5239,122.1,2.79,0,0
2025-03-15,Organic Social,/product-b,Product B,6,8,12,0.5001,173.0,1.56,0,0
2025-03-15,Organic Social,/contact,Contact,4,5,11,0.4578,152.9,2.28,0,0
2025-03-15,Organic Social,/signup,Signup,2,4,8,0.3589,173.7,2.03,0,0
2025-03-15,Organic Social,/checkout,Checkout,4,5,5,0.3275,110.8,1.0,1,0
2025-03-15,Organic Social,/thank-you,Thank You,3,4,5,0.3515,126.0,1.2,1,0
2025-03-15,Paid Social,/,Home,6,8,19,0.8149,71.8,2.39,0,0
2025-03-15,Paid Social,/products,Products,6,8,15,0.6494,34.6,1.86,0,0
2025-03-15,Paid Social,/pricing,Pricing,5,6,14,0.6224,107.7,2.26,0,0
2025-03-15,Paid Social,/blog,Blog,3,4,6,0.6863,32.6,1.47,0,0
2025-03-15,Paid Social,/product-a,Product A,5,6,9,0.6588,128.8,1.5,0,0
2025-03-15,Paid Social,/product-b,Product B,2,4,9,0.609,179.6,2.27,0,0
2025-03-15,Paid Social,/contact,Contact,2,3,5,0.4401,90.1,1.61,0,0
2025-03-15,Paid Social,/signup,Signup,2,3,6,0.4143,82.0,1.95,0,0
2025-03-15,Paid Social,/checkout,Checkout,1,2,2,0.354,128.7,1.2,0,1
2025-03-15,Paid Social,/thank-you,Thank You,1,2,3,0.4111,117.7,1.56,0,0
2025-03-15,Email,/,Home,8,10,33,0.376,280.9,3.26,3,2
2025-03-15,Email,/products,Products,4,5,20,0.3196,223.2,3.92,2,0
2025-03-15,Email,/pricing,Pricing,3,5,19,0.1036,299.3,3.89,1,0
2025-03-15,Email,/blog,Blog,4,6,21,0.4501,195.6,3.55,0,1
2025-03-15,Email,/product-a,Product A,3,4,20,0.2372,240.9,4.9,0,1
2025-03-15,Email,/product-b,Product B,2,3,12,0.3103,207.1,3.87,1,0
2025-03-15,Email,/contact,Contact,2,3,11,0.1186,142.8,3.75,0,0
2025-03-15,Email,/signup,Signup,3,4,16,0.2082,191.8,3.88,1,2
2025-03-15,Email,/checkout,Checkout,1,2,6,0.117,273.9,2.94,0,0
2025-03-15,Email,/thank-you,Thank You,1,2,5,0.1121,234.3,2.65,0,0
2025-03-16,Organic Search,/,Home,36,46,189,0.3863,190.9,4.11,2,5
2025-03-16,Organic Search,/products,Products,25,27,111,0.435,166.7,4.13,2,2
2025-03-16,Organic Search,/pricing,Pricing,13,17,64,0.3324,190.6,3.78,0,1
2025-03-16,Organic Search,/blog,Blog,16,24,58,0.5328,117.6,2.42,0,1
2025-03-16,Organic Search,/product-a,Product A,14,20,73,0.3611,177.9,3.67,0,0
2025-03-16,Organic Search,/product-b,Product B,10,15,47,0.3332,195.4,3.13,0,0
2025-03-16,Organic Search,/contact,Contact,8,10,34,0.2113,106.2,3.41,1,2
2025-03-16,Organic Search,/signup,Signup,12,18,54,0.1514,142.8,3.03,0,5
2025-03-16,Organic Search,/checkout,Checkout,13,15,41,0.08,199.1,2.72,1,1
2025-03-16,Organic Search,/thank-you,Thank You,4,5,14,0.1212,204.2,2.85,2,2
2025-03-16,Paid Search,/,Home,21,29,66,0.5851,156.3,2.28,1,1
2025-03-16,Paid Search,/products,Products,17,21,84,0.4433,115.4,3.98,1,1
2025-03-16,Paid Search,/pricing,Pricing,18,21,42,0.3243,157.2,2.02,2,3
2025-03-16,Paid Search,/blog,Blog,12,17,33,0.5716,147.8,1.91,0,0
2025-03-16,Paid Search,/product-a,Product A,15,19,52,0.295,204.3,2.72,0,0
2025-03-16,Paid Search,/product-b,Product B,7,11,28,0.4813,179.9,2.56,1,0
2025-03-16,Paid Search,/contact,Contact,9,13,28,0.3577,137.8,2.17,0,0
2025-03-16,Paid Search,/signup,Signup,7,10,23,0.2821,221.0,2.35,2,1
2025-03-16,Paid Search,/checkout,Checkout,7,9,28,0.2985,137.7,3.13,0,2
2025-03-16,Paid Search,/thank-you,Thank You,6,8,14,0.1552,118.3,1.76,1,3
2025-03-16,Direct,/,Home,34,47,102,0.5338,219.8,2.18,4,3
2025-03-16,Direct,/products,Products,23,28,81,0.4706,104.8,2.9,1,3
2025-03-16,Direct,/pricing,Pricing,10,12,31,0.2805,162.1,2.55,0,0
2025-03-16,Direct,/blog,Blog,21,25,74,0.6276,178.4,2.97,1,3
2025-03-16,Direct,/product-a,Product A,15,22,74,0.386,252.3,3.36,1,2
2025-03-16,Direct,/product-b,Product B,13,19,77,0.3993,119.3,4.04,0,0
2025-03-16,Direct,/contact,Contact,11,14,47,0.3067,131.1,3.35,0,0
2025-03-16,Direct,/signup,Signup,7,11,26,0.2705,105.8,2.37,1,1
2025-03-16,Direct,/checkout,Checkout,16,18,42,0.2468,262.1,2.31,1,3
2025-03-16,Direct,/thank-you,Thank You,5,8,26,0.1485,121.9,3.26,1,1
2025-03-16,Referral,/,Home,14,17,62,0.3287,233.3,3.65,2,2
2025-03-16,Referral,/products,Products,9,11,38,0.4238,160.1,3.41,0,1
2025-03-16,Referral,/pricing,Pricing,7,9,43,0.4213,182.9,4.76,0,1
2025-03-16,Referral,/blog,Blog,7,9,31,0.4485,182.8,3.43,0,2
2025-03-16,Referral,/product-a,Product A,6,10,38,0.2893,208.1,3.84,0,1
2025-03-16,Referral,/product-b,Product B,5,7,32,0.3818,195.4,4.63,0,0
2025-03-16,Referral,/contact,Contact,6,8,29,0.2964,214.0,3.57,0,1
2025-03-16,Referral,/signup,Signup,5,6,18,0.1698,165.5,2.92,1,3
2025-03-16,Referral,/checkout,Checkout,6,8,30,0.08,221.4,3.76,1,2
2025-03-16,Referral,/thank-you,Thank You,2,3,7,0.08,156.9,2.27,1,1
2025-03-16,Organic Social,/,Home,15,21,47,0.7401,92.6,2.24,0,0
2025-03-16,Organic Social,/products,Products,6,8,20,0.6151,50.4,2.46,0,0
2025-03-16,Organic Social,/pricing,Pricing,7,9,19,0.6038,99.5,2.14,0,0
2025-03-16,Organic Social,/blog,Blog,9,12,25,0.6579,124.9,2.11,1,0
2025-03-16,Organic Social,/product-a,Product A,4,7,17,0.6132,133.5,2.4,1,0
2025-03-16,Organic Social,/product-b,Product B,3,4,11,0.5971,95.6,2.81,0,0
2025-03-16,Organic Social,/contact,Contact,5,7,9,0.332,106.6,1.25,0,0
2025-03-16,Organic Social,/signup,Signup,5,7,16,0.3321,129.4,2.22,0,0
2025-03-16,Organic Social,/checkout,Checkout,5,6,11,0.3487,109.6,1.83,0,0
2025-03-16,Organic Social,/thank-you,Thank You,2,3,7,0.3108,110.1,2.36,0,0
2025-03-16,Paid Social,/,Home,9,13,29,0.6824,34.4,2.22,0,0
2025-03-16,Paid Social,/products,Products,4,6,10,0.536,39.4,1.7,0,0
2025-03-16,Paid Social,/pricing,Pricing,6,7,14,0.5103,138.4,2.01,0,0
2025-03-16,Paid Social,/blog,Blog,4,5,7,0.7254,30.6,1.34,0,0
2025-03-16,Paid Social,/product-a,Product A,5,8,20,0.5709,125.4,2.54,0,1
2025-03-16,Paid Social,/product-b,Product B,2,4,9,0.6151,161.2,2.32,0,0
2025-03-16,Paid Social,/contact,Contact,4,5,5,0.3812,146.4,1.0,0,0
2025-03-16,Paid Social,/signup,Signup,2,3,8,0.3552,145.0,2.61,0,0
2025-03-16,Paid Social,/checkout,Checkout,2,4,4,0.3124,197.8,1.0,0,1
2025-03-16,Paid Social,/thank-you,Thank You,1,2,2,0.3013,54.3,1.0,0,0
2025-03-16,Email,/,Home,5,7,15,0.4162,252.2,2.18,1,0
2025-03-16,Email,/products,Products,2,3,11,0.2669,158.0,3.7,0,0
2025-03-16,Email,/pricing,Pricing,3,4,17,0.2815,178.3,4.21,0,1
2025-03-16,Email,/blog,Blog,1,2,5,0.4912,175.0,2.74,0,0
2025-03-16,Email,/product-a,Product A,1,2,8,0.3308,255.7,3.91,0,0
2025-03-16,Email,/product-b,Product B,1,2,7,0.2836,216.4,3.33,0,0
2025-03-16,Email,/contact,Contact,1,1,3,0.1369,195.6,3.26,1,0
2025-03-16,Email,/signup,Signup,2,3,11,0.08,199.2,3.58,2,2
2025-03-16,Email,/checkout,Checkout,1,1,3,0.0972,207.6,3.2,0,0
2025-03-16,Email,/thank-you,Thank You,1,1,3,0.08,179.4,3.34,0,0
2025-03-17,Organic Search,/,Home,32,40,114,0.3323,223.6,2.85,2,2
2025-03-17,Organic Search,/products,Products,20,24,70,0.3233,152.2,2.93,1,0
2025-03-17,Organic Search,/pricing,Pricing,15,19,79,0.2993,203.5,4.16,1,0
2025-03-17,Organic Search,/blog,Blog,8,12,26,0.4498,229.1,2.14,0,1
2025-03-17,Organic Search,/product-a,Product A,13,15,53,0.3425,214.4,3.56,1,0
2025-03-17,Organic Search,/product-b,Product B,5,8,33,0.4054,148.0,4.12,0,0
2025-03-17,Organic Search,/contact,Contact,8,10,25,0.2604,150.9,2.54,1,0
2025-03-17,Organic Search,/signup,Signup,14,16,57,0.1866,103.3,3.54,2,0
2025-03-17,Organic Search,/checkout,Checkout,10,13,35,0.2065,176.6,2.68,0,1
2025-03-17,Organic Search,/thank-you,Thank You,4,5,12,0.2366,179.2,2.36,0,1
2025-03-17,Paid Search,/,Home,11,16,32,0.4598,140.1,2.0,0,2
2025-03-17,Paid Search,/products,Products,11,15,30,0.3901,157.8,2.0,1,1
2025-03-17,Paid Search,/pricing,Pricing,10,12,30,0.3102,95.4,2.47,0,2
2025-03-17,Paid Search,/blog,Blog,15,18,42,0.5507,79.2,2.31,0,1
2025-03-17,Paid Search,/product-a,Product A,9,11,31,0.5111,192.4,2.78,1,1
2025-03-17,Paid Search,/product-b,Product B,8,10,26,0.4525,205.1,2.64,1,0
2025-03-17,Paid Search,/contact,Contact,6,8,18,0.3127,77.3,2.28,0,2
2025-03-17,Paid Search,/signup,Signup,6,7,17,0.3153,186.0,2.39,1,3
2025-03-17,Paid Search,/checkout,Checkout,6,7,19,0.2614,225.2,2.71,0,0
2025-03-17,Paid Search,/thank-you,Thank You,4,6,7,0.1353,129.2,1.18,1,1
2025-03-17,Direct,/,Home,34,38,68,0.4476,127.9,1.79,1,2
2025-03-17,Direct,/products,Products,23,25,94,0.4241,170.9,3.75,1,3
2025-03-17,Direct,/pricing,Pricing,9,11,42,0.3599,242.0,3.85,0,0
2025-03-17,Direct,/blog,Blog,16,24,48,0.4418,196.0,2.01,1,4
2025-03-17,Direct,/product-a,Product A,10,15,52,0.3872,187.3,3.46,2,1
2025-03-17,Direct,/product-b,Product B,11,13,46,0.4499,221.5,3.57,0,1
2025-03-17,Direct,/contact,Contact,6,8,26,0.1862,156.5,3.25,0,1
2025-03-17,Direct,/signup,Signup,8,10,21,0.2607,148.8,2.09,0,2
2025-03-17,Direct,/checkout,Checkout,6,8,19,0.2126,167.0,2.33,1,1
2025-03-17,Direct,/thank-you,Thank You,6,8,20,0.2367,137.7,2.49,2,2
2025-03-17,Referral,/,Home,13,18,40,0.3833,140.9,2.22,0,2
2025-03-17,Referral,/products,Products,7,9,40,0.3262,182.8,4.44,2,1
2025-03-17,Referral,/pricing,Pricing,5,7,25,0.1032,275.4,3.61,0,1
2025-03-17,Referral,/blog,Blog,4,6,19,0.4552,186.2,3.25,0,0
2025-03-17,Referral,/product-a,Product A,4,6,22,0.2212,186.2,3.59,0,0
2025-03-17,Referral,/product-b,Product B,4,5,21,0.3409,224.6,4.15,0,0
2025-03-17,Referral,/contact,Contact,4,6,16,0.1931,136.7,2.75,0,0
2025-03-17,Referral,/signup,Signup,2,3,8,0.08,162.0,2.78,1,0
2025-03-17,Referral,/checkout,Checkout,5,6,17,0.1312,270.0,2.84,0,1
2025-03-17,Referral,/thank-you,Thank You,2,3,8,0.1026,202.3,2.56,0,0
2025-03-17,Organic Social,/,Home,20,22,38,0.5076,119.7,1.71,0,1
2025-03-17,Organic Social,/products,Products,8,9,23,0.636,32.3,2.59,0,0
2025-03-17,Organic Social,/pricing,Pricing,9,12,26,0.6116,147.4,2.16,1,1
2025-03-17,Organic Social,/blog,Blog,10,11,24,0.5287,146.6,2.2,1,1
2025-03-17,Organic Social,/product-a,Product A,6,9,29,0.5707,125.2,3.23,0,0
2025-03-17,Organic Social,/product-b,Product B,4,5,13,0.5385,133.7,2.57,1,0
2025-03-17,Organic Social,/contact,Contact,3,5,7,0.3215,146.9,1.35,0,0
2025-03-17,Organic Social,/signup,Signup,4,5,12,0.4209,45.3,2.5,0,0
2025-03-17,Organic Social,/checkout,Checkout,5,7,11,0.3348,95.1,1.58,0,1
2025-03-17,Organic Social,/thank-you,Thank You,3,4,8,0.2793,103.2,2.12,0,2
2025-03-17,Paid Social,/,Home,10,15,26,0.5843,23.7,1.75,0,2
2025-03-17,Paid Social,/products,Products,3,5,9,0.5898,61.5,1.76,0,0
2025-03-17,Paid Social,/pricing,Pricing,5,7,18,0.4667,128.0,2.52,0,0
2025-03-17,Paid Social,/blog,Blog,4,7,9,0.5924,59.6,1.25,0,0
2025-03-17,Paid Social,/product-a,Product A,6,7,19,0.5604,117.4,2.78,0,0
2025-03-17,Paid Social,/product-b,Product B,3,4,10,0.669,104.8,2.43,0,0
2025-03-17,Paid Social,/contact,Contact,3,5,7,0.3478,117.1,1.45,0,0
2025-03-17,Paid Social,/signup,Signup,3,4,8,0.3761,39.2,2.03,0,0
2025-03-17,Paid Social,/checkout,Checkout,2,3,4,0.4483,87.8,1.44,0,0
2025-03-17,Paid Social,/thank-you,Thank You,1,2,4,0.4162,69.1,1.91,0,0
2025-03-17,Email,/,Home,6,7,20,0.3274,216.9,2.89,0,1
2025-03-17,Email,/products,Products,5,7,33,0.2552,155.2,4.77,0,1
2025-03-17,Email,/pricing,Pricing,2,3,10,0.2807,304.3,3.35,0,0
2025-03-17,Email,/blog,Blog,3,4,15,0.4135,190.7,3.63,0,0
2025-03-17,Email,/product-a,Product A,3,4,18,0.2495,270.2,4.41,1,0
2025-03-17,Email,/product-b,Product B,2,3,16,0.1986,232.6,5.25,0,1
2025-03-17,Email,/contact,Contact,1,2,7,0.1884,189.3,3.5,0,1
2025-03-17,Email,/signup,Signup,1,2,8,0.1818,156.3,4.15,1,0
2025-03-17,Email,/checkout,Checkout,1,2,7,0.08,236.2,3.61,0,0
2025-03-17,Email,/thank-you,Thank You,1,1,3,0.08,209.5,3.36,0,0
2025-03-18,Organic Search,/,Home,24,27,84,0.3384,176.3,3.1,1,1
2025-03-18,Organic Search,/products,Products,23,27,101,0.2874,189.5,3.76,2,1
2025-03-18,Organic Search,/pricing,Pricing,17,23,78,0.3209,167.0,3.38,2,2
2025-03-18,Organic Search,/blog,Blog,21,26,58,0.5564,199.9,2.22,2,1
2025-03-18,Organic Search,/product-a,Product A,19,21,62,0.3882,191.2,2.97,0,2
2025-03-18,Organic Search,/product-b,Product B,7,11,41,0.3881,197.2,3.72,0,0
2025-03-18,Organic Search,/contact,Contact,12,18,55,0.2425,39.1,3.04,0,0
2025-03-18,Organic Search,/signup,Signup,17,22,59,0.08,233.4,2.7,3,5
2025-03-18,Organic Search,/checkout,Checkout,14,16,58,0.1728,163.5,3.65,0,1
2025-03-18,Organic Search,/thank-you,Thank You,4,6,16,0.1918,186.4,2.6,0,1
2025-03-18,Paid Search,/,Home,13,17,37,0.5995,126.4,2.16,2,1
2025-03-18,Paid Search,/products,Products,13,16,41,0.5306,105.2,2.59,1,2
2025-03-18,Paid Search,/pricing,Pricing,7,10,27,0.3815,171.4,2.72,0,1
2025-03-18,Paid Search,/blog,Blog,13,19,47,0.5946,102.6,2.49,0,2
2025-03-18,Paid Search,/product-a,Product A,5,8,25,0.5752,160.6,3.09,0,1
2025-03-18,Paid Search,/product-b,Product B,6,8,24,0.5074,171.2,2.98,0,1
2025-03-18,Paid Search,/contact,Contact,5,7,24,0.3424,129.2,3.44,0,1
2025-03-18,Paid Search,/signup,Signup,5,6,10,0.3168,102.7,1.69,1,1
2025-03-18,Paid Search,/checkout,Checkout,7,8,22,0.2499,210.9,2.78,0,2
2025-03-18,Paid Search,/thank-you,Thank You,2,3,5,0.2262,111.1,1.68,1,1
2025-03-18,Direct,/,Home,20,25,70,0.4843,136.1,2.78,0,2
2025-03-18,Direct,/products,Products,10,11,40,0.3227,90.8,3.65,0,0
2025-03-18,Direct,/pricing,Pricing,7,10,34,0.3515,128.7,3.36,0,0
2025-03-18,Direct,/blog,Blog,7,10,24,0.4987,145.5,2.36,0,1
2025-03-18,Direct,/product-a,Product A,8,12,34,0.2973,193.3,2.87,1,1
2025-03-18,Direct,/product-b,Product B,4,6,16,0.4124,198.4,2.69,0,0
2025-03-18,Direct,/contact,Contact,6,9,33,0.3461,138.8,3.66,2,0
2025-03-18,Direct,/signup,Signup,10,12,35,0.204,154.4,2.94,0,1
2025-03-18,Direct,/checkout,Checkout,6,7,18,0.276,205.0,2.54,1,1
2025-03-18,Direct,/thank-you,Thank You,3,5,10,0.298,160.8,2.1,1,0
2025-03-18,Referral,/,Home,10,15,44,0.3964,136.5,2.96,1,0
2025-03-18,Referral,/products,Products,15,17,76,0.2533,163.0,4.46,0,2
2025-03-18,Referral,/pricing,Pricing,9,12,47,0.3143,230.7,3.94,0,0
2025-03-18,Referral,/blog,Blog,10,12,41,0.4995,181.8,3.41,0,0
2025-03-18,Referral,/product-a,Product A,6,9,33,0.2614,230.7,3.67,0,0
2025-03-18,Referral,/product-b,Product B,4,6,24,0.2775,215.2,4.07,1,0
2025-03-18,Referral,/contact,Contact,5,7,24,0.2614,216.9,3.36,1,0
2025-03-18,Referral,/signup,Signup,7,8,26,0.168,220.0,3.2,0,2
2025-03-18,Referral,/checkout,Checkout,4,5,12,0.08,248.2,2.49,0,0
2025-03-18,Referral,/thank-you,Thank You,2,3,9,0.08,145.4,3.11,1,1
2025-03-18,Organic Social,/,Home,10,15,39,0.6804,43.0,2.58,1,0
2025-03-18,Organic Social,/products,Products,7,8,20,0.6001,75.7,2.45,0,0
2025-03-18,Organic Social,/pricing,Pricing,4,6,23,0.4526,168.2,3.76,0,1
2025-03-18,Organic Social,/blog,Blog,6,9,14,0.6551,126.7,1.6,0,0
2025-03-18,Organic Social,/product-a,Product A,6,9,24,0.5272,140.0,2.63,1,2
2025-03-18,Organic Social,/product-b,Product B,4,6,10,0.6508,219.6,1.72,0,0
2025-03-18,Organic Social,/contact,Contact,4,5,12,0.4723,23.9,2.45,0,0
2025-03-18,Organic Social,/signup,Signup,8,9,23,0.391,141.7,2.61,0,0
2025-03-18,Organic Social,/checkout,Checkout,3,4,6,0.3368,153.6,1.57,0,0
2025-03-18,Organic Social,/thank-you,Thank You,3,4,8,0.2873,84.4,2.06,0,0
2025-03-18,Paid Social,/,Home,10,11,18,0.5719,119.2,1.64,0,1
2025-03-18,Paid Social,/products,Products,5,8,20,0.5888,86.7,2.47,0,0
2025-03-18,Paid Social,/pricing,Pricing,3,5,10,0.4952,84.2,1.95,1,0
2025-03-18,Paid Social,/blog,Blog,6,7,7,0.7842,71.7,1.0,0,0
2025-03-18,Paid Social,/product-a,Product A,3,5,12,0.6398,135.5,2.36,0,0
2025-03-18,Paid Social,/product-b,Product B,5,6,16,0.5822,118.9,2.69,0,0
2025-03-18,Paid Social,/contact,Contact,3,4,6,0.4503,132.6,1.59,0,0
2025-03-18,Paid Social,/signup,Signup,4,5,7,0.3919,113.7,1.49,1,0
2025-03-18,Paid Social,/checkout,Checkout,2,3,4,0.3958,146.1,1.45,0,0
2025-03-18,Paid Social,/thank-you,Thank You,2,3,4,0.2518,85.4,1.25,0,0
2025-03-18,Email,/,Home,8,9,37,0.3925,190.7,4.09,1,1
2025-03-18,Email,/products,Products,5,8,32,0.0836,247.3,4.05,0,1
2025-03-18,Email,/pricing,Pricing,3,5,21,0.1811,192.6,4.17,0,2
2025-03-18,Email,/blog,Blog,2,4,16,0.4012,238.8,3.96,0,0
2025-03-18,Email,/product-a,Product A,2,3,11,0.2844,275.5,3.81,1,0
2025-03-18,Email,/product-b,Product B,2,3,13,0.3233,290.5,4.33,0,1
2025-03-18,Email,/contact,Contact,2,3,8,0.1693,207.6,2.57,0,1
2025-03-18,Email,/signup,Signup,1,2,7,0.08,209.5,3.44,1,0
2025-03-18,Email,/checkout,Checkout,2,3,9,0.08,321.4,2.97,0,1
2025-03-18,Email,/thank-you,Thank You,1,2,6,0.08,134.5,2.91,0,1
2025-03-19,Organic Search,/,Home,27,31,107,0.4611,207.5,3.47,0,3
2025-03-19,Organic Search,/products,Products,18,20,59,0.3839,153.3,2.97,0,2
2025-03-19,Organic Search,/pricing,Pricing,15,22,63,0.3322,206.2,2.87,1,1
2025-03-19,Organic Search,/blog,Blog,25,28,81,0.4516,147.3,2.91,5,3
2025-03-19,Organic Search,/product-a,Product A,22,25,92,0.2567,163.2,3.69,0,1
2025-03-19,Organic Search,/product-b,Product B,11,13,53,0.3495,133.5,4.07,0,0
2025-03-19,Organic Search,/contact,Contact,8,12,35,0.2158,159.1,2.89,0,0
2025-03-19,Organic Search,/signup,Signup,13,19,50,0.163,187.7,2.63,1,2
2025-03-19,Organic Search,/checkout,Checkout,13,15,48,0.2172,210.2,3.18,0,2
2025-03-19,Organic Search,/thank-you,Thank You,6,8,22,0.1893,212.1,2.74,2,3
2025-03-19,Paid Search,/,Home,17,23,44,0.4482,130.5,1.9,0,0
2025-03-19,Paid Search,/products,Products,23,28,77,0.4592,104.6,2.75,1,0
2025-03-19,Paid Search,/pricing,Pricing,9,14,37,0.3284,192.6,2.66,2,0
2025-03-19,Paid Search,/blog,Blog,15,21,50,0.6667,130.2,2.38,3,0
2025-03-19,Paid Search,/product-a,Product A,16,19,74,0.4594,111.6,3.91,2,0
2025-03-19,Paid Search,/product-b,Product B,14,16,52,0.4773,136.2,3.23,1,3
2025-03-19,Paid Search,/contact,Contact,9,13,36,0.3149,206.0,2.79,0,1
2025-03-19,Paid Search,/signup,Signup,9,11,17,0.279,32.5,1.59,5,0
2025-03-19,Paid Search,/checkout,Checkout,8,11,28,0.3181,150.3,2.55,3,3
2025-03-19,Paid Search,/thank-you,Thank You,6,7,19,0.1905,90.0,2.71,0,1
2025-03-19,Direct,/,Home,36,48,113,0.4578,153.9,2.36,0,2
2025-03-19,Direct,/products,Products,24,27,85,0.3915,203.0,3.15,1,2
2025-03-19,Direct,/pricing,Pricing,15,22,58,0.3355,181.0,2.62,1,2
2025-03-19,Direct,/blog,Blog,13,16,49,0.4642,87.5,3.07,0,3
2025-03-19,Direct,/product-a,Product A,12,15,51,0.396,168.3,3.38,0,0
2025-03-19,Direct,/product-b,Product B,10,14,35,0.3495,158.5,2.47,0,1
2025-03-19,Direct,/contact,Contact,10,11,38,0.3753,185.9,3.47,0,1
2025-03-19,Direct,/signup,Signup,9,11,23,0.2744,200.4,2.08,2,3
2025-03-19,Direct,/checkout,Checkout,9,11,31,0.2429,256.1,2.84,0,0
2025-03-19,Direct,/thank-you,Thank You,7,8,21,0.1585,119.5,2.67,0,2
2025-03-19,Referral,/,Home,17,24,66,0.4672,221.7,2.73,1,0
2025-03-19,Referral,/products,Products,15,19,74,0.4116,221.7,3.9,0,2
2025-03-19,Referral,/pricing,Pricing,10,13,45,0.2526,284.7,3.49,0,0
2025-03-19,Referral,/blog,Blog,14,16,41,0.3197,177.7,2.55,2,0
2025-03-19,Referral,/product-a,Product A,6,7,28,0.3122,170.4,3.97,0,2
2025-03-19,Referral,/product-b,Product B,3,5,22,0.2649,204.6,4.49,0,0
2025-03-19,Referral,/contact,Contact,4,6,16,0.1502,180.8,2.7,0,0
2025-03-19,Referral,/signup,Signup,8,10,30,0.292,201.1,2.96,1,1
2025-03-19,Referral,/checkout,Checkout,5,7,23,0.2701,189.9,3.33,2,1
2025-03-19,Referral,/thank-you,Thank You,3,5,13,0.1623,137.0,2.63,0,1
2025-03-19,Organic Social,/,Home,10,11,16,0.711,67.2,1.42,1,1
2025-03-19,Organic Social,/products,Products,6,8,22,0.5639,20.0,2.71,0,0
2025-03-19,Organic Social,/pricing,Pricing,6,8,18,0.5203,124.2,2.24,1,0
2025-03-19,Organic Social,/blog,Blog,7,9,14,0.6278,114.6,1.58,0,0
2025-03-19,Organic Social,/product-a,Product A,6,9,21,0.5279,133.1,2.38,0,0
2025-03-19,Organic Social,/product-b,Product B,5,6,19,0.5837,135.6,3.22,0,0
2025-03-19,Organic Social,/contact,Contact,3,5,11,0.4805,119.3,2.13,0,0
2025-03-19,Organic Social,/signup,Signup,5,8,10,0.4157,130.7,1.22,0,0
2025-03-19,Organic Social,/checkout,Checkout,3,5,10,0.313,197.0,1.94,0,1
2025-03-19,Organic Social,/thank-you,Thank You,2,3,3,0.4334,52.5,1.03,0,0
2025-03-19,Paid Social,/,Home,9,11,24,0.7349,52.9,2.19,0,0
2025-03-19,Paid Social,/products,Products,6,9,26,0.621,127.0,2.89,0,0
2025-03-19,Paid Social,/pricing,Pricing,8,9,27,0.4639,116.4,2.96,0,0
2025-03-19,Paid Social,/blog,Blog,6,9,9,0.6777,109.4,1.0,0,0
2025-03-19,Paid Social,/product-a,Product A,6,7,9,0.6168,169.7,1.26,0,0
2025-03-19,Paid Social,/product-b,Product B,4,6,17,0.576,130.2,2.85,0,0
2025-03-19,Paid Social,/contact,Contact,4,5,11,0.2923,135.4,2.27,0,0
2025-03-19,Paid Social,/signup,Signup,6,7,7,0.4381,90.5,1.02,0,1
2025-03-19,Paid Social,/checkout,Checkout,4,5,10,0.3311,103.2,2.08,0,1
2025-03-19,Paid Social,/thank-you,Thank You,2,3,6,0.3214,93.9,2.14,0,0
2025-03-19,Email,/,Home,7,9,27,0.2529,168.2,3.04,0,0
2025-03-19,Email,/products,Products,3,5,19,0.2687,177.6,3.81,0,1
2025-03-19,Email,/pricing,Pricing,3,4,16,0.1832,294.3,4.02,0,0
2025-03-19,Email,/blog,Blog,5,7,21,0.3781,240.9,2.98,1,2
2025-03-19,Email,/product-a,Product A,2,3,12,0.2757,301.4,3.96,0,1
2025-03-19,Email,/product-b,Product B,2,3,14,0.23,197.9,4.56,0,0
2025-03-19,Email,/contact,Contact,1,2,8,0.1066,222.7,3.98,1,0
2025-03-19,Email,/signup,Signup,2,3,11,0.2062,230.5,3.5,0,0
2025-03-19,Email,/checkout,Checkout,2,3,10,0.1594,214.0,3.26,2,1
2025-03-19,Email,/thank-you,Thank You,1,2,8,0.08,188.2,3.84,0,0
2025-03-20,Organic Search,/,Home,43,52,129,0.4978,152.3,2.48,1,3
2025-03-20,Organic Search,/products,Products,40,48,194,0.3842,159.9,4.04,3,6
2025-03-20,Organic Search,/pricing,Pricing,34,42,145,0.2419,221.9,3.46,0,2
2025-03-20,Organic Search,/blog,Blog,42,50,74,0.5051,155.6,1.48,3,1
2025-03-20,Organic Search,/product-a,Product A,29,34,114,0.2387,210.3,3.35,2,1
2025-03-20,Organic Search,/product-b,Product B,17,21,63,0.2465,240.3,3.01,1,2
2025-03-20,Organic Search,/contact,Contact,25,29,65,0.2283,158.0,2.23,2,2
2025-03-20,Organic Search,/signup,Signup,27,34,62,0.2706,103.1,1.82,2,3
2025-03-20,Organic Search,/checkout,Checkout,13,18,49,0.1448,219.0,2.7,1,2
2025-03-20,Organic Search,/thank-you,Thank You,14,16,53,0.2421,100.5,3.34,2,0
2025-03-20,Paid Search,/,Home,46,51,132,0.511,110.9,2.58,3,3
2025-03-20,Paid Search,/products,Products,19,24,71,0.4885,141.2,2.95,0,1
2025-03-20,Paid Search,/pricing,Pricing,10,16,47,0.379,134.5,2.96,0,1
2025-03-20,Paid Search,/blog,Blog,16,20,34,0.6368,130.4,1.69,3,2
2025-03-20,Paid Search,/product-a,Product A,18,21,90,0.5349,167.6,4.28,0,2
2025-03-20,Paid Search,/product-b,Product B,17,21,76,0.3999,145.3,3.61,3,2
2025-03-20,Paid Search,/contact,Contact,11,13,34,0.2367,151.7,2.64,1,1
2025-03-20,Paid Search,/signup,Signup,7,10,23,0.193,108.6,2.28,1,1
2025-03-20,Paid Search,/checkout,Checkout,7,9,22,0.2071,155.0,2.42,1,1
2025-03-20,Paid Search,/thank-you,Thank You,6,9,17,0.13,129.7,1.9,1,0
2025-03-20,Direct,/,Home,55,64,205,0.5794,192.3,3.2,5,5
2025-03-20,Direct,/products,Products,33,45,164,0.3791,112.3,3.65,1,0
2025-03-20,Direct,/pricing,Pricing,23,28,90,0.2313,258.3,3.22,1,1
2025-03-20,Direct,/blog,Blog,26,35,91,0.5998,194.1,2.6,1,0
2025-03-20,Direct,/product-a,Product A,30,37,135,0.3948,194.4,3.64,1,5
2025-03-20,Direct,/product-b,Product B,16,22,76,0.3737,221.8,3.45,0,1
2025-03-20,Direct,/contact,Contact,16,22,61,0.2632,163.1,2.76,2,0
2025-03-20,Direct,/signup,Signup,15,22,64,0.2293,188.8,2.91,2,2
2025-03-20,Direct,/checkout,Checkout,9,14,35,0.2032,195.6,2.49,1,4
2025-03-20,Direct,/thank-you,Thank You,7,8,25,0.08,165.5,3.18,0,2
2025-03-20,Referral,/,Home,19,27,72,0.3506,157.4,2.65,0,1
2025-03-20,Referral,/products,Products,17,25,113,0.277,163.3,4.52,2,0
2025-03-20,Referral,/pricing,Pricing,16,21,76,0.2762,212.8,3.61,2,0
2025-03-20,Referral,/blog,Blog,17,24,51,0.497,166.4,2.12,0,1
2025-03-20,Referral,/product-a,Product A,15,17,62,0.2431,204.2,3.67,0,2
2025-03-20,Referral,/product-b,Product B,15,19,64,0.3051,153.6,3.39,0,0
2025-03-20,Referral,/contact,Contact,10,12,38,0.2222,114.6,3.17,2,2
2025-03-20,Referral,/signup,Signup,8,9,27,0.08,208.1,2.98,1,0
2025-03-20,Referral,/checkout,Checkout,14,16,58,0.1641,159.8,3.65,2,3
2025-03-20,Referral,/thank-you,Thank You,3,5,15,0.08,180.5,2.95,0,0
2025-03-20,Organic Social,/,Home,16,22,40,0.6295,80.6,1.82,0,1
2025-03-20,Organic Social,/products,Products,9,13,44,0.4801,80.6,3.35,1,1
2025-03-20,Organic Social,/pricing,Pricing,7,8,21,0.5236,152.1,2.63,0,0
2025-03-20,Organic Social,/blog,Blog,6,8,13,0.7056,121.0,1.65,1,0
2025-03-20,Organic Social,/product-a,Product A,11,14,24,0.4045,123.9,1.68,0,0
2025-03-20,Organic Social,/product-b,Product B,7,10,25,0.5246,129.4,2.45,2,0
2025-03-20,Organic Social,/contact,Contact,5,6,10,0.3675,111.8,1.67,0,0
2025-03-20,Organic Social,/signup,Signup,5,7,12,0.4211,136.3,1.74,1,0
2025-03-20,Organic Social,/checkout,Checkout,7,8,13,0.3899,131.7,1.66,0,0
2025-03-20,Organic Social,/thank-you,Thank You,3,5,11,0.2682,69.4,2.28,0,0
2025-03-20,Paid Social,/,Home,17,21,21,0.622,67.3,1.0,0,0
2025-03-20,Paid Social,/products,Products,10,14,34,0.5599,55.3,2.42,0,0
2025-03-20,Paid Social,/pricing,Pricing,8,10,30,0.5495,129.7,2.98,0,0
2025-03-20,Paid Social,/blog,Blog,6,8,8,0.6885,97.9,1.06,0,0
2025-03-20,Paid Social,/product-a,Product A,7,10,27,0.5858,104.5,2.73,0,1
2025-03-20,Paid Social,/product-b,Product B,6,9,18,0.5672,117.7,1.95,0,0
2025-03-20,Paid Social,/contact,Contact,6,7,14,0.4356,115.8,1.98,0,0
2025-03-20,Paid Social,/signup,Signup,4,6,6,0.4105,64.4,1.0,0,0
2025-03-20,Paid Social,/checkout,Checkout,2,4,7,0.4407,150.8,1.85,0,0
2025-03-20,Paid Social,/thank-you,Thank You,2,4,9,0.3559,46.1,2.22,0,0
2025-03-20,Email,/,Home,10,13,40,0.253,217.6,3.09,0,2
2025-03-20,Email,/products,Products,9,11,33,0.2849,221.3,2.99,0,1
2025-03-20,Email,/pricing,Pricing,6,8,25,0.2274,215.3,3.11,0,1
2025-03-20,Email,/blog,Blog,4,6,19,0.3791,206.5,3.18,1,0
2025-03-20,Email,/product-a,Product A,6,9,30,0.2591,218.2,3.38,1,0
2025-03-20,Email,/product-b,Product B,4,6,27,0.2572,181.7,4.43,0,1
2025-03-20,Email,/contact,Contact,4,6,23,0.0927,215.8,3.81,0,0
2025-03-20,Email,/signup,Signup,5,6,23,0.0827,174.8,3.83,1,1
2025-03-20,Email,/checkout,Checkout,2,4,13,0.08,248.7,3.36,1,0
2025-03-20,Email,/thank-you,Thank You,1,2,5,0.08,177.3,2.64,1,1
2025-03-21,Organic Search,/,Home,53,73,234,0.5053,200.4,3.21,4,6
2025-03-21,Organic Search,/products,Products,31,34,121,0.3274,172.6,3.57,1,0
2025-03-21,Organic Search,/pricing,Pricing,22,32,91,0.231,220.2,2.86,3,1
2025-03-21,Organic Search,/blog,Blog,33,36,131,0.5494,223.4,3.65,1,4
2025-03-21,Organic Search,/product-a,Product A,29,39,117,0.3633,213.4,3.01,2,3
2025-03-21,Organic Search,/product-b,Product B,17,21,75,0.3772,235.2,3.59,0,4
2025-03-21,Organic Search,/contact,Contact,15,22,78,0.2459,156.3,3.56,0,2
2025-03-21,Organic Search,/signup,Signup,18,23,73,0.204,158.9,3.15,1,1
2025-03-21,Organic Search,/checkout,Checkout,17,19,57,0.2006,227.5,3.03,3,3
2025-03-21,Organic Search,/thank-you,Thank You,11,15,40,0.1599,181.7,2.68,2,3
2025-03-21,Paid Search,/,Home,37,44,113,0.5206,116.3,2.57,5,4
2025-03-21,Paid Search,/products,Products,26,34,107,0.4174,91.9,3.16,2,4
2025-03-21,Paid Search,/pricing,Pricing,13,17,60,0.2476,198.8,3.51,0,1
2025-03-21,Paid Search,/blog,Blog,11,17,45,0.7098,151.2,2.67,3,4
2025-03-21,Paid Search,/product-a,Product A,10,13,45,0.4844,138.1,3.46,0,1
2025-03-21,Paid Search,/product-b,Product B,10,15,49,0.566,166.1,3.28,3,0
2025-03-21,Paid Search,/contact,Contact,10,12,21,0.2325,152.6,1.73,0,0
2025-03-21,Paid Search,/signup,Signup,14,19,41,0.4153,119.0,2.17,4,0
2025-03-21,Paid Search,/checkout,Checkout,12,14,30,0.3042,161.5,2.15,4,2
2025-03-21,Paid Search,/thank-you,Thank You,4,6,12,0.269,164.7,2.04,1,0
2025-03-21,Direct,/,Home,58,64,170,0.5025,140.0,2.66,1,3
2025-03-21,Direct,/products,Products,31,44,124,0.3894,95.3,2.81,1,3
2025-03-21,Direct,/pricing,Pricing,29,31,138,0.4499,153.9,4.46,0,1
2025-03-21,Direct,/blog,Blog,12,18,60,0.5195,122.0,3.35,0,1
2025-03-21,Direct,/product-a,Product A,11,16,53,0.338,158.1,3.31,0,0
2025-03-21,Direct,/product-b,Product B,18,25,96,0.4417,255.9,3.85,2,4
2025-03-21,Direct,/contact,Contact,8,12,32,0.3085,152.3,2.71,0,1
2025-03-21,Direct,/signup,Signup,18,25,59,0.3074,190.5,2.35,1,1
2025-03-21,Direct,/checkout,Checkout,10,15,44,0.1581,189.7,2.94,0,3
2025-03-21,Direct,/thank-you,Thank You,8,10,23,0.08,158.1,2.33,1,0
2025-03-21,Referral,/,Home,31,34,121,0.2703,224.8,3.56,0,1
2025-03-21,Referral,/products,Products,14,19,80,0.4014,193.1,4.18,0,3
2025-03-21,Referral,/pricing,Pricing,13,16,66,0.1652,232.5,4.13,1,1
2025-03-21,Referral,/blog,Blog,9,12,22,0.4187,186.7,1.84,2,0
2025-03-21,Referral,/product-a,Product A,16,18,82,0.217,176.6,4.56,0,2
2025-03-21,Referral,/product-b,Product B,8,9,33,0.2836,204.9,3.63,0,1
2025-03-21,Referral,/contact,Contact,6,8,30,0.1402,131.1,3.72,0,2
2025-03-21,Referral,/signup,Signup,5,7,19,0.085,133.2,2.67,1,2
2025-03-21,Referral,/checkout,Checkout,11,12,39,0.1328,186.8,3.21,2,2
2025-03-21,Referral,/thank-you,Thank You,3,4,8,0.1055,221.3,2.11,0,0
2025-03-21,Organic Social,/,Home,22,24,40,0.6538,97.8,1.68,0,0
2025-03-21,Organic Social,/products,Products,9,11,32,0.6378,69.2,2.88,0,1
2025-03-21,Organic Social,/pricing,Pricing,10,12,32,0.3958,127.4,2.7,0,0
2025-03-21,Organic Social,/blog,Blog,10,12,21,0.6074,49.0,1.74,0,0
2025-03-21,Organic Social,/product-a,Product A,6,10,27,0.4287,108.0,2.67,1,0
2025-03-21,Organic Social,/product-b,Product B,7,8,22,0.5221,205.7,2.76,0,1
2025-03-21,Organic Social,/contact,Contact,6,8,14,0.5178,88.0,1.72,1,0
2025-03-21,Organic Social,/signup,Signup,4,6,8,0.4168,100.4,1.32,0,1
2025-03-21,Organic Social,/checkout,Checkout,4,5,6,0.4624,99.7,1.14,0,0
2025-03-21,Organic Social,/thank-you,Thank You,2,3,5,0.3075,55.0,1.62,0,0
2025-03-21,Paid Social,/,Home,12,16,26,0.6465,111.6,1.63,1,0
2025-03-21,Paid Social,/products,Products,10,14,27,0.5381,30.5,1.95,1,0
2025-03-21,Paid Social,/pricing,Pricing,5,7,23,0.5913,101.8,3.26,0,0
2025-03-21,Paid Social,/blog,Blog,7,9,16,0.6994,78.1,1.81,0,0
2025-03-21,Paid Social,/product-a,Product A,7,9,24,0.5306,97.9,2.63,0,0
2025-03-21,Paid Social,/product-b,Product B,5,8,20,0.6539,132.1,2.5,0,0
2025-03-21,Paid Social,/contact,Contact,4,6,14,0.4515,35.6,2.39,0,0
2025-03-21,Paid Social,/signup,Signup,6,9,12,0.4088,115.8,1.29,0,1
2025-03-21,Paid Social,/checkout,Checkout,4,6,9,0.3565,62.4,1.42,0,0
2025-03-21,Paid Social,/thank-you,Thank You,3,5,7,0.3914,78.2,1.47,0,0
2025-03-21,Email,/,Home,8,10,31,0.4115,214.1,3.14,0,3
2025-03-21,Email,/products,Products,5,8,40,0.2538,226.8,4.94,2,0
2025-03-21,Email,/pricing,Pricing,5,6,25,0.2433,246.8,4.23,1,0
2025-03-21,Email,/blog,Blog,2,4,13,0.3559,225.7,3.22,1,0
2025-03-21,Email,/product-a,Product A,4,5,24,0.27,204.6,4.79,0,1
2025-03-21,Email,/product-b,Product B,2,3,12,0.2704,219.0,3.92,0,0
2025-03-21,Email,/contact,Contact,2,3,12,0.2968,189.9,3.89,0,0
2025-03-21,Email,/signup,Signup,2,3,9,0.08,226.2,3.04,0,0
2025-03-21,Email,/checkout,Checkout,2,3,12,0.0967,193.1,4.03,1,0
2025-03-21,Email,/thank-you,Thank You,1,1,3,0.08,270.8,3.18,0,0
2025-03-22,Organic Search,/,Home,33,46,111,0.4371,209.2,2.42,2,3
2025-03-22,Organic Search,/products,Products,35,38,122,0.3129,120.5,3.21,2,1
2025-03-22,Organic Search,/pricing,Pricing,21,23,74,0.3017,178.3,3.21,1,1
2025-03-22,Organic Search,/blog,Blog,17,22,61,0.4119,194.1,2.78,2,1
2025-03-22,Organic Search,/product-a,Product A,16,18,64,0.2473,232.3,3.58,2,0
2025-03-22,Organic Search,/product-b,Product B,13,16,67,0.3143,194.5,4.17,1,0
2025-03-22,Organic Search,/contact,Contact,8,12,29,0.2107,170.8,2.42,0,0
2025-03-22,Organic Search,/signup,Signup,8,11,25,0.2525,190.4,2.31,1,0
2025-03-22,Organic Search,/checkout,Checkout,9,12,42,0.2979,180.1,3.48,2,1
2025-03-22,Organic Search,/thank-you,Thank You,8,11,31,0.125,148.6,2.85,0,2
2025-03-22,Paid Search,/,Home,26,29,59,0.5259,191.9,2.02,2,2
2025-03-22,Paid Search,/products,Products,21,24,53,0.465,100.4,2.22,2,4
2025-03-22,Paid Search,/pricing,Pricing,12,16,45,0.4754,178.5,2.82,0,0
2025-03-22,Paid Search,/blog,Blog,16,19,36,0.4966,101.9,1.89,0,2
2025-03-22,Paid Search,/product-a,Product A,15,17,53,0.5,156.4,3.1,2,2
2025-03-22,Paid Search,/product-b,Product B,9,11,31,0.4654,148.5,2.82,1,0
2025-03-22,Paid Search,/contact,Contact,8,12,26,0.3623,115.7,2.2,1,1
2025-03-22,Paid Search,/signup,Signup,6,7,14,0.2593,110.1,2.0,1,0
2025-03-22,Paid Search,/checkout,Checkout,7,11,28,0.3427,170.8,2.54,1,2
2025-03-22,Paid Search,/thank-you,Thank You,2,3,9,0.256,191.6,3.09,0,0
2025-03-22,Direct,/,Home,26,38,72,0.5273,151.6,1.89,2,2
2025-03-22,Direct,/products,Products,17,19,49,0.483,135.2,2.55,0,1
2025-03-22,Direct,/pricing,Pricing,11,16,52,0.3629,212.9,3.28,1,0
2025-03-22,Direct,/blog,Blog,23,26,76,0.5992,152.6,2.93,2,1
2025-03-22,Direct,/product-a,Product A,16,23,66,0.3224,113.3,2.89,0,1
2025-03-22,Direct,/product-b,Product B,12,14,52,0.4364,189.0,3.71,2,1
2025-03-22,Direct,/contact,Contact,11,16,50,0.2273,147.0,3.15,1,0
2025-03-22,Direct,/signup,Signup,9,11,23,0.3251,155.0,2.11,1,0
2025-03-22,Direct,/checkout,Checkout,9,14,33,0.1174,190.6,2.36,0,4
2025-03-22,Direct,/thank-you,Thank You,4,6,13,0.1673,164.5,2.24,0,0
2025-03-22,Referral,/,Home,13,16,58,0.3673,201.5,3.61,2,2
2025-03-22,Referral,/products,Products,9,12,51,0.4136,212.2,4.26,0,1
2025-03-22,Referral,/pricing,Pricing,5,8,33,0.302,197.4,4.09,0,1
2025-03-22,Referral,/blog,Blog,5,6,21,0.4216,150.9,3.47,0,0
2025-03-22,Referral,/product-a,Product A,4,5,17,0.2991,264.3,3.35,0,0
2025-03-22,Referral,/product-b,Product B,3,4,14,0.229,236.8,3.43,1,0
2025-03-22,Referral,/contact,Contact,3,5,15,0.1369,199.6,2.96,0,0
2025-03-22,Referral,/signup,Signup,3,5,17,0.2369,176.2,3.41,1,0
2025-03-22,Referral,/checkout,Checkout,2,3,9,0.0854,159.8,3.14,0,1
2025-03-22,Referral,/thank-you,Thank You,2,3,8,0.08,198.0,2.52,2,0
2025-03-22,Organic Social,/,Home,11,16,33,0.538,33.4,2.03,0,1
2025-03-22,Organic Social,/products,Products,8,9,26,0.5131,83.1,2.91,0,0
2025-03-22,Organic Social,/pricing,Pricing,7,10,23,0.4661,117.9,2.33,0,1
2025-03-22,Organic Social,/blog,Blog,10,14,32,0.6141,26.8,2.27,0,0
2025-03-22,Organic Social,/product-a,Product A,5,7,17,0.5116,111.4,2.46,0,0
2025-03-22,Organic Social,/product-b,Product B,3,5,14,0.5437,109.3,2.72,0,0
2025-03-22,Organic Social,/contact,Contact,4,6,6,0.5099,84.9,1.0,0,0
2025-03-22,Organic Social,/signup,Signup,7,9,17,0.3342,127.7,1.94,1,1
2025-03-22,Organic Social,/checkout,Checkout,4,6,12,0.3927,109.4,2.08,0,0
2025-03-22,Organic Social,/thank-you,Thank You,3,4,9,0.2629,139.5,2.21,0,0
2025-03-22,Paid Social,/,Home,8,12,21,0.649,66.9,1.77,0,0
2025-03-22,Paid Social,/products,Products,9,12,16,0.5116,46.9,1.33,0,1
2025-03-22,Paid Social,/pricing,Pricing,5,6,13,0.6491,63.1,2.09,0,0
2025-03-22,Paid Social,/blog,Blog,9,11,15,0.7236,62.5,1.4,0,0
2025-03-22,Paid Social,/product-a,Product A,7,9,24,0.5755,138.1,2.69,0,0
2025-03-22,Paid Social,/product-b,Product B,4,6,21,0.5258,186.6,3.58,0,0
2025-03-22,Paid Social,/contact,Contact,3,5,9,0.4756,100.9,1.71,0,0
2025-03-22,Paid Social,/signup,Signup,4,6,9,0.4298,62.9,1.46,0,1
2025-03-22,Paid Social,/checkout,Checkout,4,6,13,0.3607,125.2,2.12,1,1
2025-03-22,Paid Social,/thank-you,Thank You,1,2,3,0.3482,115.7,1.32,0,0
2025-03-22,Email,/,Home,6,8,26,0.357,187.5,3.3,1,2
2025-03-22,Email,/products,Products,6,8,29,0.3373,156.9,3.63,1,2
2025-03-22,Email,/pricing,Pricing,2,3,12,0.1837,232.4,4.03,0,0
2025-03-22,Email,/blog,Blog,4,5,10,0.4729,184.4,1.99,1,1
2025-03-22,Email,/product-a,Product A,3,5,17,0.1644,210.1,3.39,0,1
2025-03-22,Email,/product-b,Product B,2,3,16,0.3663,224.1,5.17,0,0
2025-03-22,Email,/contact,Contact,2,3,7,0.1468,146.7,2.38,0,0
2025-03-22,Email,/signup,Signup,4,5,18,0.1735,221.2,3.51,1,2
2025-03-22,Email,/checkout,Checkout,2,4,10,0.0837,234.9,2.54,1,0
2025-03-22,Email,/thank-you,Thank You,1,2,5,0.08,204.8,2.67,0,0
2025-03-23,Organic Search,/,Home,24,31,98,0.4908,124.6,3.16,2,1
2025-03-23,Organic Search,/products,Products,24,32,131,0.3539,168.4,4.08,1,3
2025-03-23,Organic Search,/pricing,Pricing,18,22,73,0.343,211.5,3.31,2,0
2025-03-23,Organic Search,/blog,Blog,28,37,63,0.4668,180.7,1.69,4,1
2025-03-23,Organic Search,/product-a,Product A,18,25,85,0.3482,182.9,3.39,1,1
2025-03-23,Organic Search,/product-b,Product B,19,25,76,0.4546,183.4,3.04,0,1
2025-03-23,Organic Search,/contact,Contact,17,20,54,0.1384,205.6,2.69,0,1
2025-03-23,Organic Search,/signup,Signup,17,25,85,0.1664,131.6,3.39,2,2
2025-03-23,Organic Search,/checkout,Checkout,9,12,24,0.1686,146.1,2.03,1,0
2025-03-23,Organic Search,/thank-you,Thank You,9,11,17,0.08,179.7,1.57,1,2
2025-03-23,Paid Search,/,Home,29,40,72,0.551,139.0,1.81,1,4
2025-03-23,Paid Search,/products,Products,23,26,86,0.3849,53.6,3.32,2,0
2025-03-23,Paid Search,/pricing,Pricing,15,19,79,0.3194,199.1,4.14,0,1
2025-03-23,Paid Search,/blog,Blog,19,21,51,0.5936,173.1,2.41,1,1
2025-03-23,Paid Search,/product-a,Product A,11,16,44,0.4484,181.6,2.73,2,1
2025-03-23,Paid Search,/product-b,Product B,8,11,37,0.4894,205.8,3.33,0,2
2025-03-23,Paid Search,/contact,Contact,6,9,16,0.3382,140.8,1.79,0,0
2025-03-23,Paid Search,/signup,Signup,7,8,15,0.4148,81.1,1.85,1,0
2025-03-23,Paid Search,/checkout,Checkout,11,15,45,0.2625,163.6,2.98,1,3
2025-03-23,Paid Search,/thank-you,Thank You,5,7,16,0.1367,131.4,2.26,0,2
2025-03-23,Direct,/,Home,29,43,121,0.4623,195.6,2.81,2,2
2025-03-23,Direct,/products,Products,16,21,55,0.4312,122.7,2.64,0,1
2025-03-23,Direct,/pricing,Pricing,13,16,52,0.278,198.3,3.27,1,1
2025-03-23,Direct,/blog,Blog,12,15,39,0.5152,140.5,2.61,0,1
2025-03-23,Direct,/product-a,Product A,12,13,38,0.4105,182.3,2.96,0,1
2025-03-23,Direct,/product-b,Product B,9,13,30,0.3503,178.3,2.3,1,1
2025-03-23,Direct,/contact,Contact,12,14,43,0.282,88.0,3.09,0,0
2025-03-23,Direct,/signup,Signup,9,13,36,0.2004,143.3,2.78,2,2
2025-03-23,Direct,/checkout,Checkout,15,17,45,0.2706,221.9,2.64,1,3
2025-03-23,Direct,/thank-you,Thank You,6,7,16,0.1622,139.1,2.24,0,2
2025-03-23,Referral,/,Home,17,23,58,0.475,180.7,2.51,1,2
2025-03-23,Referral,/products,Products,11,14,52,0.3761,119.4,3.73,0,0
2025-03-23,Referral,/pricing,Pricing,9,11,37,0.3486,247.6,3.32,2,1
2025-03-23,Referral,/blog,Blog,9,11,26,0.4169,148.5,2.37,0,1
2025-03-23,Referral,/product-a,Product A,4,7,25,0.3153,212.5,3.6,0,0
2025-03-23,Referral,/product-b,Product B,9,10,32,0.271,225.9,3.23,1,0
2025-03-23,Referral,/contact,Contact,4,5,18,0.247,176.0,3.58,0,2
2025-03-23,Referral,/signup,Signup,4,6,17,0.1676,100.0,2.86,1,1
2025-03-23,Referral,/checkout,Checkout,4,7,23,0.1102,204.6,3.31,0,2
2025-03-23,Referral,/thank-you,Thank You,4,5,17,0.08,135.8,3.41,0,2
2025-03-23,Organic Social,/,Home,15,20,66,0.6842,63.7,3.28,0,0
2025-03-23,Organic Social,/products,Products,11,16,30,0.5621,106.5,1.89,0,1
2025-03-23,Organic Social,/pricing,Pricing,6,9,21,0.5183,134.2,2.34,0,0
2025-03-23,Organic Social,/blog,Blog,10,13,16,0.6477,69.6,1.27,0,0
2025-03-23,Organic Social,/product-a,Product A,8,11,23,0.4194,164.6,2.08,0,0
2025-03-23,Organic Social,/product-b,Product B,5,8,24,0.3973,178.8,3.02,0,0
2025-03-23,Organic Social,/contact,Contact,7,8,16,0.4124,35.7,2.04,0,0
2025-03-23,Organic Social,/signup,Signup,6,7,14,0.4,82.6,2.05,0,1
2025-03-23,Organic Social,/checkout,Checkout,3,5,7,0.2717,163.8,1.48,0,0
2025-03-23,Organic Social,/thank-you,Thank You,1,2,5,0.3141,78.5,2.36,0,0
2025-03-23,Paid Social,/,Home,10,12,14,0.7199,83.5,1.21,0,0
2025-03-23,Paid Social,/products,Products,9,13,32,0.4794,96.9,2.44,0,0
2025-03-23,Paid Social,/pricing,Pricing,5,6,15,0.4807,165.3,2.55,0,0
2025-03-23,Paid Social,/blog,Blog,10,13,13,0.7661,41.6,1.0,1,0
2025-03-23,Paid Social,/product-a,Product A,4,6,14,0.6074,148.0,2.3,0,0
2025-03-23,Paid Social,/product-b,Product B,4,5,12,0.5109,176.0,2.44,0,1
2025-03-23,Paid Social,/contact,Contact,4,6,11,0.5799,109.9,1.88,0,0
2025-03-23,Paid Social,/signup,Signup,5,7,13,0.5089,80.8,1.84,1,0
2025-03-23,Paid Social,/checkout,Checkout,2,3,4,0.3639,158.4,1.23,0,0
2025-03-23,Paid Social,/thank-you,Thank You,3,4,7,0.3615,107.7,1.64,0,0
2025-03-23,Email,/,Home,4,6,22,0.4023,161.8,3.62,2,1
2025-03-23,Email,/products,Products,6,7,31,0.1405,142.6,4.38,0,0
2025-03-23,Email,/pricing,Pricing,4,6,25,0.2055,255.3,4.2,1,1
2025-03-23,Email,/blog,Blog,4,6,24,0.3698,230.9,3.95,0,0
2025-03-23,Email,/product-a,Product A,3,5,22,0.2987,276.4,4.36,0,0
2025-03-23,Email,/product-b,Product B,4,5,18,0.3242,294.0,3.66,2,0
2025-03-23,Email,/contact,Contact,1,2,7,0.1918,215.0,3.47,0,0
2025-03-23,Email,/signup,Signup,3,5,17,0.2226,176.6,3.33,1,1
2025-03-23,Email,/checkout,Checkout,3,4,11,0.08,247.0,2.8,0,1
2025-03-23,Email,/thank-you,Thank You,1,1,3,0.08,219.4,2.76,0,0
2025-03-24,Organic Search,/,Home,26,30,83,0.3863,152.1,2.78,0,2
2025-03-24,Organic Search,/products,Products,23,26,103,0.446,209.4,3.95,1,2
2025-03-24,Organic Search,/pricing,Pricing,14,17,50,0.3336,223.7,2.91,0,1
2025-03-24,Organic Search,/blog,Blog,16,23,50,0.5696,136.1,2.17,0,2
2025-03-24,Organic Search,/product-a,Product A,21,27,90,0.3947,209.0,3.34,3,1
2025-03-24,Organic Search,/product-b,Product B,8,11,34,0.3642,200.8,3.07,0,0
2025-03-24,Organic Search,/contact,Contact,14,17,41,0.3202,166.5,2.4,0,0
2025-03-24,Organic Search,/signup,Signup,8,13,29,0.1848,115.4,2.22,0,1
2025-03-24,Organic Search,/checkout,Checkout,11,13,34,0.2032,282.7,2.58,2,1
2025-03-24,Organic Search,/thank-you,Thank You,3,5,8,0.1249,184.7,1.64,0,0
2025-03-24,Paid Search,/,Home,21,23,32,0.509,110.1,1.38,0,3
2025-03-24,Paid Search,/products,Products,19,25,68,0.4136,126.4,2.72,0,1
2025-03-24,Paid Search,/pricing,Pricing,10,11,30,0.4779,209.7,2.71,1,1
2025-03-24,Paid Search,/blog,Blog,20,23,55,0.5697,128.6,2.38,0,0
2025-03-24,Paid Search,/product-a,Product A,20,23,68,0.4297,152.4,2.94,1,0
2025-03-24,Paid Search,/product-b,Product B,10,13,46,0.4663,172.0,3.51,1,1
2025-03-24,Paid Search,/contact,Contact,7,9,20,0.4224,179.0,2.21,1,0
2025-03-24,Paid Search,/signup,Signup,9,12,32,0.1754,120.0,2.64,4,4
2025-03-24,Paid Search,/checkout,Checkout,8,9,19,0.2428,166.1,2.16,0,2
2025-03-24,Paid Search,/thank-you,Thank You,3,4,9,0.1698,107.6,2.27,0,0
2025-03-24,Direct,/,Home,50,58,155,0.4927,145.9,2.66,4,5
2025-03-24,Direct,/products,Products,21,28,91,0.353,136.1,3.23,0,1
2025-03-24,Direct,/pricing,Pricing,14,17,64,0.3863,162.4,3.79,0,0
2025-03-24,Direct,/blog,Blog,22,33,65,0.5331,141.1,1.98,3,1
2025-03-24,Direct,/product-a,Product A,13,18,77,0.3493,212.8,4.26,2,0
2025-03-24,Direct,/product-b,Product B,12,15,59,0.3105,179.6,3.96,0,1
2025-03-24,Direct,/contact,Contact,13,20,67,0.2259,118.2,3.37,0,0
2025-03-24,Direct,/signup,Signup,13,16,29,0.2453,180.2,1.83,3,3
2025-03-24,Direct,/checkout,Checkout,15,18,57,0.1358,205.7,3.16,2,2
2025-03-24,Direct,/thank-you,Thank You,8,10,24,0.174,181.2,2.42,0,2
2025-03-24,Referral,/,Home,21,24,82,0.2426,200.5,3.4,3,1
2025-03-24,Referral,/products,Products,6,9,40,0.4083,203.3,4.47,2,0
2025-03-24,Referral,/pricing,Pricing,10,12,56,0.1936,205.0,4.68,0,1
2025-03-24,Referral,/blog,Blog,6,9,21,0.3945,108.5,2.3,0,2
2025-03-24,Referral,/product-a,Product A,5,7,26,0.3549,187.6,3.74,0,2
2025-03-24,Referral,/product-b,Product B,5,6,24,0.3132,253.9,4.06,0,1
2025-03-24,Referral,/contact,Contact,4,7,25,0.1678,124.5,3.59,0,0
2025-03-24,Referral,/signup,Signup,5,7,18,0.2181,170.8,2.6,1,2
2025-03-24,Referral,/checkout,Checkout,5,6,15,0.1967,234.8,2.45,2,1
2025-03-24,Referral,/thank-you,Thank You,3,4,12,0.0988,162.9,2.98,1,1
2025-03-24,Organic Social,/,Home,13,18,51,0.5804,91.8,2.86,1,0
2025-03-24,Organic Social,/products,Products,6,8,21,0.5174,128.2,2.63,0,1
2025-03-24,Organic Social,/pricing,Pricing,6,7,16,0.6116,90.8,2.35,0,0
2025-03-24,Organic Social,/blog,Blog,10,11,22,0.6748,109.4,2.03,0,0
2025-03-24,Organic Social,/product-a,Product A,5,8,24,0.4807,95.3,3.01,0,0
2025-03-24,Organic Social,/product-b,Product B,3,4,7,0.5304,111.4,1.85,0,0
2025-03-24,Organic Social,/contact,Contact,2,3,8,0.4282,68.3,2.56,0,0
2025-03-24,Organic Social,/signup,Signup,4,5,11,0.4189,127.6,2.23,0,0
2025-03-24,Organic Social,/checkout,Checkout,5,6,6,0.4906,136.1,1.0,0,0
2025-03-24,Organic Social,/thank-you,Thank You,2,3,4,0.3397,85.5,1.46,0,0
2025-03-24,Paid Social,/,Home,9,12,15,0.5976,130.8,1.21,0,0
2025-03-24,Paid Social,/products,Products,4,7,19,0.4616,61.9,2.77,0,0
2025-03-24,Paid Social,/pricing,Pricing,2,3,7,0.5264,155.8,2.42,0,0
2025-03-24,Paid Social,/blog,Blog,4,7,10,0.7532,62.9,1.45,0,0
2025-03-24,Paid Social,/product-a,Product A,6,7,15,0.6362,123.2,2.2,0,0
2025-03-24,Paid Social,/product-b,Product B,5,6,10,0.4663,69.7,1.59,0,0
2025-03-24,Paid Social,/contact,Contact,3,4,6,0.541,71.7,1.45,0,0
2025-03-24,Paid Social,/signup,Signup,4,5,11,0.566,91.7,2.17,0,1
2025-03-24,Paid Social,/checkout,Checkout,2,3,6,0.3793,147.9,2.02,0,0
2025-03-24,Paid Social,/thank-you,Thank You,1,2,2,0.3536,70.7,1.0,0,0
2025-03-24,Email,/,Home,9,13,50,0.4838,211.6,3.82,2,1
2025-03-24,Email,/products,Products,6,8,33,0.2641,188.7,4.1,0,0
2025-03-24,Email,/pricing,Pricing,3,4,17,0.2524,274.0,4.15,0,0
2025-03-24,Email,/blog,Blog,4,6,18,0.2925,189.7,2.93,1,0
2025-03-24,Email,/product-a,Product A,4,6,26,0.3075,273.9,4.35,0,0
2025-03-24,Email,/product-b,Product B,2,3,12,0.2478,196.0,3.94,0,0
2025-03-24,Email,/contact,Contact,2,3,5,0.2979,269.1,1.57,0,0
2025-03-24,Email,/signup,Signup,2,3,9,0.1955,217.6,3.01,1,1
2025-03-24,Email,/checkout,Checkout,2,3,8,0.1538,215.5,2.62,1,0
2025-03-24,Email,/thank-you,Thank You,1,2,6,0.08,235.4,2.89,0,1
2025-03-25,Organic Search,/,Home,49,71,235,0.4084,138.3,3.3,2,6
2025-03-25,Organic Search,/products,Products,35,45,161,0.3405,132.0,3.58,5,2
2025-03-25,Organic Search,/pricing,Pricing,27,35,127,0.258,213.2,3.62,1,4
2025-03-25,Organic Search,/blog,Blog,35,40,137,0.4778,171.4,3.41,2,1
2025-03-25,Organic Search,/product-a,Product A,26,39,140,0.4094,150.5,3.59,0,2
2025-03-25,Organic Search,/product-b,Product B,23,31,143,0.4081,153.8,4.61,2,4
2025-03-25,Organic Search,/contact,Contact,24,29,83,0.3329,199.9,2.85,1,1
2025-03-25,Organic Search,/signup,Signup,20,27,78,0.2612,181.4,2.89,0,3
2025-03-25,Organic Search,/checkout,Checkout,22,27,75,0.2164,231.0,2.79,1,2
2025-03-25,Organic Search,/thank-you,Thank You,9,12,45,0.08,178.6,3.78,1,1
2025-03-25,Paid Search,/,Home,42,45,71,0.5304,112.2,1.57,2,3
2025-03-25,Paid Search,/products,Products,14,19,45,0.5445,46.2,2.37,2,1
2025-03-25,Paid Search,/pricing,Pricing,15,22,75,0.4291,211.0,3.4,1,1
2025-03-25,Paid Search,/blog,Blog,28,31,72,0.6183,107.8,2.33,2,2
2025-03-25,Paid Search,/product-a,Product A,23,28,60,0.5099,125.8,2.13,1,1
2025-03-25,Paid Search,/product-b,Product B,14,19,58,0.527,178.7,3.07,0,1
2025-03-25,Paid Search,/contact,Contact,11,13,38,0.3844,131.0,2.95,1,1
2025-03-25,Paid Search,/signup,Signup,17,20,41,0.2874,131.6,2.03,1,3
2025-03-25,Paid Search,/checkout,Checkout,15,19,51,0.2653,224.0,2.7,1,1
2025-03-25,Paid Search,/thank-you,Thank You,8,10,26,0.2778,64.8,2.63,1,2
2025-03-25,Direct,/,Home,24,30,84,0.4342,120.1,2.8,1,1
2025-03-25,Direct,/products,Products,19,27,92,0.475,166.2,3.41,0,3
2025-03-25,Direct,/pricing,Pricing,12,16,43,0.367,182.7,2.66,0,1
2025-03-25,Direct,/blog,Blog,20,27,76,0.5503,93.6,2.81,1,0
2025-03-25,Direct,/product-a,Product A,14,19,84,0.3662,149.0,4.4,0,1
2025-03-25,Direct,/product-b,Product B,9,14,44,0.2599,221.8,3.14,0,0
2025-03-25,Direct,/contact,Contact,13,16,39,0.3446,185.7,2.43,2,1
2025-03-25,Direct,/signup,Signup,14,17,45,0.2276,164.1,2.65,1,3
2025-03-25,Direct,/checkout,Checkout,11,14,51,0.351,143.2,3.64,1,2
2025-03-25,Direct,/thank-you,Thank You,4,5,15,0.1428,172.5,2.93,1,0
2025-03-25,Referral,/,Home,18,23,56,0.4459,161.9,2.44,1,0
2025-03-25,Referral,/products,Products,10,13,33,0.3856,158.2,2.57,1,1
2025-03-25,Referral,/pricing,Pricing,9,13,42,0.1874,187.8,3.2,0,1
2025-03-25,Referral,/blog,Blog,7,11,37,0.408,251.0,3.32,2,0
2025-03-25,Referral,/product-a,Product A,8,12,39,0.3665,268.6,3.23,2,1
2025-03-25,Referral,/product-b,Product B,6,9,34,0.4206,181.0,3.82,0,0
2025-03-25,Referral,/contact,Contact,4,6,15,0.1924,239.6,2.51,0,0
2025-03-25,Referral,/signup,Signup,10,12,36,0.08,186.7,3.03,0,3
2025-03-25,Referral,/checkout,Checkout,7,8,27,0.0985,260.5,3.32,2,1
2025-03-25,Referral,/thank-you,Thank You,2,3,13,0.08,173.9,4.41,0,2
2025-03-25,Organic Social,/,Home,21,25,48,0.6972,117.2,1.93,0,0
2025-03-25,Organic Social,/products,Products,10,15,37,0.5116,109.4,2.45,0,0
2025-03-25,Organic Social,/pricing,Pricing,10,11,27,0.4556,211.8,2.48,0,0
2025-03-25,Organic Social,/blog,Blog,8,11,16,0.7721,49.8,1.49,1,0
2025-03-25,Organic Social,/product-a,Product A,8,12,24,0.4762,83.7,2.03,0,0
2025-03-25,Organic Social,/product-b,Product B,7,8,24,0.5211,110.3,3.04,0,1
2025-03-25,Organic Social,/contact,Contact,5,7,17,0.5221,56.2,2.45,0,0
2025-03-25,Organic Social,/signup,Signup,4,7,12,0.4421,89.0,1.7,1,0
2025-03-25,Organic Social,/checkout,Checkout,6,7,10,0.4174,115.2,1.36,0,0
2025-03-25,Organic Social,/thank-you,Thank You,2,4,7,0.3743,124.7,1.87,0,0
2025-03-25,Paid Social,/,Home,18,22,51,0.6438,66.7,2.3,0,0
2025-03-25,Paid Social,/products,Products,12,14,40,0.6148,93.5,2.82,0,0
2025-03-25,Paid Social,/pricing,Pricing,4,7,21,0.4968,96.7,3.05,0,0
2025-03-25,Paid Social,/blog,Blog,8,11,18,0.7095,76.2,1.61,0,0
2025-03-25,Paid Social,/product-a,Product A,7,10,26,0.4962,119.4,2.61,0,0
2025-03-25,Paid Social,/product-b,Product B,7,9,28,0.5275,165.1,3.16,1,0
2025-03-25,Paid Social,/contact,Contact,5,7,14,0.572,108.1,2.06,0,0
2025-03-25,Paid Social,/signup,Signup,6,7,7,0.4273,66.8,1.0,1,0
2025-03-25,Paid Social,/checkout,Checkout,4,5,10,0.2631,89.6,1.94,0,0
2025-03-25,Paid Social,/thank-you,Thank You,2,3,4,0.4964,87.1,1.46,0,0
2025-03-25,Email,/,Home,7,9,27,0.3035,123.4,2.97,1,3
2025-03-25,Email,/products,Products,4,6,21,0.2326,261.9,3.56,0,2
2025-03-25,Email,/pricing,Pricing,5,7,29,0.2896,242.5,4.2,1,0
2025-03-25,Email,/blog,Blog,5,7,21,0.3876,209.0,2.96,0,0
2025-03-25,Email,/product-a,Product A,5,7,29,0.2529,236.6,4.14,1,1
2025-03-25,Email,/product-b,Product B,2,3,14,0.2938,236.0,4.72,1,0
2025-03-25,Email,/contact,Contact,4,5,12,0.1108,236.1,2.35,0,1
2025-03-25,Email,/signup,Signup,4,6,19,0.2034,204.1,3.11,0,2
2025-03-25,Email,/checkout,Checkout,2,3,9,0.12,228.3,3.05,2,1
2025-03-25,Email,/thank-you,Thank You,1,2,9,0.08,152.8,4.58,0,1
2025-03-26,Organic Search,/,Home,49,70,192,0.5082,197.9,2.74,1,7
2025-03-26,Organic Search,/products,Products,22,29,107,0.2971,201.7,3.68,0,1
2025-03-26,Organic Search,/pricing,Pricing,21,24,96,0.3093,216.0,4.0,3,1
2025-03-26,Organic Search,/blog,Blog,23,31,75,0.5453,156.4,2.42,1,1
2025-03-26,Organic Search,/product-a,Product A,23,31,108,0.4525,211.3,3.47,0,1
2025-03-26,Organic Search,/product-b,Product B,26,29,122,0.3567,235.3,4.22,0,0
2025-03-26,Organic Search,/contact,Contact,12,14,46,0.2956,174.5,3.26,1,1
2025-03-26,Organic Search,/signup,Signup,21,27,68,0.185,169.7,2.51,3,2
2025-03-26,Organic Search,/checkout,Checkout,21,23,66,0.1226,192.6,2.86,6,3
2025-03-26,Organic Search,/thank-you,Thank You,12,15,45,0.08,208.0,2.99,1,1
2025-03-26,Paid Search,/,Home,30,38,75,0.541,160.6,1.96,2,3
2025-03-26,Paid Search,/products,Products,14,20,62,0.5533,148.9,3.12,0,2
2025-03-26,Paid Search,/pricing,Pricing,23,27,68,0.3281,138.9,2.53,0,1
2025-03-26,Paid Search,/blog,Blog,22,28,65,0.5315,73.6,2.34,3,0
2025-03-26,Paid Search,/product-a,Product A,21,26,103,0.4552,194.9,3.96,0,1
2025-03-26,Paid Search,/product-b,Product B,15,18,55,0.4427,147.2,3.06,2,2
2025-03-26,Paid Search,/contact,Contact,8,9,18,0.3024,153.1,1.99,0,0
2025-03-26,Paid Search,/signup,Signup,12,17,54,0.3374,147.2,3.19,2,2
2025-03-26,Paid Search,/checkout,Checkout,15,19,38,0.2797,194.6,1.98,4,2
2025-03-26,Paid Search,/thank-you,Thank You,7,11,23,0.1251,119.4,2.13,1,0
2025-03-26,Direct,/,Home,55,65,129,0.6369,138.0,1.99,3,2
2025-03-26,Direct,/products,Products,27,36,146,0.3188,166.0,4.07,0,1
2025-03-26,Direct,/pricing,Pricing,25,29,113,0.3761,174.1,3.9,1,2
2025-03-26,Direct,/blog,Blog,29,41,83,0.551,157.3,2.03,1,1
2025-03-26,Direct,/product-a,Product A,13,19,82,0.4208,147.9,4.3,1,0
2025-03-26,Direct,/product-b,Product B,9,13,35,0.4519,106.6,2.73,0,1
2025-03-26,Direct,/contact,Contact,11,16,35,0.2003,138.9,2.2,1,0
2025-03-26,Direct,/signup,Signup,13,15,39,0.2322,175.1,2.58,0,2
2025-03-26,Direct,/checkout,Checkout,9,13,32,0.2841,219.1,2.45,0,1
2025-03-26,Direct,/thank-you,Thank You,6,8,23,0.1699,175.7,2.88,0,1
2025-03-26,Referral,/,Home,26,31,83,0.45,125.9,2.67,2,2
2025-03-26,Referral,/products,Products,12,18,75,0.2426,161.0,4.15,1,1
2025-03-26,Referral,/pricing,Pricing,5,8,25,0.1631,258.2,3.18,1,0
2025-03-26,Referral,/blog,Blog,7,11,38,0.4402,195.0,3.42,0,1
2025-03-26,Referral,/product-a,Product A,11,14,44,0.1912,173.0,3.14,0,2
2025-03-26,Referral,/product-b,Product B,12,13,53,0.2778,285.4,4.1,2,1
2025-03-26,Referral,/contact,Contact,5,8,17,0.2086,185.2,2.18,1,1
2025-03-26,Referral,/signup,Signup,6,8,20,0.1629,158.8,2.45,1,1
2025-03-26,Referral,/checkout,Checkout,4,6,17,0.09,210.2,2.84,1,2
2025-03-26,Referral,/thank-you,Thank You,4,5,18,0.08,231.4,3.63,1,2
2025-03-26,Organic Social,/,Home,13,16,16,0.7264,62.8,1.0,0,1
2025-03-26,Organic Social,/products,Products,6,10,27,0.5746,67.7,2.67,0,0
2025-03-26,Organic Social,/pricing,Pricing,6,8,22,0.4142,104.6,2.7,0,1
2025-03-26,Organic Social,/blog,Blog,7,8,17,0.4927,99.2,2.12,0,0
2025-03-26,Organic Social,/product-a,Product A,9,14,30,0.4748,154.4,2.14,0,0
2025-03-26,Organic Social,/product-b,Product B,5,6,15,0.6203,175.5,2.44,0,0
2025-03-26,Organic Social,/contact,Contact,3,4,8,0.4542,68.8,1.88,0,0
2025-03-26,Organic Social,/signup,Signup,6,9,9,0.3424,89.4,1.04,0,0
2025-03-26,Organic Social,/checkout,Checkout,3,5,10,0.3348,174.6,1.99,0,0
2025-03-26,Organic Social,/thank-you,Thank You,3,4,6,0.3483,98.7,1.6,0,0
2025-03-26,Paid Social,/,Home,21,23,31,0.7109,92.2,1.36,0,0
2025-03-26,Paid Social,/products,Products,15,19,32,0.559,20.7,1.71,1,0
2025-03-26,Paid Social,/pricing,Pricing,11,13,33,0.5775,155.8,2.54,1,0
2025-03-26,Paid Social,/blog,Blog,6,8,14,0.7652,116.0,1.81,0,1
2025-03-26,Paid Social,/product-a,Product A,10,13,47,0.565,68.8,3.58,0,1
2025-03-26,Paid Social,/product-b,Product B,8,9,20,0.6298,120.1,2.17,0,1
2025-03-26,Paid Social,/contact,Contact,6,9,16,0.4827,20.0,1.75,0,0
2025-03-26,Paid Social,/signup,Signup,7,9,9,0.3917,117.7,1.0,0,0
2025-03-26,Paid Social,/checkout,Checkout,5,7,10,0.4392,101.6,1.38,1,0
2025-03-26,Paid Social,/thank-you,Thank You,3,4,4,0.3514,74.3,1.0,0,0
2025-03-26,Email,/,Home,8,9,27,0.3931,184.8,2.99,0,0
2025-03-26,Email,/products,Products,3,4,14,0.3155,205.4,3.43,0,0
2025-03-26,Email,/pricing,Pricing,3,5,20,0.1184,196.9,3.98,0,0
2025-03-26,Email,/blog,Blog,6,7,27,0.3746,206.5,3.9,0,2
2025-03-26,Email,/product-a,Product A,2,3,11,0.2359,209.0,3.58,0,0
2025-03-26,Email,/product-b,Product B,1,2,8,0.3017,188.0,4.19,0,0
2025-03-26,Email,/contact,Contact,2,3,11,0.2125,172.3,3.82,0,1
2025-03-26,Email,/signup,Signup,2,4,14,0.08,242.1,3.41,0,2
2025-03-26,Email,/checkout,Checkout,2,4,13,0.1028,190.4,3.3,1,2
2025-03-26,Email,/thank-you,Thank You,1,2,6,0.08,224.4,3.0,0,2
2025-03-27,Organic Search,/,Home,46,56,145,0.5022,181.0,2.59,2,3
2025-03-27,Organic Search,/products,Products,36,41,132,0.4497,185.0,3.22,2,5
2025-03-27,Organic Search,/pricing,Pricing,28,34,134,0.2868,189.8,3.93,0,1
2025-03-27,Organic Search,/blog,Blog,24,35,89,0.5301,158.2,2.55,0,1
2025-03-27,Organic Search,/product-a,Product A,21,30,89,0.3341,160.1,2.96,1,2
2025-03-27,Organic Search,/product-b,Product B,18,23,88,0.3115,246.5,3.85,1,1
2025-03-27,Organic Search,/contact,Contact,19,22,71,0.3192,152.1,3.22,1,1
2025-03-27,Organic Search,/signup,Signup,21,28,60,0.2426,127.0,2.15,3,3
2025-03-27,Organic Search,/checkout,Checkout,15,20,62,0.3096,183.8,3.09,0,3
2025-03-27,Organic Search,/thank-you,Thank You,6,8,22,0.1394,202.0,2.78,0,1
2025-03-27,Paid Search,/,Home,26,34,71,0.552,95.5,2.09,1,3
2025-03-27,Paid Search,/products,Products,30,34,95,0.3747,142.2,2.79,0,2
2025-03-27,Paid Search,/pricing,Pricing,12,15,53,0.4111,120.4,3.54,0,2
2025-03-27,Paid Search,/blog,Blog,24,30,81,0.6178,119.3,2.71,3,2
2025-03-27,Paid Search,/product-a,Product A,25,28,70,0.4571,154.6,2.48,3,1
2025-03-27,Paid Search,/product-b,Product B,13,15,48,0.4816,168.8,3.22,3,1
2025-03-27,Paid Search,/contact,Contact,14,21,38,0.3504,138.5,1.82,0,1
2025-03-27,Paid Search,/signup,Signup,8,12,29,0.3404,134.2,2.44,3,2
2025-03-27,Paid Search,/checkout,Checkout,13,15,27,0.2274,184.8,1.78,1,2
2025-03-27,Paid Search,/thank-you,Thank You,7,8,20,0.2306,123.5,2.51,1,0
2025-03-27,Direct,/,Home,29,38,90,0.39,136.4,2.36,0,3
2025-03-27,Direct,/products,Products,15,23,86,0.5452,187.6,3.74,0,1
2025-03-27,Direct,/pricing,Pricing,16,18,55,0.2718,192.7,3.07,0,1
2025-03-27,Direct,/blog,Blog,15,21,64,0.3068,126.4,3.05,0,0
2025-03-27,Direct,/product-a,Product A,14,18,66,0.3821,162.4,3.69,0,2
2025-03-27,Direct,/product-b,Product B,13,16,59,0.4463,167.1,3.68,0,1
2025-03-27,Direct,/contact,Contact,13,15,29,0.2246,119.9,1.91,0,2
2025-03-27,Direct,/signup,Signup,12,14,52,0.2366,123.9,3.73,0,2
2025-03-27,Direct,/checkout,Checkout,13,15,34,0.1763,159.9,2.24,0,0
2025-03-27,Direct,/thank-you,Thank You,3,4,13,0.1764,176.7,3.2,2,1
2025-03-27,Referral,/,Home,13,16,41,0.3564,163.4,2.59,1,4
2025-03-27,Referral,/products,Products,12,18,52,0.2167,218.6,2.9,1,1
2025-03-27,Referral,/pricing,Pricing,9,11,46,0.2499,188.3,4.2,2,0
2025-03-27,Referral,/blog,Blog,11,13,39,0.4185,239.9,3.01,0,1
2025-03-27,Referral,/product-a,Product A,6,8,33,0.3324,240.6,4.1,0,0
2025-03-27,Referral,/product-b,Product B,6,9,38,0.3101,113.1,4.17,2,2
2025-03-27,Referral,/contact,Contact,4,5,13,0.3635,125.6,2.58,0,0
2025-03-27,Referral,/signup,Signup,4,6,17,0.1499,211.0,2.88,1,0
2025-03-27,Referral,/checkout,Checkout,8,10,34,0.0975,165.3,3.4,1,1
2025-03-27,Referral,/thank-you,Thank You,3,4,12,0.1132,201.8,2.88,0,0
2025-03-27,Organic Social,/,Home,8,11,15,0.5179,90.7,1.36,0,0
2025-03-27,Organic Social,/products,Products,7,8,20,0.5744,46.7,2.45,0,0
2025-03-27,Organic Social,/pricing,Pricing,7,11,25,0.56,169.9,2.3,1,0
2025-03-27,Organic Social,/blog,Blog,7,8,15,0.6184,111.5,1.83,0,0
2025-03-27,Organic Social,/product-a,Product A,4,6,15,0.5789,115.5,2.55,0,0
2025-03-27,Organic Social,/product-b,Product B,3,4,12,0.4976,93.7,2.98,0,0
2025-03-27,Organic Social,/contact,Contact,3,4,8,0.4376,82.7,1.99,0,0
2025-03-27,Organic Social,/signup,Signup,4,5,7,0.3572,89.0,1.32,2,0
2025-03-27,Organic Social,/checkout,Checkout,6,7,16,0.3465,139.5,2.34,1,0
2025-03-27,Organic Social,/thank-you,Thank You,2,3,6,0.3689,57.7,2.03,0,0
2025-03-27,Paid Social,/,Home,19,21,26,0.7507,63.2,1.25,1,1
2025-03-27,Paid Social,/products,Products,8,11,37,0.5099,80.1,3.39,0,2
2025-03-27,Paid Social,/pricing,Pricing,7,9,22,0.503,112.6,2.41,0,1
2025-03-27,Paid Social,/blog,Blog,11,12,20,0.7043,39.8,1.7,1,0
2025-03-27,Paid Social,/product-a,Product A,6,7,11,0.5714,109.8,1.63,0,0
2025-03-27,Paid Social,/product-b,Product B,5,6,13,0.5769,148.9,2.25,0,0
2025-03-27,Paid Social,/contact,Contact,5,7,10,0.5431,20.0,1.45,0,0
2025-03-27,Paid Social,/signup,Signup,4,6,6,0.4069,122.8,1.0,1,0
2025-03-27,Paid Social,/checkout,Checkout,6,7,12,0.4681,115.1,1.66,0,1
2025-03-27,Paid Social,/thank-you,Thank You,1,2,5,0.373,100.9,2.33,0,0
2025-03-27,Email,/,Home,8,12,34,0.3592,216.2,2.81,3,0
2025-03-27,Email,/products,Products,9,11,49,0.2647,221.8,4.46,0,1
2025-03-27,Email,/pricing,Pricing,5,8,32,0.3028,194.8,4.0,0,2
2025-03-27,Email,/blog,Blog,3,5,17,0.3711,194.9,3.45,0,0
2025-03-27,Email,/product-a,Product A,3,5,22,0.2881,232.8,4.33,0,0
2025-03-27,Email,/product-b,Product B,2,3,11,0.1953,199.7,3.56,0,0
2025-03-27,Email,/contact,Contact,3,4,15,0.2377,176.0,3.82,0,0
2025-03-27,Email,/signup,Signup,3,4,12,0.1227,200.0,3.08,1,1
2025-03-27,Email,/checkout,Checkout,4,5,13,0.08,220.1,2.5,1,0
2025-03-27,Email,/thank-you,Thank You,1,2,5,0.08,180.1,2.56,0,1
2025-03-28,Organic Search,/,Home,68,89,235,0.3323,126.6,2.64,3,5
2025-03-28,Organic Search,/products,Products,40,57,258,0.317,169.5,4.53,2,3
2025-03-28,Organic Search,/pricing,Pricing,26,38,137,0.358,176.8,3.6,0,1
2025-03-28,Organic Search,/blog,Blog,44,48,124,0.5274,220.4,2.58,1,2
2025-03-28,Organic Search,/product-a,Product A,23,28,86,0.347,170.7,3.08,2,0
2025-03-28,Organic Search,/product-b,Product B,23,27,104,0.2029,203.9,3.86,2,2
2025-03-28,Organic Search,/contact,Contact,21,24,60,0.2998,185.1,2.5,2,2
2025-03-28,Organic Search,/signup,Signup,35,42,124,0.2134,149.8,2.95,4,8
2025-03-28,Organic Search,/checkout,Checkout,29,32,97,0.1846,218.4,3.04,3,4
2025-03-28,Organic Search,/thank-you,Thank You,14,20,63,0.1577,125.6,3.14,1,1
2025-03-28,Paid Search,/,Home,28,42,72,0.5444,95.9,1.72,2,2
2025-03-28,Paid Search,/products,Products,41,53,139,0.3894,96.8,2.62,3,5
2025-03-28,Paid Search,/pricing,Pricing,18,24,70,0.3715,157.9,2.93,2,0
2025-03-28,Paid Search,/blog,Blog,24,31,77,0.5944,55.9,2.48,2,3
2025-03-28,Paid Search,/product-a,Product A,26,34,112,0.4805,127.5,3.31,4,3
2025-03-28,Paid Search,/product-b,Product B,14,21,56,0.3496,194.6,2.67,2,2
2025-03-28,Paid Search,/contact,Contact,9,14,28,0.3467,108.9,1.99,2,0
2025-03-28,Paid Search,/signup,Signup,15,20,51,0.3177,152.0,2.57,4,3
2025-03-28,Paid Search,/checkout,Checkout,20,22,36,0.2389,126.4,1.64,0,1
2025-03-28,Paid Search,/thank-you,Thank You,9,11,18,0.1687,88.7,1.64,2,0
2025-03-28,Direct,/,Home,40,50,113,0.479,152.1,2.26,2,3
2025-03-28,Direct,/products,Products,15,21,78,0.4774,124.9,3.69,0,1
2025-03-28,Direct,/pricing,Pricing,23,28,87,0.3723,215.5,3.09,0,0
2025-03-28,Direct,/blog,Blog,14,21,50,0.4412,126.3,2.38,1,0
2025-03-28,Direct,/product-a,Product A,25,29,112,0.3344,229.3,3.87,2,3
2025-03-28,Direct,/product-b,Product B,9,11,33,0.378,160.5,3.03,1,0
2025-03-28,Direct,/contact,Contact,16,22,50,0.2412,170.9,2.26,1,1
2025-03-28,Direct,/signup,Signup,10,14,32,0.2953,90.6,2.3,0,1
2025-03-28,Direct,/checkout,Checkout,10,12,27,0.2405,186.9,2.24,3,0
2025-03-28,Direct,/thank-you,Thank You,6,8,23,0.2403,145.2,2.9,0,1
2025-03-28,Referral,/,Home,26,38,126,0.3752,193.4,3.32,1,3
2025-03-28,Referral,/products,Products,22,30,96,0.3805,172.2,3.22,6,2
2025-03-28,Referral,/pricing,Pricing,9,12,44,0.2532,175.5,3.67,1,1
2025-03-28,Referral,/blog,Blog,9,12,26,0.4659,193.7,2.14,2,0
2025-03-28,Referral,/product-a,Product A,15,17,64,0.364,216.6,3.75,2,0
2025-03-28,Referral,/product-b,Product B,12,14,52,0.2438,236.0,3.73,2,1
2025-03-28,Referral,/contact,Contact,8,12,29,0.1936,161.5,2.44,1,0
2025-03-28,Referral,/signup,Signup,7,10,40,0.1785,112.6,3.97,2,3
2025-03-28,Referral,/checkout,Checkout,9,13,38,0.2626,234.9,2.89,1,1
2025-03-28,Referral,/thank-you,Thank You,3,5,13,0.08,153.6,2.65,0,0
2025-03-28,Organic Social,/,Home,27,34,66,0.608,157.6,1.95,0,0
2025-03-28,Organic Social,/products,Products,22,29,65,0.4855,136.8,2.23,0,1
2025-03-28,Organic Social,/pricing,Pricing,7,10,29,0.3317,118.7,2.9,0,1
2025-03-28,Organic Social,/blog,Blog,13,16,17,0.6259,86.5,1.07,0,0
2025-03-28,Organic Social,/product-a,Product A,9,11,29,0.5046,106.4,2.61,0,0
2025-03-28,Organic Social,/product-b,Product B,8,9,26,0.6105,112.0,2.86,0,1
2025-03-28,Organic Social,/contact,Contact,7,11,23,0.4797,92.8,2.11,1,0
2025-03-28,Organic Social,/signup,Signup,7,9,12,0.3623,136.6,1.28,0,2
2025-03-28,Organic Social,/checkout,Checkout,9,12,25,0.3814,176.4,2.11,0,0
2025-03-28,Organic Social,/thank-you,Thank You,3,4,7,0.3251,90.2,1.7,0,0
2025-03-28,Paid Social,/,Home,12,13,16,0.7182,82.9,1.23,0,0
2025-03-28,Paid Social,/products,Products,16,18,35,0.5245,31.5,1.95,2,0
2025-03-28,Paid Social,/pricing,Pricing,8,12,30,0.5795,97.2,2.51,0,1
2025-03-28,Paid Social,/blog,Blog,12,14,18,0.6218,132.4,1.3,0,0
2025-03-28,Paid Social,/product-a,Product A,6,8,23,0.5947,146.9,2.91,0,0
2025-03-28,Paid Social,/product-b,Product B,5,6,13,0.6895,80.7,2.13,0,1
2025-03-28,Paid Social,/contact,Contact,4,6,11,0.5185,103.7,1.88,0,0
2025-03-28,Paid Social,/signup,Signup,7,10,16,0.3975,114.5,1.59,0,1
2025-03-28,Paid Social,/checkout,Checkout,4,5,9,0.4242,76.2,1.72,0,0
2025-03-28,Paid Social,/thank-you,Thank You,2,3,3,0.4345,45.0,1.13,1,0
2025-03-28,Email,/,Home,15,18,41,0.2776,224.2,2.25,2,3
2025-03-28,Email,/products,Products,9,14,60,0.1776,252.8,4.27,0,2
2025-03-28,Email,/pricing,Pricing,4,7,46,0.229,207.1,6.6,0,1
2025-03-28,Email,/blog,Blog,12,14,41,0.4543,167.5,2.96,0,0
2025-03-28,Email,/product-a,Product A,6,8,26,0.1867,171.4,3.25,1,1
2025-03-28,Email,/product-b,Product B,6,9,40,0.1932,239.0,4.45,1,0
2025-03-28,Email,/contact,Contact,3,5,11,0.2242,163.5,2.3,0,0
2025-03-28,Email,/signup,Signup,2,4,10,0.2127,245.5,2.52,0,3
2025-03-28,Email,/checkout,Checkout,2,4,15,0.08,257.1,3.82,1,1
2025-03-28,Email,/thank-you,Thank You,2,3,10,0.08,197.0,3.17,0,0
2025-03-29,Organic Search,/,Home,14,19,44,0.423,143.8,2.29,0,2
2025-03-29,Organic Search,/products,Products,15,23,84,0.2349,173.7,3.67,0,3
2025-03-29,Organic Search,/pricing,Pricing,15,18,56,0.1835,242.1,3.13,0,2
2025-03-29,Organic Search,/blog,Blog,14,19,49,0.4049,133.2,2.58,0,4
2025-03-29,Organic Search,/product-a,Product A,6,9,26,0.3274,169.5,2.85,1,1
2025-03-29,Organic Search,/product-b,Product B,9,13,45,0.3269,202.9,3.49,1,0
2025-03-29,Organic Search,/contact,Contact,6,9,23,0.1887,86.8,2.53,0,0
2025-03-29,Organic Search,/signup,Signup,10,11,32,0.08,183.5,2.91,1,1
2025-03-29,Organic Search,/checkout,Checkout,9,12,38,0.1776,208.4,3.13,0,1
2025-03-29,Organic Search,/thank-you,Thank You,5,6,15,0.1841,106.4,2.49,2,0
2025-03-29,Paid Search,/,Home,19,21,43,0.49,166.9,2.06,0,4
2025-03-29,Paid Search,/products,Products,8,10,24,0.501,109.9,2.36,0,2
2025-03-29,Paid Search,/pricing,Pricing,6,8,17,0.4999,170.6,2.13,0,0
2025-03-29,Paid Search,/blog,Blog,9,12,20,0.5689,190.2,1.67,0,0
2025-03-29,Paid Search,/product-a,Product A,9,11,36,0.5215,176.3,3.3,1,0
2025-03-29,Paid Search,/product-b,Product B,7,8,24,0.5424,167.3,3.04,0,0
2025-03-29,Paid Search,/contact,Contact,5,7,20,0.3281,129.1,2.9,1,1
2025-03-29,Paid Search,/signup,Signup,4,7,15,0.3737,144.1,2.2,0,0
2025-03-29,Paid Search,/checkout,Checkout,3,5,11,0.1967,217.7,2.25,2,1
2025-03-29,Paid Search,/thank-you,Thank You,2,4,12,0.2144,159.1,2.92,1,0
2025-03-29,Direct,/,Home,14,18,42,0.5219,128.4,2.35,1,0
2025-03-29,Direct,/products,Products,10,13,37,0.3905,137.6,2.82,0,0
2025-03-29,Direct,/pricing,Pricing,6,9,26,0.386,173.0,2.9,0,1
2025-03-29,Direct,/blog,Blog,9,13,33,0.5964,124.4,2.55,0,0
2025-03-29,Direct,/product-a,Product A,7,10,42,0.3428,229.6,4.2,1,0
2025-03-29,Direct,/product-b,Product B,5,7,29,0.4963,181.4,4.09,0,0
2025-03-29,Direct,/contact,Contact,5,8,25,0.3534,124.4,3.08,0,0
2025-03-29,Direct,/signup,Signup,6,9,23,0.2922,127.7,2.54,1,0
2025-03-29,Direct,/checkout,Checkout,7,10,23,0.1511,151.0,2.26,1,0
2025-03-29,Direct,/thank-you,Thank You,4,6,17,0.2541,153.7,2.76,0,1
2025-03-29,Referral,/,Home,8,10,34,0.4331,205.7,3.44,0,0
2025-03-29,Referral,/products,Products,8,10,36,0.2928,92.2,3.57,0,1
2025-03-29,Referral,/pricing,Pricing,4,5,24,0.3103,221.7,4.8,0,0
2025-03-29,Referral,/blog,Blog,7,10,26,0.3749,169.6,2.61,1,0
2025-03-29,Referral,/product-a,Product A,4,6,19,0.3959,204.7,3.18,1,0
2025-03-29,Referral,/product-b,Product B,3,4,18,0.2871,254.6,4.45,0,0
2025-03-29,Referral,/contact,Contact,4,6,17,0.3269,184.9,2.77,1,0
2025-03-29,Referral,/signup,Signup,3,5,16,0.1844,199.9,3.17,1,1
2025-03-29,Referral,/checkout,Checkout,4,6,19,0.1,258.5,3.09,0,1
2025-03-29,Referral,/thank-you,Thank You,1,2,6,0.08,219.5,2.92,1,0
2025-03-29,Organic Social,/,Home,4,6,11,0.6071,87.1,1.82,0,0
2025-03-29,Organic Social,/products,Products,5,6,21,0.6154,162.5,3.44,0,0
2025-03-29,Organic Social,/pricing,Pricing,2,3,7,0.4978,149.8,2.46,0,0
2025-03-29,Organic Social,/blog,Blog,4,5,12,0.7145,142.9,2.38,0,1
2025-03-29,Organic Social,/product-a,Product A,4,5,14,0.6359,131.5,2.83,0,0
2025-03-29,Organic Social,/product-b,Product B,3,4,12,0.4989,176.6,3.07,0,0
2025-03-29,Organic Social,/contact,Contact,2,4,7,0.3904,123.0,1.83,0,0
2025-03-29,Organic Social,/signup,Signup,2,3,6,0.2991,34.7,1.95,0,0
2025-03-29,Organic Social,/checkout,Checkout,2,3,6,0.4316,120.9,2.01,0,0
2025-03-29,Organic Social,/thank-you,Thank You,1,1,2,0.377,88.8,1.92,0,0
2025-03-29,Paid Social,/,Home,5,6,7,0.638,109.1,1.24,0,1
2025-03-29,Paid Social,/products,Products,3,5,5,0.55,64.6,1.1,0,0
2025-03-29,Paid Social,/pricing,Pricing,2,3,6,0.64,89.4,2.14,0,0
2025-03-29,Paid Social,/blog,Blog,4,5,12,0.7895,61.1,2.44,0,0
2025-03-29,Paid Social,/product-a,Product A,2,3,8,0.5313,122.1,2.67,0,0
2025-03-29,Paid Social,/product-b,Product B,3,4,9,0.4918,113.9,2.13,0,0
2025-03-29,Paid Social,/contact,Contact,2,3,3,0.5237,99.8,1.0,0,0
2025-03-29,Paid Social,/signup,Signup,3,4,4,0.4317,101.1,1.05,0,1
2025-03-29,Paid Social,/checkout,Checkout,1,2,2,0.3802,132.9,1.0,0,0
2025-03-29,Paid Social,/thank-you,Thank You,1,1,2,0.3442,78.1,1.67,0,0
2025-03-29,Email,/,Home,3,5,15,0.3998,203.8,3.03,0,1
2025-03-29,Email,/products,Products,2,4,17,0.2889,286.0,4.33,0,0
2025-03-29,Email,/pricing,Pricing,1,1,4,0.2817,195.5,3.74,0,0
2025-03-29,Email,/blog,Blog,2,3,10,0.4773,272.9,3.35,0,1
2025-03-29,Email,/product-a,Product A,1,2,6,0.238,238.8,3.07,0,0
2025-03-29,Email,/product-b,Product B,1,2,8,0.2301,214.9,4.0,0,0
2025-03-29,Email,/contact,Contact,1,2,6,0.3113,195.7,2.85,0,0
2025-03-29,Email,/signup,Signup,1,1,2,0.1575,207.9,2.41,0,1
2025-03-29,Email,/checkout,Checkout,1,1,3,0.1563,199.8,3.45,0,0
2025-03-30,Organic Search,/,Home,49,64,136,0.3114,100.0,2.12,4,5
2025-03-30,Organic Search,/products,Products,43,50,138,0.3571,205.0,2.76,3,1
2025-03-30,Organic Search,/pricing,Pricing,22,32,77,0.3224,198.5,2.39,1,3
2025-03-30,Organic Search,/blog,Blog,30,35,121,0.4481,114.8,3.45,1,0
2025-03-30,Organic Search,/product-a,Product A,21,24,77,0.4081,166.9,3.22,2,2
2025-03-30,Organic Search,/product-b,Product B,13,18,72,0.2971,265.3,3.99,1,0
2025-03-30,Organic Search,/contact,Contact,11,15,31,0.2775,131.7,2.08,1,0
2025-03-30,Organic Search,/signup,Signup,15,17,52,0.2316,173.3,3.05,2,2
2025-03-30,Organic Search,/checkout,Checkout,16,24,65,0.1185,202.9,2.72,3,2
2025-03-30,Organic Search,/thank-you,Thank You,6,8,27,0.08,160.0,3.4,2,2
2025-03-30,Paid Search,/,Home,31,39,83,0.5633,98.6,2.13,3,4
2025-03-30,Paid Search,/products,Products,20,29,97,0.4463,110.8,3.35,0,1
2025-03-30,Paid Search,/pricing,Pricing,17,21,61,0.3865,111.1,2.89,1,3
2025-03-30,Paid Search,/blog,Blog,13,17,26,0.6088,103.2,1.51,1,1
2025-03-30,Paid Search,/product-a,Product A,23,26,108,0.5173,151.6,4.14,2,1
2025-03-30,Paid Search,/product-b,Product B,16,21,56,0.4237,209.0,2.69,1,0
2025-03-30,Paid Search,/contact,Contact,11,14,42,0.4152,113.4,3.03,2,0
2025-03-30,Paid Search,/signup,Signup,13,15,27,0.1743,150.9,1.79,0,2
2025-03-30,Paid Search,/checkout,Checkout,11,17,35,0.3161,138.1,2.03,2,3
2025-03-30,Paid Search,/thank-you,Thank You,4,6,16,0.1479,133.9,2.61,1,3
2025-03-30,Direct,/,Home,24,30,66,0.493,166.4,2.21,1,3
2025-03-30,Direct,/products,Products,31,35,120,0.5028,172.8,3.42,0,3
2025-03-30,Direct,/pricing,Pricing,15,22,64,0.391,201.2,2.9,0,3
2025-03-30,Direct,/blog,Blog,25,27,75,0.5404,146.9,2.79,1,0
2025-03-30,Direct,/product-a,Product A,19,27,100,0.3943,226.7,3.71,1,0
2025-03-30,Direct,/product-b,Product B,10,13,41,0.3991,224.9,3.13,1,3
2025-03-30,Direct,/contact,Contact,13,18,57,0.295,133.3,3.18,0,0
2025-03-30,Direct,/signup,Signup,16,18,46,0.1138,102.9,2.54,3,1
2025-03-30,Direct,/checkout,Checkout,14,16,46,0.2462,180.5,2.87,3,3
2025-03-30,Direct,/thank-you,Thank You,4,6,18,0.1978,139.5,2.92,0,1
2025-03-30,Referral,/,Home,22,28,102,0.4481,171.1,3.63,0,2
2025-03-30,Referral,/products,Products,12,15,55,0.2712,232.4,3.69,0,1
2025-03-30,Referral,/pricing,Pricing,10,14,62,0.2005,175.6,4.44,0,1
2025-03-30,Referral,/blog,Blog,6,8,28,0.4205,169.6,3.49,0,0
2025-03-30,Referral,/product-a,Product A,11,13,55,0.301,232.5,4.24,0,2
2025-03-30,Referral,/product-b,Product B,5,7,34,0.2969,205.1,4.83,0,0
2025-03-30,Referral,/contact,Contact,4,7,24,0.2345,199.3,3.45,1,0
2025-03-30,Referral,/signup,Signup,3,5,14,0.1028,211.2,2.77,1,0
2025-03-30,Referral,/checkout,Checkout,4,5,11,0.1864,221.4,2.29,1,0
2025-03-30,Referral,/thank-you,Thank You,3,4,12,0.08,241.6,3.04,0,0
2025-03-30,Organic Social,/,Home,16,18,30,0.6151,111.1,1.65,0,0
2025-03-30,Organic Social,/products,Products,14,17,38,0.4503,65.9,2.23,1,0
2025-03-30,Organic Social,/pricing,Pricing,9,11,26,0.5133,154.1,2.35,0,0
2025-03-30,Organic Social,/blog,Blog,7,9,21,0.6605,65.9,2.34,1,0
2025-03-30,Organic Social,/product-a,Product A,9,12,40,0.541,94.9,3.37,0,0
2025-03-30,Organic Social,/product-b,Product B,6,8,28,0.4735,87.9,3.55,0,0
2025-03-30,Organic Social,/contact,Contact,6,9,22,0.3971,117.0,2.5,0,2
2025-03-30,Organic Social,/signup,Signup,4,6,11,0.3316,85.9,1.83,0,1
2025-03-30,Organic Social,/checkout,Checkout,4,6,16,0.2405,133.7,2.71,0,0
2025-03-30,Organic Social,/thank-you,Thank You,3,5,6,0.3325,119.8,1.25,0,1
2025-03-30,Paid Social,/,Home,18,21,33,0.7025,106.6,1.58,2,1
2025-03-30,Paid Social,/products,Products,9,13,37,0.5644,110.2,2.82,0,0
2025-03-30,Paid Social,/pricing,Pricing,7,9,23,0.5676,114.0,2.58,0,0
2025-03-30,Paid Social,/blog,Blog,5,7,11,0.6666,79.7,1.58,0,0
2025-03-30,Paid Social,/product-a,Product A,5,6,18,0.5399,123.9,3.01,0,0
2025-03-30,Paid Social,/product-b,Product B,5,6,14,0.6444,128.0,2.27,0,0
2025-03-30,Paid Social,/contact,Contact,5,6,16,0.5542,109.6,2.71,1,0
2025-03-30,Paid Social,/signup,Signup,6,7,10,0.3968,117.3,1.38,0,0
2025-03-30,Paid Social,/checkout,Checkout,3,4,8,0.4652,113.2,2.05,0,0
2025-03-30,Paid Social,/thank-you,Thank You,1,2,4,0.3341,103.5,2.12,0,0
2025-03-30,Email,/,Home,8,11,39,0.4007,170.4,3.56,0,0
2025-03-30,Email,/products,Products,6,7,21,0.3211,249.0,3.06,0,1
2025-03-30,Email,/pricing,Pricing,4,6,28,0.3616,221.1,4.62,0,0
2025-03-30,Email,/blog,Blog,5,7,22,0.3554,175.9,3.1,0,0
2025-03-30,Email,/product-a,Product A,3,4,15,0.2866,233.1,3.72,0,1
2025-03-30,Email,/product-b,Product B,2,4,19,0.2432,233.6,4.67,0,0
2025-03-30,Email,/contact,Contact,2,3,12,0.2648,247.7,3.88,1,0
2025-03-30,Email,/signup,Signup,2,3,12,0.08,195.8,4.13,1,1
2025-03-30,Email,/checkout,Checkout,2,3,8,0.12,238.5,2.69,0,0
2025-03-30,Email,/thank-you,Thank You,1,1,3,0.1717,258.4,3.18,0,0
2025-03-31,Organic Search,/,Home,32,42,78,0.5337,205.9,1.85,0,3
2025-03-31,Organic Search,/products,Products,22,28,99,0.3849,137.2,3.54,1,1
2025-03-31,Organic Search,/pricing,Pricing,17,25,74,0.2732,166.9,2.95,0,1
2025-03-31,Organic Search,/blog,Blog,22,30,80,0.4738,118.7,2.68,2,2
2025-03-31,Organic Search,/product-a,Product A,16,21,54,0.3442,244.8,2.55,1,1
2025-03-31,Organic Search,/product-b,Product B,16,20,75,0.3971,170.1,3.73,2,3
2025-03-31,Organic Search,/contact,Contact,15,17,48,0.1752,186.1,2.85,3,1
2025-03-31,Organic Search,/signup,Signup,22,25,71,0.08,152.6,2.84,7,1
2025-03-31,Organic Search,/checkout,Checkout,10,13,41,0.1621,202.8,3.16,3,1
2025-03-31,Organic Search,/thank-you,Thank You,12,14,40,0.08,166.8,2.83,5,2
2025-03-31,Paid Search,/,Home,46,63,187,0.5574,173.7,2.97,6,4
2025-03-31,Paid Search,/products,Products,21,30,96,0.3759,140.9,3.2,1,0
2025-03-31,Paid Search,/pricing,Pricing,20,24,65,0.3823,171.5,2.7,0,4
2025-03-31,Paid Search,/blog,Blog,20,28,71,0.5864,70.3,2.52,1,3
2025-03-31,Paid Search,/product-a,Product A,15,19,54,0.3864,153.4,2.82,1,1
2025-03-31,Paid Search,/product-b,Product B,14,17,52,0.4027,127.8,3.04,0,2
2025-03-31,Paid Search,/contact,Contact,12,15,37,0.3469,153.2,2.46,0,3
2025-03-31,Paid Search,/signup,Signup,21,24,59,0.326,67.7,2.46,1,1
2025-03-31,Paid Search,/checkout,Checkout,14,20,53,0.2674,151.1,2.63,3,2
2025-03-31,Paid Search,/thank-you,Thank You,7,11,18,0.3715,66.4,1.6,4,2
2025-03-31,Direct,/,Home,42,50,132,0.4172,132.8,2.65,3,1
2025-03-31,Direct,/products,Products,17,19,62,0.3524,195.4,3.26,2,0
2025-03-31,Direct,/pricing,Pricing,11,16,39,0.4044,249.5,2.45,0,1
2025-03-31,Direct,/blog,Blog,15,20,39,0.5265,134.3,1.96,1,1
2025-03-31,Direct,/product-a,Product A,11,17,57,0.4066,125.8,3.37,0,2
2025-03-31,Direct,/product-b,Product B,12,17,71,0.3724,217.0,4.16,1,2
2025-03-31,Direct,/contact,Contact,8,9,24,0.378,116.2,2.69,0,1
2025-03-31,Direct,/signup,Signup,8,11,46,0.1673,92.8,4.15,2,1
2025-03-31,Direct,/checkout,Checkout,11,14,34,0.2417,139.7,2.45,0,1
2025-03-31,Direct,/thank-you,Thank You,9,10,27,0.1723,113.7,2.67,0,0
2025-03-31,Referral,/,Home,12,13,49,0.4571,138.1,3.78,1,1
2025-03-31,Referral,/products,Products,12,17,79,0.2728,147.0,4.68,1,2
2025-03-31,Referral,/pricing,Pricing,9,12,50,0.2402,183.6,4.17,0,2
2025-03-31,Referral,/blog,Blog,11,15,35,0.4688,157.8,2.36,1,3
2025-03-31,Referral,/product-a,Product A,8,12,39,0.1953,201.4,3.25,0,2
2025-03-31,Referral,/product-b,Product B,6,9,39,0.3574,192.4,4.34,0,2
2025-03-31,Referral,/contact,Contact,6,8,22,0.2195,219.5,2.73,2,0
2025-03-31,Referral,/signup,Signup,6,8,27,0.1596,158.0,3.33,1,2
2025-03-31,Referral,/checkout,Checkout,5,8,18,0.1139,280.4,2.28,2,2
2025-03-31,Referral,/thank-you,Thank You,2,3,12,0.08,181.2,3.84,0,0
2025-03-31,Organic Social,/,Home,16,23,23,0.6485,80.2,1.0,0,0
2025-03-31,Organic Social,/products,Products,11,13,45,0.4982,86.4,3.48,0,0
2025-03-31,Organic Social,/pricing,Pricing,10,14,26,0.43,175.3,1.82,0,0
2025-03-31,Organic Social,/blog,Blog,9,11,15,0.5486,99.1,1.34,0,1
2025-03-31,Organic Social,/product-a,Product A,7,8,19,0.53,63.3,2.35,0,0
2025-03-31,Organic Social,/product-b,Product B,5,7,20,0.5644,137.7,2.88,0,0
2025-03-31,Organic Social,/contact,Contact,5,8,12,0.3651,98.4,1.55,0,0
2025-03-31,Organic Social,/signup,Signup,7,10,19,0.4489,127.7,1.95,0,0
2025-03-31,Organic Social,/checkout,Checkout,5,8,13,0.4112,102.7,1.59,1,1
2025-03-31,Organic Social,/thank-you,Thank You,3,5,12,0.3782,24.9,2.32,2,1
2025-03-31,Paid Social,/,Home,12,13,23,0.7094,65.3,1.76,0,0
2025-03-31,Paid Social,/products,Products,7,9,22,0.6815,88.3,2.42,0,0
2025-03-31,Paid Social,/pricing,Pricing,5,8,14,0.6093,144.9,1.74,0,0
2025-03-31,Paid Social,/blog,Blog,7,8,17,0.6823,94.1,2.12,0,0
2025-03-31,Paid Social,/product-a,Product A,5,6,18,0.5035,173.4,3.08,0,0
2025-03-31,Paid Social,/product-b,Product B,2,3,8,0.6072,66.1,2.53,0,1
2025-03-31,Paid Social,/contact,Contact,2,3,8,0.4777,107.8,2.55,0,0
2025-03-31,Paid Social,/signup,Signup,4,7,13,0.4916,86.7,1.86,1,0
2025-03-31,Paid Social,/checkout,Checkout,4,5,9,0.4369,63.0,1.82,0,1
2025-03-31,Paid Social,/thank-you,Thank You,2,3,5,0.445,83.2,1.69,0,0
2025-03-31,Email,/,Home,7,10,24,0.387,197.9,2.43,0,1
2025-03-31,Email,/products,Products,6,8,37,0.2914,214.1,4.6,0,0
2025-03-31,Email,/pricing,Pricing,4,5,19,0.1877,215.1,3.88,0,0
2025-03-31,Email,/blog,Blog,6,9,30,0.313,161.1,3.37,2,2
2025-03-31,Email,/product-a,Product A,4,5,21,0.2821,251.7,4.29,0,0
2025-03-31,Email,/product-b,Product B,3,5,19,0.3455,226.9,3.7,0,1
2025-03-31,Email,/contact,Contact,2,3,9,0.1388,173.2,3.13,1,0
2025-03-31,Email,/signup,Signup,3,5,17,0.1559,205.0,3.37,0,1
2025-03-31,Email,/checkout,Checkout,2,4,13,0.08,254.9,3.34,0,1
2025-03-31,Email,/thank-you,Thank You,1,2,6,0.08,167.1,3.07,1,0
